class_id,fund_id,class_code,class_name_raw,class_name_normalized,account_type,channel,front_load,back_load,management_fee,sales_fee,trust_fee,admin_fee,total_fee,total_expense_ratio,class_inception_date,class_inception_status,source_doc_id,source_page,source_text
CLASS000001,FUND000001,CK139,수수료선취-오프라인(A),A,일반,오프라인,0.2,0,0.09,0.2,0.01,0.01,0.31,0.3122,2019-07-30,ESTABLISHED,DOC000001,8|29|30|46,"[p.8] 수수료선취-오프라인(A) / 펀드코드 CK139 | [p.29|30] 연간 보수(%): 운용 0.09, 판매 0.2, 수탁 0.01, 사무관리 0.01, 총보수 0.31, 총보수·비용 0.3122; [p.46] 클래스 최초설정일 2019-07-30 (ESTABLISHED)"
CLASS000002,FUND000001,CK140,수수료선취-온라인(Ae),Ae,일반,온라인,0.1,0,0.09,0.1,0.01,0.01,0.21,0.2123,2019-08-01,ESTABLISHED,DOC000001,8|29|30|46,"[p.8] 수수료선취-온라인(Ae) / 펀드코드 CK140 | [p.29|30] 연간 보수(%): 운용 0.09, 판매 0.1, 수탁 0.01, 사무관리 0.01, 총보수 0.21, 총보수·비용 0.2123; [p.46] 클래스 최초설정일 2019-08-01 (ESTABLISHED)"
CLASS000003,FUND000001,CK141,수수료미징구-오프라인(C),C,일반,오프라인,0,0,0.09,0.3,0.01,0.01,0.41,0.4124,2019-07-30,ESTABLISHED,DOC000001,8|29|30|46,"[p.8] 수수료미징구-오프라인(C) / 펀드코드 CK141 | [p.29|30] 연간 보수(%): 운용 0.09, 판매 0.3, 수탁 0.01, 사무관리 0.01, 총보수 0.41, 총보수·비용 0.4124; [p.46] 클래스 최초설정일 2019-07-30 (ESTABLISHED)"
CLASS000004,FUND000001,CK142,수수료미징구-온라인(Ce),Ce,일반,온라인,0,0,0.09,0.15,0.01,0.01,0.26,0.2623,2019-07-30,ESTABLISHED,DOC000001,8|29|30|46,"[p.8] 수수료미징구-온라인(Ce) / 펀드코드 CK142 | [p.29|30] 연간 보수(%): 운용 0.09, 판매 0.15, 수탁 0.01, 사무관리 0.01, 총보수 0.26, 총보수·비용 0.2623; [p.46] 클래스 최초설정일 2019-07-30 (ESTABLISHED)"
CLASS000005,FUND000001,CK143,수수료미징구-오프라인-개인연금(C-P1),C-P1,연금저축,오프라인,0,0,0.09,0.25,0.01,0.01,0.36,0.3624,2019-08-22,ESTABLISHED,DOC000001,8|29|30|47,"[p.8] 수수료미징구-오프라인-개인연금(C-P1) / 펀드코드 CK143 | [p.29|30] 연간 보수(%): 운용 0.09, 판매 0.25, 수탁 0.01, 사무관리 0.01, 총보수 0.36, 총보수·비용 0.3624; [p.47] 클래스 최초설정일 2019-08-22 (ESTABLISHED)"
CLASS000006,FUND000001,CK144,수수료미징구-온라인-개인연금(C-Pe1),C-Pe1,연금저축,온라인,0,0,0.09,0.125,0.01,0.01,0.235,0.2373,2019-10-21,ESTABLISHED,DOC000001,8|29|30|47,"[p.8] 수수료미징구-온라인-개인연금(C-Pe1) / 펀드코드 CK144 | [p.29|30] 연간 보수(%): 운용 0.09, 판매 0.125, 수탁 0.01, 사무관리 0.01, 총보수 0.235, 총보수·비용 0.2373; [p.47] 클래스 최초설정일 2019-10-21 (ESTABLISHED)"
CLASS000007,FUND000001,CK145,수수료미징구-오프라인-퇴직연금(C-P2),C-P2,퇴직연금,오프라인,0,0,0.09,0.24,0.01,0.01,0.35,0.3524,2020-08-27,ESTABLISHED,DOC000001,8|29|30|47,"[p.8] 수수료미징구-오프라인-퇴직연금(C-P2) / 펀드코드 CK145 | [p.29|30] 연간 보수(%): 운용 0.09, 판매 0.24, 수탁 0.01, 사무관리 0.01, 총보수 0.35, 총보수·비용 0.3524; [p.47] 클래스 최초설정일 2020-08-27 (ESTABLISHED)"
CLASS000008,FUND000001,CK146,수수료미징구-온라인-퇴직연금(C-Pe2),C-Pe2,퇴직연금,온라인,0,0,0.09,0.12,0.01,0.01,0.23,0.2324,2019-09-04,ESTABLISHED,DOC000001,8|29|30|47,"[p.8] 수수료미징구-온라인-퇴직연금(C-Pe2) / 펀드코드 CK146 | [p.29|30] 연간 보수(%): 운용 0.09, 판매 0.12, 수탁 0.01, 사무관리 0.01, 총보수 0.23, 총보수·비용 0.2324; [p.47] 클래스 최초설정일 2019-09-04 (ESTABLISHED)"
CLASS000009,FUND000001,CK147,수수료미징구-오프라인-기관(C-F),C-F,일반,오프라인,0,0,0.09,0.02,0.01,0.01,0.13,0.1324,2020-05-14,ESTABLISHED,DOC000001,8|29|30|47,"[p.8] 수수료미징구-오프라인-기관(C-F) / 펀드코드 CK147 | [p.29|30] 연간 보수(%): 운용 0.09, 판매 0.02, 수탁 0.01, 사무관리 0.01, 총보수 0.13, 총보수·비용 0.1324; [p.47] 클래스 최초설정일 2020-05-14 (ESTABLISHED)"
CLASS000010,FUND000001,CV513,수수료후취-온라인슈퍼(S),S,일반,온라인슈퍼,0,0.15,0.09,0.1,0.01,0.01,0.21,0.21,2019-11-19,ESTABLISHED,DOC000001,8|29|30|47,"[p.8] 수수료후취-온라인슈퍼(S) / 펀드코드 CV513 | [p.29|30] 연간 보수(%): 운용 0.09, 판매 0.1, 수탁 0.01, 사무관리 0.01, 총보수 0.21, 총보수·비용 0.21; [p.47] 클래스 최초설정일 2019-11-19 (ESTABLISHED)"
CLASS000011,FUND000001,CV514,수수료미징구-온라인슈퍼-개인연금(S-P),S-P,연금저축,온라인슈퍼,0,0,0.09,0.075,0.01,0.01,0.185,0.185,2019-10-29,ESTABLISHED,DOC000001,8|29|30|47,"[p.8] 수수료미징구-온라인슈퍼-개인연금(S-P) / 펀드코드 CV514 | [p.29|30] 연간 보수(%): 운용 0.09, 판매 0.075, 수탁 0.01, 사무관리 0.01, 총보수 0.185, 총보수·비용 0.185; [p.47] 클래스 최초설정일 2019-10-29 (ESTABLISHED)"
CLASS000012,FUND000001,CV515,수수료미징구-오프라인-랩(C-W),C-W,일반,오프라인,0,0,0.09,0,0.01,0.01,0.11,0.11,2020-08-21,ESTABLISHED,DOC000001,8|29|30|47,"[p.8] 수수료미징구-오프라인-랩(C-W) / 펀드코드 CV515 | [p.29|30] 연간 보수(%): 운용 0.09, 판매 0, 수탁 0.01, 사무관리 0.01, 총보수 0.11, 총보수·비용 0.11; [p.47] 클래스 최초설정일 2020-08-21 (ESTABLISHED)"
CLASS000013,FUND000001,CV596,수수료선취-오프라인(A2),A2,일반,오프라인,0.4,0,0.09,0.05,0.01,0.01,0.16,0.1614,2020-08-26,ESTABLISHED,DOC000001,8|29|30|48,"[p.8] 수수료선취-오프라인(A2) / 펀드코드 CV596 | [p.29|30] 연간 보수(%): 운용 0.09, 판매 0.05, 수탁 0.01, 사무관리 0.01, 총보수 0.16, 총보수·비용 0.1614; [p.48] 클래스 최초설정일 2020-08-26 (ESTABLISHED)"
CLASS000014,FUND000001,DA819,수수료미징구-오프라인-고액(C-I),C-I,일반,오프라인,0,0,0.09,0.03,0.01,0.01,0.14,0.14,2021-05-26,ESTABLISHED,DOC000001,8|29|30|48,"[p.8] 수수료미징구-오프라인-고액(C-I) / 펀드코드 DA819 | [p.29|30] 연간 보수(%): 운용 0.09, 판매 0.03, 수탁 0.01, 사무관리 0.01, 총보수 0.14, 총보수·비용 0.14; [p.48] 클래스 최초설정일 2021-05-26 (ESTABLISHED)"
CLASS000015,FUND000001,DQ387,수수료미징구-오프라인-고액(C-I2),C-I2,일반,오프라인,0,0,0.09,0.02,0.01,0.01,0.13,0.13,2021-12-24,ESTABLISHED,DOC000001,8|29|30|48,"[p.8] 수수료미징구-오프라인-고액(C-I2) / 펀드코드 DQ387 | [p.29|30] 연간 보수(%): 운용 0.09, 판매 0.02, 수탁 0.01, 사무관리 0.01, 총보수 0.13, 총보수·비용 0.13; [p.48] 클래스 최초설정일 2021-12-24 (ESTABLISHED)"
CLASS000016,FUND000002,93984,수수료선취-오프라인(A1),A1,일반,오프라인,1,0,0.65,0.9,0.03,0.02,1.6,1.602,2009-04-20,ESTABLISHED,DOC000002,8|30|31|47,"[p.8] 수수료선취-오프라인(A1) / 펀드코드 93984 | [p.30|31] 연간 보수(%): 운용 0.65, 판매 0.9, 수탁 0.03, 사무관리 0.02, 총보수 1.6, 총보수·비용 1.602; [p.47] 클래스 최초설정일 2009-04-20 (ESTABLISHED)"
CLASS000017,FUND000002,AP841,수수료선취-온라인(Ae),Ae,일반,온라인,0.5,0,0.65,0.45,0.03,0.02,1.15,1.152,2014-06-11,ESTABLISHED,DOC000002,8|30|31|48,"[p.8] 수수료선취-온라인(Ae) / 펀드코드 AP841 | [p.30|31] 연간 보수(%): 운용 0.65, 판매 0.45, 수탁 0.03, 사무관리 0.02, 총보수 1.15, 총보수·비용 1.152; [p.48] 클래스 최초설정일 2014-06-11 (ESTABLISHED)"
CLASS000018,FUND000002,93985,수수료미징구-오프라인-보수체감(C1),C1,일반,오프라인,0,0,0.65,1.5,0.03,0.02,2.2,2.202,2015-07-24,ESTABLISHED,DOC000002,8|30|31|47,"[p.8] 수수료미징구-오프라인-보수체감(C1) / 펀드코드 93985 | [p.30|31] 연간 보수(%): 운용 0.65, 판매 1.5, 수탁 0.03, 사무관리 0.02, 총보수 2.2, 총보수·비용 2.202; [p.47] 클래스 최초설정일 2015-07-24 (ESTABLISHED)"
CLASS000019,FUND000002,93986,수수료미징구-오프라인-보수체감(C2),C2,일반,오프라인,0,0,0.65,1.35,0.03,0.02,2.05,2.052,2010-04-21,ESTABLISHED,DOC000002,8|30|31|47,"[p.8] 수수료미징구-오프라인-보수체감(C2) / 펀드코드 93986 | [p.30|31] 연간 보수(%): 운용 0.65, 판매 1.35, 수탁 0.03, 사무관리 0.02, 총보수 2.05, 총보수·비용 2.052; [p.47] 클래스 최초설정일 2010-04-21 (ESTABLISHED)"
CLASS000020,FUND000002,93987,수수료미징구-오프라인-보수체감(C3),C3,일반,오프라인,0,0,0.65,1.2,0.03,0.02,1.9,1.902,2018-02-28,ESTABLISHED,DOC000002,8|30|31|47,"[p.8] 수수료미징구-오프라인-보수체감(C3) / 펀드코드 93987 | [p.30|31] 연간 보수(%): 운용 0.65, 판매 1.2, 수탁 0.03, 사무관리 0.02, 총보수 1.9, 총보수·비용 1.902; [p.47] 클래스 최초설정일 2018-02-28 (ESTABLISHED)"
CLASS000021,FUND000002,93988,수수료미징구-오프라인-보수체감(C4),C4,일반,오프라인,0,0,0.65,1,0.03,0.02,1.7,1.702,2012-04-23,ESTABLISHED,DOC000002,8|30|31|47,"[p.8] 수수료미징구-오프라인-보수체감(C4) / 펀드코드 93988 | [p.30|31] 연간 보수(%): 운용 0.65, 판매 1, 수탁 0.03, 사무관리 0.02, 총보수 1.7, 총보수·비용 1.702; [p.47] 클래스 최초설정일 2012-04-23 (ESTABLISHED)"
CLASS000022,FUND000002,93989,수수료미징구-온라인(Ce),Ce,일반,온라인,0,0,0.65,0.9,0.03,0.02,1.6,1.602,2009-04-20,ESTABLISHED,DOC000002,8|30|31|47,"[p.8] 수수료미징구-온라인(Ce) / 펀드코드 93989 | [p.30|31] 연간 보수(%): 운용 0.65, 판매 0.9, 수탁 0.03, 사무관리 0.02, 총보수 1.6, 총보수·비용 1.602; [p.47] 클래스 최초설정일 2009-04-20 (ESTABLISHED)"
CLASS000023,FUND000002,45522,수수료미징구-오프라인-기관(C-F),C-F,일반,오프라인,0,0,0.65,0.03,0.03,0.02,0.73,0.732,2017-10-18,ESTABLISHED,DOC000002,8|30|31|47,"[p.8] 수수료미징구-오프라인-기관(C-F) / 펀드코드 45522 | [p.30|31] 연간 보수(%): 운용 0.65, 판매 0.03, 수탁 0.03, 사무관리 0.02, 총보수 0.73, 총보수·비용 0.732; [p.47] 클래스 최초설정일 2017-10-18 (ESTABLISHED)"
CLASS000024,FUND000002,BC287,수수료미징구-오프라인-랩(C-W),C-W,일반,오프라인,0,0,0.65,0,0.03,0.02,0.7,0.702,2017-11-15,ESTABLISHED,DOC000002,8|30|31|48,"[p.8] 수수료미징구-오프라인-랩(C-W) / 펀드코드 BC287 | [p.30|31] 연간 보수(%): 운용 0.65, 판매 0, 수탁 0.03, 사무관리 0.02, 총보수 0.7, 총보수·비용 0.702; [p.48] 클래스 최초설정일 2017-11-15 (ESTABLISHED)"
CLASS000025,FUND000002,BA223,수수료미징구-오프라인-개인연금(C-P1),C-P1,연금저축,오프라인,0,0,0.65,0.84,0.03,0.02,1.54,1.542,2016-01-19,ESTABLISHED,DOC000002,8|30|31|48,"[p.8] 수수료미징구-오프라인-개인연금(C-P1) / 펀드코드 BA223 | [p.30|31] 연간 보수(%): 운용 0.65, 판매 0.84, 수탁 0.03, 사무관리 0.02, 총보수 1.54, 총보수·비용 1.542; [p.48] 클래스 최초설정일 2016-01-19 (ESTABLISHED)"
CLASS000026,FUND000002,BT413,수수료미징구-온라인-개인연금(C-Pe1),C-Pe1,연금저축,온라인,0,0,0.65,0.42,0.03,0.02,1.12,1.122,2017-10-18,ESTABLISHED,DOC000002,8|30|31|48,"[p.8] 수수료미징구-온라인-개인연금(C-Pe1) / 펀드코드 BT413 | [p.30|31] 연간 보수(%): 운용 0.65, 판매 0.42, 수탁 0.03, 사무관리 0.02, 총보수 1.12, 총보수·비용 1.122; [p.48] 클래스 최초설정일 2017-10-18 (ESTABLISHED)"
CLASS000027,FUND000002,BA224,수수료미징구-오프라인-퇴직연금(C-P2),C-P2,퇴직연금,오프라인,0,0,0.65,0.6,0.03,0.02,1.3,1.302,2016-06-27,ESTABLISHED,DOC000002,8|30|31|48,"[p.8] 수수료미징구-오프라인-퇴직연금(C-P2) / 펀드코드 BA224 | [p.30|31] 연간 보수(%): 운용 0.65, 판매 0.6, 수탁 0.03, 사무관리 0.02, 총보수 1.3, 총보수·비용 1.302; [p.48] 클래스 최초설정일 2016-06-27 (ESTABLISHED)"
CLASS000028,FUND000002,BT414,수수료미징구-온라인-퇴직연금(C-Pe2),C-Pe2,퇴직연금,온라인,0,0,0.65,0.3,0.03,0.02,1,1.002,2017-08-07,ESTABLISHED,DOC000002,8|30|31|48,"[p.8] 수수료미징구-온라인-퇴직연금(C-Pe2) / 펀드코드 BT414 | [p.30|31] 연간 보수(%): 운용 0.65, 판매 0.3, 수탁 0.03, 사무관리 0.02, 총보수 1, 총보수·비용 1.002; [p.48] 클래스 최초설정일 2017-08-07 (ESTABLISHED)"
CLASS000029,FUND000002,AP842,수수료후취-온라인슈퍼(S),S,일반,온라인슈퍼,0,0.15,0.65,0.35,0.03,0.02,1.05,1.052,2014-04-23,ESTABLISHED,DOC000002,8|30|31|48,"[p.8] 수수료후취-온라인슈퍼(S) / 펀드코드 AP842 | [p.30|31] 연간 보수(%): 운용 0.65, 판매 0.35, 수탁 0.03, 사무관리 0.02, 총보수 1.05, 총보수·비용 1.052; [p.48] 클래스 최초설정일 2014-04-23 (ESTABLISHED)"
CLASS000030,FUND000002,BA225,수수료미징구-온라인슈퍼-개인연금(S-P),S-P,연금저축,온라인슈퍼,0,0,0.65,0.25,0.03,0.02,0.95,0.952,2016-06-30,ESTABLISHED,DOC000002,8|30|31|48,"[p.8] 수수료미징구-온라인슈퍼-개인연금(S-P) / 펀드코드 BA225 | [p.30|31] 연간 보수(%): 운용 0.65, 판매 0.25, 수탁 0.03, 사무관리 0.02, 총보수 0.95, 총보수·비용 0.952; [p.48] 클래스 최초설정일 2016-06-30 (ESTABLISHED)"
CLASS000031,FUND000002,CG144,수수료선취-오프라인-무권유저비용(AG),AG,일반,오프라인,0.7,0,0.65,0.63,0.03,0.02,1.33,1.33,,NOT_DISCLOSED,DOC000002,8|30|31|47|48,"[p.8] 수수료선취-오프라인-무권유저비용(AG) / 펀드코드 CG144 | [p.30|31] 연간 보수(%): 운용 0.65, 판매 0.63, 수탁 0.03, 사무관리 0.02, 총보수 1.33, 총보수·비용 1.33; [p.47|48] 클래스 최초설정일 - (NOT_DISCLOSED)"
CLASS000032,FUND000002,CG145,수수료미징구-오프라인-무권유저비용(CG),CG,일반,오프라인,0,0,0.65,0.945,0.03,0.02,1.645,1.645,,NOT_DISCLOSED,DOC000002,8|30|31|47|48,"[p.8] 수수료미징구-오프라인-무권유저비용(CG) / 펀드코드 CG145 | [p.30|31] 연간 보수(%): 운용 0.65, 판매 0.945, 수탁 0.03, 사무관리 0.02, 총보수 1.645, 총보수·비용 1.645; [p.47|48] 클래스 최초설정일 - (NOT_DISCLOSED)"
CLASS000033,FUND000002,D0680,"수수료미징구-오프라인-퇴직연금,고액(C-P2I)",C-P2I,퇴직연금,오프라인,0,0,0.65,0.27,0.03,0.02,0.97,0.97,,NOT_DISCLOSED,DOC000002,8|30|31|47|48,"[p.8] 수수료미징구-오프라인-퇴직연금,고액(C-P2I) / 펀드코드 D0680 | [p.30|31] 연간 보수(%): 운용 0.65, 판매 0.27, 수탁 0.03, 사무관리 0.02, 총보수 0.97, 총보수·비용 0.97; [p.47|48] 클래스 최초설정일 - (NOT_DISCLOSED)"
CLASS000034,FUND000002,EQ596,수수료미징구-오프라인-고액(C-I),C-I,일반,오프라인,0,0,0.65,0.01,0.03,0.02,0.71,0.71,,NOT_DISCLOSED,DOC000002,8|30|31|47|48,"[p.8] 수수료미징구-오프라인-고액(C-I) / 펀드코드 EQ596 | [p.30|31] 연간 보수(%): 운용 0.65, 판매 0.01, 수탁 0.03, 사무관리 0.02, 총보수 0.71, 총보수·비용 0.71; [p.47|48] 클래스 최초설정일 - (NOT_DISCLOSED)"
CLASS000035,FUND000003,AL421,수수료선취-오프라인(A),A,일반,오프라인,1,0,0.55,0.72,0.02,0.02,1.31,1.312,2013-10-02,ESTABLISHED,DOC000003,8|35|36|60,"[p.8] 수수료선취-오프라인(A) / 펀드코드 AL421 | [p.35|36] 연간 보수(%): 운용 0.55, 판매 0.72, 수탁 0.02, 사무관리 0.02, 총보수 1.31, 총보수·비용 1.312; [p.60] 클래스 최초설정일 2013-10-02 (ESTABLISHED)"
CLASS000036,FUND000003,AL426,수수료선취-온라인(Ae),Ae,일반,온라인,0.5,0,0.55,0.36,0.02,0.02,0.95,0.952,2013-10-24,ESTABLISHED,DOC000003,8|35|36|60,"[p.8] 수수료선취-온라인(Ae) / 펀드코드 AL426 | [p.35|36] 연간 보수(%): 운용 0.55, 판매 0.36, 수탁 0.02, 사무관리 0.02, 총보수 0.95, 총보수·비용 0.952; [p.60] 클래스 최초설정일 2013-10-24 (ESTABLISHED)"
CLASS000037,FUND000003,AL422,수수료미징구-오프라인-보수체감(C1),C1,일반,오프라인,0,0,0.55,1.5,0.02,0.02,2.09,2.092,2013-10-02,ESTABLISHED,DOC000003,8|35|36|60,"[p.8] 수수료미징구-오프라인-보수체감(C1) / 펀드코드 AL422 | [p.35|36] 연간 보수(%): 운용 0.55, 판매 1.5, 수탁 0.02, 사무관리 0.02, 총보수 2.09, 총보수·비용 2.092; [p.60] 클래스 최초설정일 2013-10-02 (ESTABLISHED)"
CLASS000038,FUND000003,AL423,수수료미징구-오프라인-보수체감(C2),C2,일반,오프라인,0,0,0.55,1.2,0.02,0.02,1.79,1.792,2014-10-02,ESTABLISHED,DOC000003,8|35|36|61,"[p.8] 수수료미징구-오프라인-보수체감(C2) / 펀드코드 AL423 | [p.35|36] 연간 보수(%): 운용 0.55, 판매 1.2, 수탁 0.02, 사무관리 0.02, 총보수 1.79, 총보수·비용 1.792; [p.61] 클래스 최초설정일 2014-10-02 (ESTABLISHED)"
CLASS000039,FUND000003,AL424,수수료미징구-오프라인-보수체감(C3),C3,일반,오프라인,0,0,0.55,0.8,0.02,0.02,1.39,1.392,2015-10-02,ESTABLISHED,DOC000003,8|35|36|61,"[p.8] 수수료미징구-오프라인-보수체감(C3) / 펀드코드 AL424 | [p.35|36] 연간 보수(%): 운용 0.55, 판매 0.8, 수탁 0.02, 사무관리 0.02, 총보수 1.39, 총보수·비용 1.392; [p.61] 클래스 최초설정일 2015-10-02 (ESTABLISHED)"
CLASS000040,FUND000003,AL425,수수료미징구-오프라인-보수체감(C4),C4,일반,오프라인,0,0,0.55,0.5,0.02,0.02,1.09,1.092,2016-10-10,ESTABLISHED,DOC000003,8|35|36|61,"[p.8] 수수료미징구-오프라인-보수체감(C4) / 펀드코드 AL425 | [p.35|36] 연간 보수(%): 운용 0.55, 판매 0.5, 수탁 0.02, 사무관리 0.02, 총보수 1.09, 총보수·비용 1.092; [p.61] 클래스 최초설정일 2016-10-10 (ESTABLISHED)"
CLASS000041,FUND000003,AL427,수수료미징구-온라인(Ce),Ce,일반,온라인,0,0,0.55,0.49,0.02,0.02,1.08,1.082,2013-11-08,ESTABLISHED,DOC000003,8|35|36|61,"[p.8] 수수료미징구-온라인(Ce) / 펀드코드 AL427 | [p.35|36] 연간 보수(%): 운용 0.55, 판매 0.49, 수탁 0.02, 사무관리 0.02, 총보수 1.08, 총보수·비용 1.082; [p.61] 클래스 최초설정일 2013-11-08 (ESTABLISHED)"
CLASS000042,FUND000003,C7435,수수료미징구-오프라인-기관(C-F),C-F,일반,오프라인,0,0,0.55,0.03,0.02,0.02,0.62,0.62,2018-04-20,ESTABLISHED,DOC000003,8|35|36|62,"[p.8] 수수료미징구-오프라인-기관(C-F) / 펀드코드 C7435 | [p.35|36] 연간 보수(%): 운용 0.55, 판매 0.03, 수탁 0.02, 사무관리 0.02, 총보수 0.62, 총보수·비용 0.62; [p.62] 클래스 최초설정일 2018-04-20 (ESTABLISHED)"
CLASS000043,FUND000003,AN413,수수료미징구-오프라인-랩(C-W),C-W,일반,오프라인,0,0,0.55,0,0.02,0.02,0.59,0.592,2013-12-10,ESTABLISHED,DOC000003,8|35|36|61,"[p.8] 수수료미징구-오프라인-랩(C-W) / 펀드코드 AN413 | [p.35|36] 연간 보수(%): 운용 0.55, 판매 0, 수탁 0.02, 사무관리 0.02, 총보수 0.59, 총보수·비용 0.592; [p.61] 클래스 최초설정일 2013-12-10 (ESTABLISHED)"
CLASS000044,FUND000003,B7250,수수료미징구-오프라인-개인연금(C-P1),C-P1,연금저축,오프라인,0,0,0.55,0.84,0.02,0.02,1.43,1.43,2023-11-01,ESTABLISHED,DOC000003,8|35|36|61,"[p.8] 수수료미징구-오프라인-개인연금(C-P1) / 펀드코드 B7250 | [p.35|36] 연간 보수(%): 운용 0.55, 판매 0.84, 수탁 0.02, 사무관리 0.02, 총보수 1.43, 총보수·비용 1.43; [p.61] 클래스 최초설정일 2023-11-01 (ESTABLISHED)"
CLASS000045,FUND000003,BU398,수수료미징구-온라인-개인연금(C-Pe1),C-Pe1,연금저축,온라인,0,0,0.55,0.42,0.02,0.02,1.01,1.012,2023-01-19,ESTABLISHED,DOC000003,8|35|36|62,"[p.8] 수수료미징구-온라인-개인연금(C-Pe1) / 펀드코드 BU398 | [p.35|36] 연간 보수(%): 운용 0.55, 판매 0.42, 수탁 0.02, 사무관리 0.02, 총보수 1.01, 총보수·비용 1.012; [p.62] 클래스 최초설정일 2023-01-19 (ESTABLISHED)"
CLASS000046,FUND000003,DY747,수수료미징구-오프라인-퇴직연금(C-P2),C-P2,퇴직연금,오프라인,0,0,0.55,0.6,0.02,0.02,1.19,1.19,2024-05-28,ESTABLISHED,DOC000003,8|35|36|62,"[p.8] 수수료미징구-오프라인-퇴직연금(C-P2) / 펀드코드 DY747 | [p.35|36] 연간 보수(%): 운용 0.55, 판매 0.6, 수탁 0.02, 사무관리 0.02, 총보수 1.19, 총보수·비용 1.19; [p.62] 클래스 최초설정일 2024-05-28 (ESTABLISHED)"
CLASS000047,FUND000003,DY748,수수료미징구-온라인-퇴직연금(C-Pe2),C-Pe2,퇴직연금,온라인,0,0,0.55,0.25,0.02,0.02,0.84,0.842,2023-01-19,ESTABLISHED,DOC000003,8|35|36|62,"[p.8] 수수료미징구-온라인-퇴직연금(C-Pe2) / 펀드코드 DY748 | [p.35|36] 연간 보수(%): 운용 0.55, 판매 0.25, 수탁 0.02, 사무관리 0.02, 총보수 0.84, 총보수·비용 0.842; [p.62] 클래스 최초설정일 2023-01-19 (ESTABLISHED)"
CLASS000048,FUND000003,B7251,수수료후취-온라인슈퍼(S),S,일반,온라인슈퍼,0,0.15,0.55,0.35,0.02,0.02,0.94,0.941,2016-07-05,ESTABLISHED,DOC000003,8|35|36|61,"[p.8] 수수료후취-온라인슈퍼(S) / 펀드코드 B7251 | [p.35|36] 연간 보수(%): 운용 0.55, 판매 0.35, 수탁 0.02, 사무관리 0.02, 총보수 0.94, 총보수·비용 0.941; [p.61] 클래스 최초설정일 2016-07-05 (ESTABLISHED)"
CLASS000049,FUND000003,B7252,수수료미징구-온라인슈퍼-개인연금(S-P),S-P,연금저축,온라인슈퍼,0,0,0.55,0.28,0.02,0.02,0.87,0.87,2016-07-05,ESTABLISHED,DOC000003,8|35|36|61,"[p.8] 수수료미징구-온라인슈퍼-개인연금(S-P) / 펀드코드 B7252 | [p.35|36] 연간 보수(%): 운용 0.55, 판매 0.28, 수탁 0.02, 사무관리 0.02, 총보수 0.87, 총보수·비용 0.87; [p.61] 클래스 최초설정일 2016-07-05 (ESTABLISHED)"
CLASS000050,FUND000003,DY749,수수료미징구-온라인슈퍼-퇴직연금(S-R),S-R,퇴직연금,온라인슈퍼,0,0,0.55,0.24,0.02,0.02,0.83,0.83,2022-12-05,ESTABLISHED,DOC000003,8|35|36|62,"[p.8] 수수료미징구-온라인슈퍼-퇴직연금(S-R) / 펀드코드 DY749 | [p.35|36] 연간 보수(%): 운용 0.55, 판매 0.24, 수탁 0.02, 사무관리 0.02, 총보수 0.83, 총보수·비용 0.83; [p.62] 클래스 최초설정일 2022-12-05 (ESTABLISHED)"
CLASS000051,FUND000003,BP345,수수료선취-오프라인-무권유저비용(AG),AG,일반,오프라인,0.7,0,0.55,0.504,0.02,0.02,1.094,1.094,2025-06-25,ESTABLISHED,DOC000003,8|35|36|61,"[p.8] 수수료선취-오프라인-무권유저비용(AG) / 펀드코드 BP345 | [p.35|36] 연간 보수(%): 운용 0.55, 판매 0.504, 수탁 0.02, 사무관리 0.02, 총보수 1.094, 총보수·비용 1.094; [p.61] 클래스 최초설정일 2025-06-25 (ESTABLISHED)"
CLASS000052,FUND000003,BP346,수수료미징구-오프라인-무권유저비용(CG),CG,일반,오프라인,0,0,0.55,0.7,0.02,0.02,1.29,1.29,,NOT_DISCLOSED,DOC000003,8|35|36|60|62,"[p.8] 수수료미징구-오프라인-무권유저비용(CG) / 펀드코드 BP346 | [p.35|36] 연간 보수(%): 운용 0.55, 판매 0.7, 수탁 0.02, 사무관리 0.02, 총보수 1.29, 총보수·비용 1.29; [p.60|62] 클래스 최초설정일 - (NOT_DISCLOSED)"
CLASS000053,FUND000004,BS761,수수료선취 - 오프라인 (A),A,일반,오프라인,0.3,0,0.1,0.15,0.01,0.01,0.27,0.27,2017-08-07,ESTABLISHED,DOC000004,27|36,[p.27] 수수료선취 - 오프라인 (A); 선취 0.3%; 운용 0.1%; 판매 0.15%; 수탁 0.01%; 사무관리 0.01%; 총보수 0.27%; 합성 총보수·비용 0.27%; [p.36] 클래스 최초설정일 2017-08-07 (ESTABLISHED)
CLASS000054,FUND000004,BS762,수수료선취 - 온라인 (A-E),A-E,일반,온라인,0.15,0,0.1,0.075,0.01,0.01,0.195,0.2056,2017-12-13,ESTABLISHED,DOC000004,27|36,[p.27] 수수료선취 - 온라인 (A-E); 선취 0.15%; 운용 0.1%; 판매 0.075%; 수탁 0.01%; 사무관리 0.01%; 총보수 0.195%; 합성 총보수·비용 0.2056%; [p.36] 클래스 최초설정일 2017-12-13 (ESTABLISHED)
CLASS000055,FUND000004,BS763,수수료미징구 - 오프라인 (C),C,일반,오프라인,0,0,0.1,0.4,0.01,0.01,0.52,0.5324,2017-08-07,ESTABLISHED,DOC000004,27|36,[p.27] 수수료미징구 - 오프라인 (C); 선취 0%; 운용 0.1%; 판매 0.4%; 수탁 0.01%; 사무관리 0.01%; 총보수 0.52%; 합성 총보수·비용 0.5324%; [p.36] 클래스 최초설정일 2017-08-07 (ESTABLISHED)
CLASS000056,FUND000004,BS764,수수료미징구 - 온라인 (C-E),C-E,일반,온라인,0,0,0.1,0.2,0.01,0.01,0.32,0.3301,2018-11-16,ESTABLISHED,DOC000004,27|36,[p.27] 수수료미징구 - 온라인 (C-E); 선취 0%; 운용 0.1%; 판매 0.2%; 수탁 0.01%; 사무관리 0.01%; 총보수 0.32%; 합성 총보수·비용 0.3301%; [p.36] 클래스 최초설정일 2018-11-16 (ESTABLISHED)
CLASS000057,FUND000004,BS766,"수수료미징구 - 오프라인 - 펀드, 전문투자자 등 (C-F)",C-F,일반,오프라인,0,0,0.1,0.02,0.01,0.01,0.14,0.1525,2017-07-19,ESTABLISHED,DOC000004,27|36,"[p.27] 수수료미징구 - 오프라인 - 펀드, 전문투자자 등 (C-F); 선취 0%; 운용 0.1%; 판매 0.02%; 수탁 0.01%; 사무관리 0.01%; 총보수 0.14%; 합성 총보수·비용 0.1525%; [p.36] 클래스 최초설정일 2017-07-19 (ESTABLISHED)"
CLASS000058,FUND000004,BS768,수수료미징구 - 오프라인 - 고액 (C-I),C-I,일반,오프라인,0,0,0.1,0.1,0.01,0.01,0.22,0.22,2020-12-02,ESTABLISHED,DOC000004,27|36,[p.27] 수수료미징구 - 오프라인 - 고액 (C-I); 선취 0%; 운용 0.1%; 판매 0.1%; 수탁 0.01%; 사무관리 0.01%; 총보수 0.22%; 합성 총보수·비용 0.22%; [p.36] 클래스 최초설정일 2020-12-02 (ESTABLISHED)
CLASS000059,FUND000004,BT508,수수료미징구 - 오프라인 - 개인연금 (C-P),C-P,연금저축,오프라인,0,0,0.1,0.22,0.01,0.01,0.34,0.34,2020-05-20,ESTABLISHED,DOC000004,27|36,[p.27] 수수료미징구 - 오프라인 - 개인연금 (C-P); 선취 0%; 운용 0.1%; 판매 0.22%; 수탁 0.01%; 사무관리 0.01%; 총보수 0.34%; 합성 총보수·비용 0.34%; [p.36] 클래스 최초설정일 2020-05-20 (ESTABLISHED)
CLASS000060,FUND000004,BT428,수수료미징구 - 온라인 - 개인연금 (C-PE),C-PE,연금저축,온라인,0,0,0.1,0.11,0.01,0.01,0.23,0.242,2017-11-07,ESTABLISHED,DOC000004,27|36,[p.27] 수수료미징구 - 온라인 - 개인연금 (C-PE); 선취 0%; 운용 0.1%; 판매 0.11%; 수탁 0.01%; 사무관리 0.01%; 총보수 0.23%; 합성 총보수·비용 0.242%; [p.36] 클래스 최초설정일 2017-11-07 (ESTABLISHED)
CLASS000061,FUND000004,BT509,수수료미징구 - 오프라인 - 퇴직연금 (C-P2),C-P2,퇴직연금,오프라인,0,0,0.1,0.25,0.01,0.01,0.37,0.3801,2019-02-08,ESTABLISHED,DOC000004,28|36,[p.28] 수수료미징구 - 오프라인 - 퇴직연금 (C-P2); 선취 0%; 운용 0.1%; 판매 0.25%; 수탁 0.01%; 사무관리 0.01%; 총보수 0.37%; 합성 총보수·비용 0.3801%; [p.36] 클래스 최초설정일 2019-02-08 (ESTABLISHED)
CLASS000062,FUND000004,BT429,수수료미징구 - 온라인 - 퇴직연금 (C-P2E),C-P2E,퇴직연금,온라인,0,0,0.1,0.125,0.01,0.01,0.245,0.2574,2017-08-09,ESTABLISHED,DOC000004,28|36,[p.28] 수수료미징구 - 온라인 - 퇴직연금 (C-P2E); 선취 0%; 운용 0.1%; 판매 0.125%; 수탁 0.01%; 사무관리 0.01%; 총보수 0.245%; 합성 총보수·비용 0.2574%; [p.36] 클래스 최초설정일 2017-08-09 (ESTABLISHED)
CLASS000063,FUND000004,BS769,수수료미징구 - 오프라인 - 랩 (C-W),C-W,일반,오프라인,0,0,0.1,0,0.01,0.01,0.12,0.12,,NOT_DISCLOSED,DOC000004,28|36,[p.28] 수수료미징구 - 오프라인 - 랩 (C-W); 선취 0%; 운용 0.1%; 판매 0%; 수탁 0.01%; 사무관리 0.01%; 총보수 0.12%; 합성 총보수·비용 0.12%; [p.36] 클래스 최초설정일 - (NOT_DISCLOSED)
CLASS000064,FUND000005,BF440,수수료선취 - 오프라인 (A),A,일반,오프라인,0.3,0,0.08,0.15,0.01,0.01,0.25,0.2603,2019-04-03,ESTABLISHED,DOC000005,25|33|34,[p.25] 수수료선취 - 오프라인 (A); 선취 0.3%; 운용 0.08%; 판매 0.15%; 수탁 0.01%; 사무관리 0.01%; 총보수 0.25%; 합성 총보수·비용 0.2603%; [p.33|34] 클래스 최초설정일 2019-04-03 (ESTABLISHED)
CLASS000065,FUND000005,BF441,수수료미징구 - 오프라인 (C),C,일반,오프라인,0,0,0.08,0.45,0.01,0.01,0.55,0.5603,2016-07-26,ESTABLISHED,DOC000005,25|33|34,[p.25] 수수료미징구 - 오프라인 (C); 선취 0%; 운용 0.08%; 판매 0.45%; 수탁 0.01%; 사무관리 0.01%; 총보수 0.55%; 합성 총보수·비용 0.5603%; [p.33|34] 클래스 최초설정일 2016-07-26 (ESTABLISHED)
CLASS000066,FUND000005,BF442,수수료미징구 - 온라인 (C-E),C-E,일반,온라인,0,0,0.08,0.2,0.01,0.01,0.3,0.3126,2020-04-16,ESTABLISHED,DOC000005,25|33|34,[p.25] 수수료미징구 - 온라인 (C-E); 선취 0%; 운용 0.08%; 판매 0.2%; 수탁 0.01%; 사무관리 0.01%; 총보수 0.3%; 합성 총보수·비용 0.3126%; [p.33|34] 클래스 최초설정일 2020-04-16 (ESTABLISHED)
CLASS000067,FUND000005,BF443,수수료미징구 - 오프라인 - 고액 (C-I),C-I,일반,오프라인,0,0,0.08,0.1,0.01,0.01,0.2,0.2,,NOT_DISCLOSED,DOC000005,25|33|34,[p.25] 수수료미징구 - 오프라인 - 고액 (C-I); 선취 0%; 운용 0.08%; 판매 0.1%; 수탁 0.01%; 사무관리 0.01%; 총보수 0.2%; 합성 총보수·비용 0.2%; [p.33|34] 클래스 최초설정일 - (NOT_DISCLOSED)
CLASS000068,FUND000005,BF444,"수수료미징구 - 오프라인 - 펀드, 전문투자자 등 (C-F)",C-F,일반,오프라인,0,0,0.08,0.02,0.01,0.01,0.12,0.1327,2016-06-29,ESTABLISHED,DOC000005,25|33|34,"[p.25] 수수료미징구 - 오프라인 - 펀드, 전문투자자 등 (C-F); 선취 0%; 운용 0.08%; 판매 0.02%; 수탁 0.01%; 사무관리 0.01%; 총보수 0.12%; 합성 총보수·비용 0.1327%; [p.33|34] 클래스 최초설정일 2016-06-29 (ESTABLISHED)"
CLASS000069,FUND000005,BF445,수수료미징구 - 오프라인 - 랩 (C-W),C-W,일반,오프라인,0,0,0.08,0,0.01,0.01,0.1,0.1,,NOT_DISCLOSED,DOC000005,25|33|34,[p.25] 수수료미징구 - 오프라인 - 랩 (C-W); 선취 0%; 운용 0.08%; 판매 0%; 수탁 0.01%; 사무관리 0.01%; 총보수 0.1%; 합성 총보수·비용 0.1%; [p.33|34] 클래스 최초설정일 - (NOT_DISCLOSED)
CLASS000070,FUND000005,BP544,수수료선취 - 오프라인 - 무권유저비용 (A-G),A-G,일반,오프라인,0.21,0,0.08,0.11,0.01,0.01,0.21,0.21,,NOT_DISCLOSED,DOC000005,25|33|34,[p.25] 수수료선취 - 오프라인 - 무권유저비용 (A-G); 선취 0.21%; 운용 0.08%; 판매 0.11%; 수탁 0.01%; 사무관리 0.01%; 총보수 0.21%; 합성 총보수·비용 0.21%; [p.33|34] 클래스 최초설정일 - (NOT_DISCLOSED)
CLASS000071,FUND000005,BP545,수수료미징구 - 오프라인 - 무권유저비용 (C-G),C-G,일반,오프라인,0,0,0.08,0.31,0.01,0.01,0.41,0.41,,NOT_DISCLOSED,DOC000005,25|33|34,[p.25] 수수료미징구 - 오프라인 - 무권유저비용 (C-G); 선취 0%; 운용 0.08%; 판매 0.31%; 수탁 0.01%; 사무관리 0.01%; 총보수 0.41%; 합성 총보수·비용 0.41%; [p.33|34] 클래스 최초설정일 - (NOT_DISCLOSED)
CLASS000072,FUND000005,BT427,수수료선취 - 온라인 (A-E),A-E,일반,온라인,0.15,0,0.08,0.075,0.01,0.01,0.175,0.1852,2022-12-20,ESTABLISHED,DOC000005,25|33|34,[p.25] 수수료선취 - 온라인 (A-E); 선취 0.15%; 운용 0.08%; 판매 0.075%; 수탁 0.01%; 사무관리 0.01%; 총보수 0.175%; 합성 총보수·비용 0.1852%; [p.33|34] 클래스 최초설정일 2022-12-20 (ESTABLISHED)
CLASS000073,FUND000005,DW267,수수료미징구 - 오프라인 - 개인연금 (C-P),C-P,연금저축,오프라인,0,0,0.08,0.21,0.01,0.01,0.31,0.31,,NOT_DISCLOSED,DOC000005,25|33|34,[p.25] 수수료미징구 - 오프라인 - 개인연금 (C-P); 선취 0%; 운용 0.08%; 판매 0.21%; 수탁 0.01%; 사무관리 0.01%; 총보수 0.31%; 합성 총보수·비용 0.31%; [p.33|34] 클래스 최초설정일 - (NOT_DISCLOSED)
CLASS000074,FUND000005,DW268,수수료미징구 - 온라인 - 개인연금 (C-PE),C-PE,연금저축,온라인,0,0,0.08,0.105,0.01,0.01,0.205,0.2168,2023-01-13,ESTABLISHED,DOC000005,25|33|34,[p.25] 수수료미징구 - 온라인 - 개인연금 (C-PE); 선취 0%; 운용 0.08%; 판매 0.105%; 수탁 0.01%; 사무관리 0.01%; 총보수 0.205%; 합성 총보수·비용 0.2168%; [p.33|34] 클래스 최초설정일 2023-01-13 (ESTABLISHED)
CLASS000075,FUND000005,DW269,수수료미징구 - 오프라인 - 퇴직연금 (C-P2),C-P2,퇴직연금,오프라인,0,0,0.08,0.24,0.01,0.01,0.34,0.34,,NOT_DISCLOSED,DOC000005,25|33|34,[p.25] 수수료미징구 - 오프라인 - 퇴직연금 (C-P2); 선취 0%; 운용 0.08%; 판매 0.24%; 수탁 0.01%; 사무관리 0.01%; 총보수 0.34%; 합성 총보수·비용 0.34%; [p.33|34] 클래스 최초설정일 - (NOT_DISCLOSED)
CLASS000076,FUND000005,DW270,수수료미징구 - 온라인 - 퇴직연금 (C-P2E),C-P2E,퇴직연금,온라인,0,0,0.08,0.12,0.01,0.01,0.22,0.2325,2022-11-14,ESTABLISHED,DOC000005,25|33|34,[p.25] 수수료미징구 - 온라인 - 퇴직연금 (C-P2E); 선취 0%; 운용 0.08%; 판매 0.12%; 수탁 0.01%; 사무관리 0.01%; 총보수 0.22%; 합성 총보수·비용 0.2325%; [p.33|34] 클래스 최초설정일 2022-11-14 (ESTABLISHED)
CLASS000077,FUND000006,EO738,종류 A,A,일반,오프라인,1,0,0.3,0.1,0.028,0.015,0.443,0.443,,NOT_ESTABLISHED,DOC000006,33|42,[p.33] 최초설정일부터 운용전환일 전일까지 종류 A; 운용 0.3%; 판매 0.1%; 신탁 0.028%; 사무관리 0.015%; 총보수 0.443%; [p.42] 클래스 최초설정일 - (NOT_ESTABLISHED)
CLASS000078,FUND000006,EO739,종류 Ae,Ae,일반,온라인,0.5,0,0.3,0.05,0.028,0.015,0.393,0.393,,NOT_ESTABLISHED,DOC000006,33|42,[p.33] 최초설정일부터 운용전환일 전일까지 종류 Ae; 운용 0.3%; 판매 0.05%; 신탁 0.028%; 사무관리 0.015%; 총보수 0.393%; [p.42] 클래스 최초설정일 - (NOT_ESTABLISHED)
CLASS000079,FUND000006,EO740,종류 AG,AG,일반,오프라인,0.7,0,0.3,0.06,0.028,0.015,0.403,0.403,,NOT_ESTABLISHED,DOC000006,33|42,[p.33] 최초설정일부터 운용전환일 전일까지 종류 AG; 운용 0.3%; 판매 0.06%; 신탁 0.028%; 사무관리 0.015%; 총보수 0.403%; [p.42] 클래스 최초설정일 - (NOT_ESTABLISHED)
CLASS000080,FUND000006,EO741,종류 C,C,일반,오프라인,0,0,0.3,0.7,0.028,0.015,1.043,1.043,,NOT_ESTABLISHED,DOC000006,33|42,[p.33] 최초설정일부터 운용전환일 전일까지 종류 C; 운용 0.3%; 판매 0.7%; 신탁 0.028%; 사무관리 0.015%; 총보수 1.043%; [p.42] 클래스 최초설정일 - (NOT_ESTABLISHED)
CLASS000081,FUND000006,EO742,종류 Ce,Ce,일반,온라인,0,0,0.3,0.35,0.028,0.015,0.693,0.693,,NOT_ESTABLISHED,DOC000006,33|42,[p.33] 최초설정일부터 운용전환일 전일까지 종류 Ce; 운용 0.3%; 판매 0.35%; 신탁 0.028%; 사무관리 0.015%; 총보수 0.693%; [p.42] 클래스 최초설정일 - (NOT_ESTABLISHED)
CLASS000082,FUND000006,EO743,종류 CI,CI,일반,오프라인,0,0,0.3,0.04,0.028,0.015,0.383,0.383,,NOT_ESTABLISHED,DOC000006,33|42,[p.33] 최초설정일부터 운용전환일 전일까지 종류 CI; 운용 0.3%; 판매 0.04%; 신탁 0.028%; 사무관리 0.015%; 총보수 0.383%; [p.42] 클래스 최초설정일 - (NOT_ESTABLISHED)
CLASS000083,FUND000006,EO744,종류 CG,CG,일반,오프라인,0,0,0.3,0.5,0.028,0.015,0.843,0.843,,NOT_ESTABLISHED,DOC000006,34|42,[p.34] 최초설정일부터 운용전환일 전일까지 종류 CG; 운용 0.3%; 판매 0.5%; 신탁 0.028%; 사무관리 0.015%; 총보수 0.843%; [p.42] 클래스 최초설정일 - (NOT_ESTABLISHED)
CLASS000084,FUND000006,EO745,종류 CW,CW,일반,오프라인,0,0,0.3,0,0.028,0.015,0.343,0.343,,NOT_ESTABLISHED,DOC000006,34|42,[p.34] 최초설정일부터 운용전환일 전일까지 종류 CW; 운용 0.3%; 판매 0%; 신탁 0.028%; 사무관리 0.015%; 총보수 0.343%; [p.42] 클래스 최초설정일 - (NOT_ESTABLISHED)
CLASS000085,FUND000006,EO746,종류 C-P,C-P,연금저축,오프라인,0,0,0.3,0.4,0.028,0.015,0.743,0.743,,NOT_ESTABLISHED,DOC000006,34|42,[p.34] 최초설정일부터 운용전환일 전일까지 종류 C-P; 운용 0.3%; 판매 0.4%; 신탁 0.028%; 사무관리 0.015%; 총보수 0.743%; [p.42] 클래스 최초설정일 - (NOT_ESTABLISHED)
CLASS000086,FUND000006,EO747,종류 C-Pe,C-Pe,연금저축,온라인,0,0,0.3,0.2,0.028,0.015,0.543,0.543,,NOT_ESTABLISHED,DOC000006,34|42,[p.34] 최초설정일부터 운용전환일 전일까지 종류 C-Pe; 운용 0.3%; 판매 0.2%; 신탁 0.028%; 사무관리 0.015%; 총보수 0.543%; [p.42] 클래스 최초설정일 - (NOT_ESTABLISHED)
CLASS000087,FUND000006,EO748,종류 C-P2,C-P2,퇴직연금,오프라인,0,0,0.3,0.3,0.028,0.015,0.643,0.643,,NOT_ESTABLISHED,DOC000006,34|42,[p.34] 최초설정일부터 운용전환일 전일까지 종류 C-P2; 운용 0.3%; 판매 0.3%; 신탁 0.028%; 사무관리 0.015%; 총보수 0.643%; [p.42] 클래스 최초설정일 - (NOT_ESTABLISHED)
CLASS000088,FUND000006,EO749,종류 C-Pe2,C-Pe2,퇴직연금,온라인,0,0,0.3,0.15,0.028,0.015,0.493,0.493,,NOT_ESTABLISHED,DOC000006,34|42,[p.34] 최초설정일부터 운용전환일 전일까지 종류 C-Pe2; 운용 0.3%; 판매 0.15%; 신탁 0.028%; 사무관리 0.015%; 총보수 0.493%; [p.42] 클래스 최초설정일 - (NOT_ESTABLISHED)
CLASS000089,FUND000007,AJ438,종류 A,A,일반,오프라인,0.7,0,0.65,0.45,0.025,0.018,1.143,1.1463,2013-07-08,ESTABLISHED,DOC000007,34|5,[p.34-35] 종류 A; 운용 0.65%; 판매 0.45%; 신탁 0.025%; 사무관리 0.018%; 총보수 1.143%; 총보수·비용 1.1463%; [p.5] 클래스 최초설정일 2013-07-08 (ESTABLISHED)
CLASS000090,FUND000007,AJ439,종류 Ae,Ae,일반,온라인,0.35,0,0.65,0.225,0.025,0.018,0.918,0.9213,,NOT_DISCLOSED,DOC000007,34|5,[p.34-35] 종류 Ae; 운용 0.65%; 판매 0.225%; 신탁 0.025%; 사무관리 0.018%; 총보수 0.918%; 총보수·비용 0.9213%; [p.5] 클래스 최초설정일 - (NOT_DISCLOSED)
CLASS000091,FUND000007,AJ440,종류 C1,C1,일반,오프라인,0,0,0.65,1.2,0.025,0.018,1.893,1.8973,,NOT_DISCLOSED,DOC000007,34|5,[p.34-35] 종류 C1; 운용 0.65%; 판매 1.2%; 신탁 0.025%; 사무관리 0.018%; 총보수 1.893%; 총보수·비용 1.8973%; [p.5] 클래스 최초설정일 - (NOT_DISCLOSED)
CLASS000092,FUND000007,AJ441,종류 C2,C2,일반,오프라인,0,0,0.65,1.1,0.025,0.018,1.793,1.7971,,NOT_DISCLOSED,DOC000007,34|5,[p.34-35] 종류 C2; 운용 0.65%; 판매 1.1%; 신탁 0.025%; 사무관리 0.018%; 총보수 1.793%; 총보수·비용 1.7971%; [p.5] 클래스 최초설정일 - (NOT_DISCLOSED)
CLASS000093,FUND000007,AJ442,종류 C3,C3,일반,오프라인,0,0,0.65,0.9,0.025,0.018,1.593,1.5963,,NOT_DISCLOSED,DOC000007,34|5,[p.34-35] 종류 C3; 운용 0.65%; 판매 0.9%; 신탁 0.025%; 사무관리 0.018%; 총보수 1.593%; 총보수·비용 1.5963%; [p.5] 클래스 최초설정일 - (NOT_DISCLOSED)
CLASS000094,FUND000007,AJ443,종류 C4,C4,일반,오프라인,0,0,0.65,0.8,0.025,0.018,1.493,1.4963,,NOT_DISCLOSED,DOC000007,34|5,[p.34-35] 종류 C4; 운용 0.65%; 판매 0.8%; 신탁 0.025%; 사무관리 0.018%; 총보수 1.493%; 총보수·비용 1.4963%; [p.5] 클래스 최초설정일 - (NOT_DISCLOSED)
CLASS000095,FUND000007,AJ444,종류 Ce,Ce,일반,온라인,0,0,0.65,0.5,0.025,0.018,1.193,1.1965,,NOT_DISCLOSED,DOC000007,34|5,[p.34-35] 종류 Ce; 운용 0.65%; 판매 0.5%; 신탁 0.025%; 사무관리 0.018%; 총보수 1.193%; 총보수·비용 1.1965%; [p.5] 클래스 최초설정일 - (NOT_DISCLOSED)
CLASS000096,FUND000007,AJ445,종류 CI,CI,일반,오프라인,0,0,0.65,0.05,0.025,0.018,0.743,0.7462,,NOT_DISCLOSED,DOC000007,34|5,[p.34-35] 종류 CI; 운용 0.65%; 판매 0.05%; 신탁 0.025%; 사무관리 0.018%; 총보수 0.743%; 총보수·비용 0.7462%; [p.5] 클래스 최초설정일 - (NOT_DISCLOSED)
CLASS000097,FUND000007,AS507,종류 CF,CF,일반,오프라인,0,0,0.65,0.03,0.025,0.018,0.723,0.7265,,NOT_DISCLOSED,DOC000007,34|5,[p.34-35] 종류 CF; 운용 0.65%; 판매 0.03%; 신탁 0.025%; 사무관리 0.018%; 총보수 0.723%; 총보수·비용 0.7265%; [p.5] 클래스 최초설정일 - (NOT_DISCLOSED)
CLASS000098,FUND000007,AS508,종류 CW,CW,일반,오프라인,0,0,0.65,0,0.025,0.018,0.693,0.6963,,NOT_DISCLOSED,DOC000007,34|5,[p.34-35] 종류 CW; 운용 0.65%; 판매 0%; 신탁 0.025%; 사무관리 0.018%; 총보수 0.693%; 총보수·비용 0.6963%; [p.5] 클래스 최초설정일 - (NOT_DISCLOSED)
CLASS000099,FUND000007,AQ932,종류 S,S,일반,온라인슈퍼,0,0.15,0.65,0.18,0.025,0.018,0.873,0.8763,,NOT_DISCLOSED,DOC000007,34|5,[p.34-35] 종류 S; 운용 0.65%; 판매 0.18%; 신탁 0.025%; 사무관리 0.018%; 총보수 0.873%; 총보수·비용 0.8763%; [p.5] 클래스 최초설정일 - (NOT_DISCLOSED)
CLASS000100,FUND000007,AW362,종류 C-P,C-P,연금저축,오프라인,0,0,0.65,0.7,0.025,0.018,1.393,1.3963,,NOT_DISCLOSED,DOC000007,34|5,[p.34-35] 종류 C-P; 운용 0.65%; 판매 0.7%; 신탁 0.025%; 사무관리 0.018%; 총보수 1.393%; 총보수·비용 1.3963%; [p.5] 클래스 최초설정일 - (NOT_DISCLOSED)
CLASS000101,FUND000007,AW363,종류 C-P2,C-P2,퇴직연금,오프라인,0,0,0.65,0.6,0.025,0.018,1.293,1.2972,,NOT_DISCLOSED,DOC000007,34|5,[p.34-35] 종류 C-P2; 운용 0.65%; 판매 0.6%; 신탁 0.025%; 사무관리 0.018%; 총보수 1.293%; 총보수·비용 1.2972%; [p.5] 클래스 최초설정일 - (NOT_DISCLOSED)
CLASS000102,FUND000007,AW364,종류 S-P,S-P,연금저축,온라인슈퍼,0,0,0.65,0.17,0.025,0.018,0.863,0.8663,,NOT_DISCLOSED,DOC000007,34|5,[p.34-35] 종류 S-P; 운용 0.65%; 판매 0.17%; 신탁 0.025%; 사무관리 0.018%; 총보수 0.863%; 총보수·비용 0.8663%; [p.5] 클래스 최초설정일 - (NOT_DISCLOSED)
CLASS000103,FUND000007,AV894,종류 S-I,S-I,일반,온라인슈퍼,0,0,0.65,0.02,0.025,0.018,0.713,0.713,,NOT_DISCLOSED,DOC000007,34|5,[p.34-35] 종류 S-I; 운용 0.65%; 판매 0.02%; 신탁 0.025%; 사무관리 0.018%; 총보수 0.713%; 총보수·비용 0.713%; [p.5] 클래스 최초설정일 - (NOT_DISCLOSED)
CLASS000104,FUND000007,B6897,종류 CF-P,CF-P,연금저축,오프라인,0,0,0.65,0.01,0.025,0.018,0.703,0.703,,NOT_DISCLOSED,DOC000007,34|5,[p.34-35] 종류 CF-P; 운용 0.65%; 판매 0.01%; 신탁 0.025%; 사무관리 0.018%; 총보수 0.703%; 총보수·비용 0.703%; [p.5] 클래스 최초설정일 - (NOT_DISCLOSED)
CLASS000105,FUND000007,B6954,종류 C-Pe,C-Pe,연금저축,온라인,0,0,0.65,0.35,0.025,0.018,1.043,1.0463,,NOT_DISCLOSED,DOC000007,34|5,[p.34-35] 종류 C-Pe; 운용 0.65%; 판매 0.35%; 신탁 0.025%; 사무관리 0.018%; 총보수 1.043%; 총보수·비용 1.0463%; [p.5] 클래스 최초설정일 - (NOT_DISCLOSED)
CLASS000106,FUND000007,BP307,종류 AG,AG,일반,오프라인,0.4,0,0.65,0.23,0.025,0.018,0.923,0.9279,,NOT_DISCLOSED,DOC000007,34|5,[p.34-35] 종류 AG; 운용 0.65%; 판매 0.23%; 신탁 0.025%; 사무관리 0.018%; 총보수 0.923%; 총보수·비용 0.9279%; [p.5] 클래스 최초설정일 - (NOT_DISCLOSED)
CLASS000107,FUND000007,BP237,종류 CG,CG,일반,오프라인,0,0,0.65,0.55,0.025,0.018,1.243,1.243,,NOT_DISCLOSED,DOC000007,34|5,[p.34-35] 종류 CG; 운용 0.65%; 판매 0.55%; 신탁 0.025%; 사무관리 0.018%; 총보수 1.243%; 총보수·비용 1.243%; [p.5] 클래스 최초설정일 - (NOT_DISCLOSED)
CLASS000108,FUND000007,EI291,종류 A1,A1,일반,오프라인,1,0,0.65,0.3,0.025,0.018,0.993,0.9977,,NOT_DISCLOSED,DOC000007,34|5,[p.34-35] 종류 A1; 운용 0.65%; 판매 0.3%; 신탁 0.025%; 사무관리 0.018%; 총보수 0.993%; 총보수·비용 0.9977%; [p.5] 클래스 최초설정일 - (NOT_DISCLOSED)
CLASS000109,FUND000007,EO549,종류 C-Pe2,C-Pe2,퇴직연금,온라인,0,0,0.65,0.3,0.025,0.018,0.993,0.993,,NOT_DISCLOSED,DOC000007,34|5,[p.34-35] 종류 C-Pe2; 운용 0.65%; 판매 0.3%; 신탁 0.025%; 사무관리 0.018%; 총보수 0.993%; 총보수·비용 0.993%; [p.5] 클래스 최초설정일 - (NOT_DISCLOSED)
CLASS000110,FUND000008,BG751,종류 A,A,일반,오프라인,1,0,0.7,0.7,0.02,0.014,1.434,1.437,2016-08-29,ESTABLISHED,DOC000008,31|42,[p.31] 종류 A; 선취 1%; 후취 0%; 운용 0.7%; 판매 0.7%; 신탁 0.02%; 사무관리 0.014%; 총보수 1.434%; 총보수·비용 1.437%; [p.42] 클래스 최초설정일 2016-08-29 (ESTABLISHED)
CLASS000111,FUND000008,BG752,종류 Ae,Ae,일반,온라인,0.5,0,0.7,0.35,0.02,0.014,1.084,1.087,2016-08-31,ESTABLISHED,DOC000008,31|42,[p.31] 종류 Ae; 선취 0.5%; 후취 0%; 운용 0.7%; 판매 0.35%; 신탁 0.02%; 사무관리 0.014%; 총보수 1.084%; 총보수·비용 1.087%; [p.42] 클래스 최초설정일 2016-08-31 (ESTABLISHED)
CLASS000112,FUND000008,BY195,종류 A-G,A-G,일반,오프라인,0.7,0,0.7,0.49,0.02,0.014,1.224,1.224,,NOT_DISCLOSED,DOC000008,31|42|43,[p.31] 종류 A-G; 선취 0.7%; 후취 0%; 운용 0.7%; 판매 0.49%; 신탁 0.02%; 사무관리 0.014%; 총보수 1.224%; 총보수·비용 1.224%; [p.42|43] 클래스 최초설정일 - (NOT_DISCLOSED)
CLASS000113,FUND000008,AX564,종류 C1,C1,일반,오프라인,0,0,0.7,1.3,0.02,0.014,2.034,2.037,2016-08-29,ESTABLISHED,DOC000008,31|42,[p.31] 종류 C1; 선취 0%; 후취 0%; 운용 0.7%; 판매 1.3%; 신탁 0.02%; 사무관리 0.014%; 총보수 2.034%; 총보수·비용 2.037%; [p.42] 클래스 최초설정일 2016-08-29 (ESTABLISHED)
CLASS000114,FUND000008,AX565,종류 C2,C2,일반,오프라인,0,0,0.7,1.1,0.02,0.014,1.834,1.837,2017-08-29,ESTABLISHED,DOC000008,31|43,[p.31] 종류 C2; 선취 0%; 후취 0%; 운용 0.7%; 판매 1.1%; 신탁 0.02%; 사무관리 0.014%; 총보수 1.834%; 총보수·비용 1.837%; [p.43] 클래스 최초설정일 2017-08-29 (ESTABLISHED)
CLASS000115,FUND000008,AX566,종류 C3,C3,일반,오프라인,0,0,0.7,0.9,0.02,0.014,1.634,1.637,2018-08-29,ESTABLISHED,DOC000008,31|43,[p.31] 종류 C3; 선취 0%; 후취 0%; 운용 0.7%; 판매 0.9%; 신탁 0.02%; 사무관리 0.014%; 총보수 1.634%; 총보수·비용 1.637%; [p.43] 클래스 최초설정일 2018-08-29 (ESTABLISHED)
CLASS000116,FUND000008,AX567,종류 C4,C4,일반,오프라인,0,0,0.7,0.7,0.02,0.014,1.434,1.437,2019-08-29,ESTABLISHED,DOC000008,31|43,[p.31] 종류 C4; 선취 0%; 후취 0%; 운용 0.7%; 판매 0.7%; 신탁 0.02%; 사무관리 0.014%; 총보수 1.434%; 총보수·비용 1.437%; [p.43] 클래스 최초설정일 2019-08-29 (ESTABLISHED)
CLASS000117,FUND000008,AX568,종류 Ce,Ce,일반,온라인,0,0,0.7,0.5,0.02,0.014,1.234,1.237,2016-08-31,ESTABLISHED,DOC000008,31|43,[p.31] 종류 Ce; 선취 0%; 후취 0%; 운용 0.7%; 판매 0.5%; 신탁 0.02%; 사무관리 0.014%; 총보수 1.234%; 총보수·비용 1.237%; [p.43] 클래스 최초설정일 2016-08-31 (ESTABLISHED)
CLASS000118,FUND000008,BY196,종류 C-G,C-G,일반,오프라인,0,0,0.7,0.69,0.02,0.014,1.424,1.424,,NOT_DISCLOSED,DOC000008,31|42|43,[p.31] 종류 C-G; 선취 0%; 후취 0%; 운용 0.7%; 판매 0.69%; 신탁 0.02%; 사무관리 0.014%; 총보수 1.424%; 총보수·비용 1.424%; [p.42|43] 클래스 최초설정일 - (NOT_DISCLOSED)
CLASS000119,FUND000008,BG753,종류 C-W,C-W,일반,오프라인,0,0,0.7,0,0.02,0.014,0.734,0.736,2016-09-19,ESTABLISHED,DOC000008,31|43,[p.31] 종류 C-W; 선취 0%; 후취 0%; 운용 0.7%; 판매 0%; 신탁 0.02%; 사무관리 0.014%; 총보수 0.734%; 총보수·비용 0.736%; [p.43] 클래스 최초설정일 2016-09-19 (ESTABLISHED)
CLASS000120,FUND000008,BI651,종류 C-P,C-P,연금저축,오프라인,0,0,0.7,0.9,0.02,0.014,1.634,1.637,2016-11-28,ESTABLISHED,DOC000008,31|43,[p.31] 종류 C-P; 선취 0%; 후취 0%; 운용 0.7%; 판매 0.9%; 신탁 0.02%; 사무관리 0.014%; 총보수 1.634%; 총보수·비용 1.637%; [p.43] 클래스 최초설정일 2016-11-28 (ESTABLISHED)
CLASS000121,FUND000008,BG754,종류 C-P2,C-P2,퇴직연금,오프라인,0,0,0.7,0.6,0.02,0.014,1.334,1.337,2016-09-07,ESTABLISHED,DOC000008,31|43,[p.31] 종류 C-P2; 선취 0%; 후취 0%; 운용 0.7%; 판매 0.6%; 신탁 0.02%; 사무관리 0.014%; 총보수 1.334%; 총보수·비용 1.337%; [p.43] 클래스 최초설정일 2016-09-07 (ESTABLISHED)
CLASS000122,FUND000008,BI652,종류 C-Pe,C-Pe,연금저축,온라인,0,0,0.7,0.45,0.02,0.014,1.184,1.187,2016-12-30,ESTABLISHED,DOC000008,31|43,[p.31] 종류 C-Pe; 선취 0%; 후취 0%; 운용 0.7%; 판매 0.45%; 신탁 0.02%; 사무관리 0.014%; 총보수 1.184%; 총보수·비용 1.187%; [p.43] 클래스 최초설정일 2016-12-30 (ESTABLISHED)
CLASS000123,FUND000008,BU004,종류 C-P2e,C-P2e,퇴직연금,온라인,0,0,0.7,0.3,0.02,0.014,1.034,1.037,2017-08-02,ESTABLISHED,DOC000008,31|43,[p.31] 종류 C-P2e; 선취 0%; 후취 0%; 운용 0.7%; 판매 0.3%; 신탁 0.02%; 사무관리 0.014%; 총보수 1.034%; 총보수·비용 1.037%; [p.43] 클래스 최초설정일 2017-08-02 (ESTABLISHED)
CLASS000124,FUND000009,AO815,종류 A,A,일반,오프라인,1,0,0.7,1,0.04,0.016,1.756,1.766,2002-04-02,ESTABLISHED,DOC000009,23|33,[p.23] 종류 A; 선취 1%; 후취 0%; 운용 0.7%; 판매 1%; 신탁 0.04%; 사무관리 0.016%; 총보수 1.756%; 총보수·비용 1.766%; [p.33] 클래스 최초설정일 2002-04-02 (ESTABLISHED)
CLASS000125,FUND000009,AO816,종류 Ae,Ae,일반,온라인,0.5,0,0.7,0.4,0.04,0.016,1.156,1.166,2014-03-10,ESTABLISHED,DOC000009,23|33,[p.23] 종류 Ae; 선취 0.5%; 후취 0%; 운용 0.7%; 판매 0.4%; 신탁 0.04%; 사무관리 0.016%; 총보수 1.156%; 총보수·비용 1.166%; [p.33] 클래스 최초설정일 2014-03-10 (ESTABLISHED)
CLASS000126,FUND000009,AO821,종류 Ce,Ce,일반,온라인,0,0,0.7,0.5,0.04,0.016,1.256,1.266,2014-03-10,ESTABLISHED,DOC000009,23|33,[p.23] 종류 Ce; 선취 0%; 후취 0%; 운용 0.7%; 판매 0.5%; 신탁 0.04%; 사무관리 0.016%; 총보수 1.256%; 총보수·비용 1.266%; [p.33] 클래스 최초설정일 2014-03-10 (ESTABLISHED)
CLASS000127,FUND000009,AO822,종류 C-I,C-I,일반,오프라인,0,0,0.7,0.03,0.04,0.016,0.786,0.796,2014-09-03,ESTABLISHED,DOC000009,23|33,[p.23] 종류 C-I; 선취 0%; 후취 0%; 운용 0.7%; 판매 0.03%; 신탁 0.04%; 사무관리 0.016%; 총보수 0.786%; 총보수·비용 0.796%; [p.33] 클래스 최초설정일 2014-09-03 (ESTABLISHED)
CLASS000128,FUND000009,AO823,종류 C-W,C-W,일반,오프라인,0,0,0.7,0,0.04,0.016,0.756,0.766,2014-04-28,ESTABLISHED,DOC000009,23|33,[p.23] 종류 C-W; 선취 0%; 후취 0%; 운용 0.7%; 판매 0%; 신탁 0.04%; 사무관리 0.016%; 총보수 0.756%; 총보수·비용 0.766%; [p.33] 클래스 최초설정일 2014-04-28 (ESTABLISHED)
CLASS000129,FUND000009,B4171,종류 C-P,C-P,연금저축,오프라인,0,0,0.7,0.75,0.04,0.016,1.506,1.516,2015-07-20,ESTABLISHED,DOC000009,23|33,[p.23] 종류 C-P; 선취 0%; 후취 0%; 운용 0.7%; 판매 0.75%; 신탁 0.04%; 사무관리 0.016%; 총보수 1.506%; 총보수·비용 1.516%; [p.33] 클래스 최초설정일 2015-07-20 (ESTABLISHED)
CLASS000130,FUND000009,B6533,종류 P-F,P-F,연금저축,오프라인,0,0,0.7,0.03,0.04,0.016,0.786,0.794,2015-07-20,ESTABLISHED,DOC000009,23|33,[p.23] 종류 P-F; 선취 0%; 후취 0%; 운용 0.7%; 판매 0.03%; 신탁 0.04%; 사무관리 0.016%; 총보수 0.786%; 총보수·비용 0.794%; [p.33] 클래스 최초설정일 2015-07-20 (ESTABLISHED)
CLASS000131,FUND000009,AO824,종류 S,S,일반,온라인슈퍼,0,0.15,0.7,0.35,0.04,0.016,1.106,1.116,2014-04-22,ESTABLISHED,DOC000009,23|33,[p.23] 종류 S; 선취 0%; 후취 0.15%; 운용 0.7%; 판매 0.35%; 신탁 0.04%; 사무관리 0.016%; 총보수 1.106%; 총보수·비용 1.116%; [p.33] 클래스 최초설정일 2014-04-22 (ESTABLISHED)
CLASS000132,FUND000009,B4173,종류 S-P,S-P,연금저축,온라인슈퍼,0,0,0.7,0.2,0.04,0.016,0.956,0.966,2015-06-29,ESTABLISHED,DOC000009,23|33,[p.23] 종류 S-P; 선취 0%; 후취 0%; 운용 0.7%; 판매 0.2%; 신탁 0.04%; 사무관리 0.016%; 총보수 0.956%; 총보수·비용 0.966%; [p.33] 클래스 최초설정일 2015-06-29 (ESTABLISHED)
CLASS000133,FUND000010,BB515,종류 A,A,일반,오프라인,1,0,0.0945,0.12,0.015,0.013,0.2425,0.2448,2016-04-08,ESTABLISHED,DOC000010,29|30|5,[p.29|30] 종류 A; 선취 1%; 후취 0%; 운용 0.0945%; 판매 0.12%; 신탁 0.015%; 사무관리 0.013%; 총보수 0.2425%; 총보수·비용 0.2448%; [p.5] 클래스 최초설정일 2016-04-08 (ESTABLISHED)
CLASS000134,FUND000010,BT538,종류 A-e,A-e,일반,온라인,0.5,0,0.0945,0.06,0.015,0.013,0.1825,0.1848,2017-08-02,ESTABLISHED,DOC000010,29|30|5,[p.29|30] 종류 A-e; 선취 0.5%; 후취 0%; 운용 0.0945%; 판매 0.06%; 신탁 0.015%; 사무관리 0.013%; 총보수 0.1825%; 총보수·비용 0.1848%; [p.5] 클래스 최초설정일 2017-08-02 (ESTABLISHED)
CLASS000135,FUND000010,AF411,종류 C,C,일반,오프라인,0,0,0.0945,0.2205,0.015,0.013,0.343,0.3453,2008-06-26,ESTABLISHED,DOC000010,29|30|5,[p.29|30] 종류 C; 선취 0%; 후취 0%; 운용 0.0945%; 판매 0.2205%; 신탁 0.015%; 사무관리 0.013%; 총보수 0.343%; 총보수·비용 0.3453%; [p.5] 클래스 최초설정일 2008-06-26 (ESTABLISHED)
CLASS000136,FUND000010,BT539,종류 C-e,C-e,일반,온라인,0,0,0.0945,0.11,0.015,0.013,0.2325,0.2348,2017-08-02,ESTABLISHED,DOC000010,29|30|5,[p.29|30] 종류 C-e; 선취 0%; 후취 0%; 운용 0.0945%; 판매 0.11%; 신탁 0.015%; 사무관리 0.013%; 총보수 0.2325%; 총보수·비용 0.2348%; [p.5] 클래스 최초설정일 2017-08-02 (ESTABLISHED)
CLASS000137,FUND000010,AI180,종류 C-p,C-p,연금저축,오프라인,0,0,0.0945,0.2,0.015,0.013,0.3225,0.3249,,NOT_DISCLOSED,DOC000010,29|30|5,[p.29|30] 종류 C-p; 선취 0%; 후취 0%; 운용 0.0945%; 판매 0.2%; 신탁 0.015%; 사무관리 0.013%; 총보수 0.3225%; 총보수·비용 0.3249%; [p.5] 클래스 최초설정일 - (NOT_DISCLOSED)
CLASS000138,FUND000010,BT056,종류 C-pe,C-pe,연금저축,온라인,0,0,0.0945,0.1,0.015,0.013,0.2225,0.2248,,NOT_DISCLOSED,DOC000010,29|30|5,[p.29|30] 종류 C-pe; 선취 0%; 후취 0%; 운용 0.0945%; 판매 0.1%; 신탁 0.015%; 사무관리 0.013%; 총보수 0.2225%; 총보수·비용 0.2248%; [p.5] 클래스 최초설정일 - (NOT_DISCLOSED)
CLASS000139,FUND000010,AF412,종류 C-w,C-w,일반,오프라인,0,0,0.0945,0,0.015,0.013,0.1225,0.1248,,NOT_DISCLOSED,DOC000010,29|30|5,[p.29|30] 종류 C-w; 선취 0%; 후취 0%; 운용 0.0945%; 판매 0%; 신탁 0.015%; 사무관리 0.013%; 총보수 0.1225%; 총보수·비용 0.1248%; [p.5] 클래스 최초설정일 - (NOT_DISCLOSED)
CLASS000140,FUND000010,AM062,종류 C-f,C-f,일반,오프라인,0,0,0.0945,0.02,0.015,0.013,0.1425,0.1448,,NOT_DISCLOSED,DOC000010,29|30|5,[p.29|30] 종류 C-f; 선취 0%; 후취 0%; 운용 0.0945%; 판매 0.02%; 신탁 0.015%; 사무관리 0.013%; 총보수 0.1425%; 총보수·비용 0.1448%; [p.5] 클래스 최초설정일 - (NOT_DISCLOSED)
CLASS000141,FUND000010,AO979,종류 S,S,일반,온라인슈퍼,0,0.15,0.0945,0.055,0.015,0.013,0.1775,0.1798,,NOT_DISCLOSED,DOC000010,29|30|5,[p.29|30] 종류 S; 선취 0%; 후취 0.15%; 운용 0.0945%; 판매 0.055%; 신탁 0.015%; 사무관리 0.013%; 총보수 0.1775%; 총보수·비용 0.1798%; [p.5] 클래스 최초설정일 - (NOT_DISCLOSED)
CLASS000142,FUND000010,AO980,종류 S-p,S-p,연금저축,온라인슈퍼,0,0,0.0945,0.05,0.015,0.013,0.1725,0.1748,,NOT_DISCLOSED,DOC000010,29|30|5,[p.29|30] 종류 S-p; 선취 0%; 후취 0%; 운용 0.0945%; 판매 0.05%; 신탁 0.015%; 사무관리 0.013%; 총보수 0.1725%; 총보수·비용 0.1748%; [p.5] 클래스 최초설정일 - (NOT_DISCLOSED)
CLASS000143,FUND000010,BP355,종류 A-g,A-g,일반,오프라인,0.06,0,0.0945,0.07,0.015,0.013,0.1925,0.1945,,NOT_DISCLOSED,DOC000010,29|30|5,[p.29|30] 종류 A-g; 선취 0.06%; 후취 0%; 운용 0.0945%; 판매 0.07%; 신탁 0.015%; 사무관리 0.013%; 총보수 0.1925%; 총보수·비용 0.1945%; [p.5] 클래스 최초설정일 - (NOT_DISCLOSED)
CLASS000144,FUND000010,BP356,종류 C-g,C-g,일반,오프라인,0,0,0.0945,0.13,0.015,0.013,0.2525,0.2525,,NOT_DISCLOSED,DOC000010,29|30|5,[p.29|30] 종류 C-g; 선취 0%; 후취 0%; 운용 0.0945%; 판매 0.13%; 신탁 0.015%; 사무관리 0.013%; 총보수 0.2525%; 총보수·비용 0.2525%; [p.5] 클래스 최초설정일 - (NOT_DISCLOSED)
CLASS000145,FUND000010,EK394,종류 C-p2,C-p2,퇴직연금,오프라인,0,0,0.0945,0.19,0.015,0.013,0.3125,0.3125,,NOT_DISCLOSED,DOC000010,29|30|5,[p.29|30] 종류 C-p2; 선취 0%; 후취 0%; 운용 0.0945%; 판매 0.19%; 신탁 0.015%; 사무관리 0.013%; 총보수 0.3125%; 총보수·비용 0.3125%; [p.5] 클래스 최초설정일 - (NOT_DISCLOSED)
CLASS000146,FUND000010,EK395,종류 C-p2e,C-p2e,퇴직연금,온라인,0,0,0.0945,0.095,0.015,0.013,0.2175,0.2175,,NOT_DISCLOSED,DOC000010,29|30|5,[p.29|30] 종류 C-p2e; 선취 0%; 후취 0%; 운용 0.0945%; 판매 0.095%; 신탁 0.015%; 사무관리 0.013%; 총보수 0.2175%; 총보수·비용 0.2175%; [p.5] 클래스 최초설정일 - (NOT_DISCLOSED)
CLASS000147,FUND000010,EK505,종류 A-1,A-1,일반,오프라인,0.3,0,0.0945,0.01,0.015,0.013,0.1325,0.1325,,NOT_DISCLOSED,DOC000010,29|30|5,[p.29|30] 종류 A-1; 선취 0.3%; 후취 0%; 운용 0.0945%; 판매 0.01%; 신탁 0.015%; 사무관리 0.013%; 총보수 0.1325%; 총보수·비용 0.1325%; [p.5] 클래스 최초설정일 - (NOT_DISCLOSED)
CLASS000148,FUND000011,BT536,종류 C,C,일반,오프라인,0,0,0.0945,0.19,0.015,0.013,0.3125,0.3148,2014-09-30,ESTABLISHED,DOC000011,28|5,[p.28] 종류 C; 선취 0%; 후취 0%; 운용 0.0945%; 판매 0.19%; 신탁 0.015%; 사무관리 0.013%; 총보수 0.3125%; 총보수·비용 0.3148%; [p.5] 클래스 최초설정일 2014-09-30 (ESTABLISHED)
CLASS000149,FUND000011,BT537,종류 C-e,C-e,일반,온라인,0,0,0.0945,0.095,0.015,0.013,0.2175,0.2198,2017-08-02,ESTABLISHED,DOC000011,28|5,[p.28] 종류 C-e; 선취 0%; 후취 0%; 운용 0.0945%; 판매 0.095%; 신탁 0.015%; 사무관리 0.013%; 총보수 0.2175%; 총보수·비용 0.2198%; [p.5] 클래스 최초설정일 2017-08-02 (ESTABLISHED)
CLASS000150,FUND000011,CZ489,종류 S-pr,S-pr,퇴직연금,온라인슈퍼,0,0,0.0945,0.09,0.015,0.013,0.2125,0.2128,,NOT_DISCLOSED,DOC000011,28|5,[p.28] 종류 S-pr; 선취 0%; 후취 0%; 운용 0.0945%; 판매 0.09%; 신탁 0.015%; 사무관리 0.013%; 총보수 0.2125%; 총보수·비용 0.2128%; [p.5] 클래스 최초설정일 - (NOT_DISCLOSED)
CLASS000151,FUND000011,D0711,종류 C-i,C-i,퇴직연금,오프라인,0,0,0.0945,0.08,0.015,0.013,0.2025,0.2025,,NOT_DISCLOSED,DOC000011,28|5,[p.28] 종류 C-i; 선취 0%; 후취 0%; 운용 0.0945%; 판매 0.08%; 신탁 0.015%; 사무관리 0.013%; 총보수 0.2025%; 총보수·비용 0.2025%; [p.5] 클래스 최초설정일 - (NOT_DISCLOSED)
CLASS000152,FUND000012,AX798,Class A,A,일반,오프라인,0.1,0,0.075,0.2,0.015,0.01,0.3,0.3023,,NOT_DISCLOSED,DOC000012,36|37|5|13|14|15|51|52|53|54,[p.36-37] Class A; 선취 0.1%; 후취 0%; 운용 0.075%; 판매 0.2%; 신탁 0.015%; 사무관리 0.01%; 총보수 0.3%; 총보수·비용 0.3023%; 합성 총보수·비용 0.3089%; [p.5|13|14|15|51|52|53|54] 클래스 최초설정일 - (NOT_DISCLOSED)
CLASS000153,FUND000012,AX801,Class A-E,A-E,일반,온라인,0.05,0,0.075,0.1,0.015,0.01,0.2,0.2023,,NOT_DISCLOSED,DOC000012,36|37|5|13|14|15|51|52|53|54,[p.36-37] Class A-E; 선취 0.05%; 후취 0%; 운용 0.075%; 판매 0.1%; 신탁 0.015%; 사무관리 0.01%; 총보수 0.2%; 총보수·비용 0.2023%; 합성 총보수·비용 0.2089%; [p.5|13|14|15|51|52|53|54] 클래스 최초설정일 - (NOT_DISCLOSED)
CLASS000154,FUND000012,AX803,Class C,C,일반,오프라인,0,0,0.075,0.29,0.015,0.01,0.39,0.3923,2014-12-04,ESTABLISHED,DOC000012,36|37|5,[p.36-37] Class C; 선취 0%; 후취 0%; 운용 0.075%; 판매 0.29%; 신탁 0.015%; 사무관리 0.01%; 총보수 0.39%; 총보수·비용 0.3923%; 합성 총보수·비용 0.3989%; [p.5] 클래스 최초설정일 2014-12-04 (ESTABLISHED)
CLASS000155,FUND000012,AX804,Class C-E,C-E,일반,온라인,0,0,0.075,0.145,0.015,0.01,0.245,0.2473,,NOT_DISCLOSED,DOC000012,36|37|5|13|14|15|51|52|53|54,[p.36-37] Class C-E; 선취 0%; 후취 0%; 운용 0.075%; 판매 0.145%; 신탁 0.015%; 사무관리 0.01%; 총보수 0.245%; 총보수·비용 0.2473%; 합성 총보수·비용 0.2539%; [p.5|13|14|15|51|52|53|54] 클래스 최초설정일 - (NOT_DISCLOSED)
CLASS000156,FUND000012,AX805,Class C-F,C-F,일반,오프라인,0,0,0.075,0.015,0.015,0.01,0.115,0.1172,,NOT_DISCLOSED,DOC000012,36|37|5|13|14|15|51|52|53|54,[p.36-37] Class C-F; 선취 0%; 후취 0%; 운용 0.075%; 판매 0.015%; 신탁 0.015%; 사무관리 0.01%; 총보수 0.115%; 총보수·비용 0.1172%; 합성 총보수·비용 0.1238%; [p.5|13|14|15|51|52|53|54] 클래스 최초설정일 - (NOT_DISCLOSED)
CLASS000157,FUND000012,BH214,Class C-I,C-I,일반,오프라인,0,0,0.075,0.09,0.015,0.01,0.19,0.1922,,NOT_DISCLOSED,DOC000012,36|37|5|13|14|15|51|52|53|54,[p.36-37] Class C-I; 선취 0%; 후취 0%; 운용 0.075%; 판매 0.09%; 신탁 0.015%; 사무관리 0.01%; 총보수 0.19%; 총보수·비용 0.1922%; 합성 총보수·비용 0.1992%; [p.5|13|14|15|51|52|53|54] 클래스 최초설정일 - (NOT_DISCLOSED)
CLASS000158,FUND000012,BN063,Class C-I2,C-I2,일반,오프라인,0,0,0.075,0.05,0.015,0.01,0.15,0.15,,NOT_DISCLOSED,DOC000012,36|37|5|13|14|15|51|52|53|54,[p.36-37] Class C-I2; 선취 0%; 후취 0%; 운용 0.075%; 판매 0.05%; 신탁 0.015%; 사무관리 0.01%; 총보수 0.15%; 총보수·비용 0.15%; 합성 총보수·비용 0.15%; [p.5|13|14|15|51|52|53|54] 클래스 최초설정일 - (NOT_DISCLOSED)
CLASS000159,FUND000012,AX806,Class C-W,C-W,일반,오프라인,0,0,0.075,0,0.015,0.01,0.1,0.1023,,NOT_DISCLOSED,DOC000012,36|37|5|13|14|15|51|52|53|54,[p.36-37] Class C-W; 선취 0%; 후취 0%; 운용 0.075%; 판매 0%; 신탁 0.015%; 사무관리 0.01%; 총보수 0.1%; 총보수·비용 0.1023%; 합성 총보수·비용 0.1089%; [p.5|13|14|15|51|52|53|54] 클래스 최초설정일 - (NOT_DISCLOSED)
CLASS000160,FUND000012,B3003,Class C-P1,C-P1,연금저축,오프라인,0,0,0.075,0.23,0.015,0.01,0.33,0.3324,,NOT_DISCLOSED,DOC000012,36|37|5|13|14|15|51|52|53|54,[p.36-37] Class C-P1; 선취 0%; 후취 0%; 운용 0.075%; 판매 0.23%; 신탁 0.015%; 사무관리 0.01%; 총보수 0.33%; 총보수·비용 0.3324%; 합성 총보수·비용 0.339%; [p.5|13|14|15|51|52|53|54] 클래스 최초설정일 - (NOT_DISCLOSED)
CLASS000161,FUND000012,B3080,Class C-Pe,C-Pe,연금저축,온라인,0,0,0.075,0.11,0.015,0.01,0.21,0.2124,,NOT_DISCLOSED,DOC000012,36|37|5|13|14|15|51|52|53|54,[p.36-37] Class C-Pe; 선취 0%; 후취 0%; 운용 0.075%; 판매 0.11%; 신탁 0.015%; 사무관리 0.01%; 총보수 0.21%; 총보수·비용 0.2124%; 합성 총보수·비용 0.2189%; [p.5|13|14|15|51|52|53|54] 클래스 최초설정일 - (NOT_DISCLOSED)
CLASS000162,FUND000012,B3041,Class C-P2,C-P2,퇴직연금,오프라인,0,0,0.075,0.22,0.015,0.01,0.32,0.3224,,NOT_DISCLOSED,DOC000012,36|37|5|13|14|15|51|52|53|54,[p.36-37] Class C-P2; 선취 0%; 후취 0%; 운용 0.075%; 판매 0.22%; 신탁 0.015%; 사무관리 0.01%; 총보수 0.32%; 총보수·비용 0.3224%; 합성 총보수·비용 0.329%; [p.5|13|14|15|51|52|53|54] 클래스 최초설정일 - (NOT_DISCLOSED)
CLASS000163,FUND000012,BU953,Class C-Pe2,C-Pe2,퇴직연금,온라인,0,0,0.075,0.105,0.015,0.01,0.205,0.2074,,NOT_DISCLOSED,DOC000012,36|37|5|13|14|15|51|52|53|54,[p.36-37] Class C-Pe2; 선취 0%; 후취 0%; 운용 0.075%; 판매 0.105%; 신탁 0.015%; 사무관리 0.01%; 총보수 0.205%; 총보수·비용 0.2074%; 합성 총보수·비용 0.2139%; [p.5|13|14|15|51|52|53|54] 클래스 최초설정일 - (NOT_DISCLOSED)
CLASS000164,FUND000012,BC653,Class S,S,일반,온라인슈퍼,0,0.15,0.075,0.08,0.015,0.01,0.18,0.1823,,NOT_DISCLOSED,DOC000012,36|37|5|13|14|15|51|52|53|54,[p.36-37] Class S; 선취 0%; 후취 0.15%; 운용 0.075%; 판매 0.08%; 신탁 0.015%; 사무관리 0.01%; 총보수 0.18%; 총보수·비용 0.1823%; 합성 총보수·비용 0.1889%; [p.5|13|14|15|51|52|53|54] 클래스 최초설정일 - (NOT_DISCLOSED)
CLASS000165,FUND000012,BC655,Class S-P,S-P,연금저축,온라인슈퍼,0,0,0.075,0.06,0.015,0.01,0.16,0.1622,,NOT_DISCLOSED,DOC000012,36|37|5|13|14|15|51|52|53|54,[p.36-37] Class S-P; 선취 0%; 후취 0%; 운용 0.075%; 판매 0.06%; 신탁 0.015%; 사무관리 0.01%; 총보수 0.16%; 총보수·비용 0.1622%; 합성 총보수·비용 0.1688%; [p.5|13|14|15|51|52|53|54] 클래스 최초설정일 - (NOT_DISCLOSED)
CLASS000166,FUND000012,CS710,Class A2,A2,일반,오프라인,0.3,0,0.075,0.05,0.015,0.01,0.15,0.1524,,NOT_DISCLOSED,DOC000012,36|37|5|13|14|15|51|52|53|54,[p.36-37] Class A2; 선취 0.3%; 후취 0%; 운용 0.075%; 판매 0.05%; 신탁 0.015%; 사무관리 0.01%; 총보수 0.15%; 총보수·비용 0.1524%; 합성 총보수·비용 0.159%; [p.5|13|14|15|51|52|53|54] 클래스 최초설정일 - (NOT_DISCLOSED)
CLASS000167,FUND000012,CY004,Class S-R,S-R,퇴직연금,온라인슈퍼,0,0,0.075,0.04,0.015,0.01,0.14,0.1423,,NOT_DISCLOSED,DOC000012,36|37|5|13|14|15|51|52|53|54,[p.36-37] Class S-R; 선취 0%; 후취 0%; 운용 0.075%; 판매 0.04%; 신탁 0.015%; 사무관리 0.01%; 총보수 0.14%; 총보수·비용 0.1423%; 합성 총보수·비용 0.1489%; [p.5|13|14|15|51|52|53|54] 클래스 최초설정일 - (NOT_DISCLOSED)
CLASS000168,FUND000012,E0163,Class O,O,퇴직연금,오프라인,0,0,0.075,0.102,0.015,0.01,0.202,0.202,,NOT_DISCLOSED,DOC000012,36|37|5|13|14|15|51|52|53|54,[p.36-37] Class O; 선취 0%; 후취 0%; 운용 0.075%; 판매 0.102%; 신탁 0.015%; 사무관리 0.01%; 총보수 0.202%; 총보수·비용 0.202%; 합성 총보수·비용 0.202%; [p.5|13|14|15|51|52|53|54] 클래스 최초설정일 - (NOT_DISCLOSED)
CLASS000169,FUND000012,EI204,Class A-G,A-G,일반,오프라인,0.07,0,0.075,0.15,0.015,0.01,0.25,0.25,,NOT_DISCLOSED,DOC000012,36|37|5|13|14|15|51|52|53|54,[p.36-37] Class A-G; 선취 0.07%; 후취 0%; 운용 0.075%; 판매 0.15%; 신탁 0.015%; 사무관리 0.01%; 총보수 0.25%; 총보수·비용 0.25%; 합성 총보수·비용 0.25%; [p.5|13|14|15|51|52|53|54] 클래스 최초설정일 - (NOT_DISCLOSED)
CLASS000170,FUND000012,EI205,Class C-G,C-G,일반,오프라인,0,0,0.075,0.21,0.015,0.01,0.31,0.31,,NOT_DISCLOSED,DOC000012,36|37|5|13|14|15|51|52|53|54,[p.36-37] Class C-G; 선취 0%; 후취 0%; 운용 0.075%; 판매 0.21%; 신탁 0.015%; 사무관리 0.01%; 총보수 0.31%; 총보수·비용 0.31%; 합성 총보수·비용 0.31%; [p.5|13|14|15|51|52|53|54] 클래스 최초설정일 - (NOT_DISCLOSED)
CLASS000171,FUND000013,E4452,종류 A,A,일반,오프라인,1,0,0.8,0.6,0.04,0.015,1.455,1.457,,NOT_DISCLOSED,DOC000013,32|34|50,[p.32-34] 종류 A; 선취 1%; 후취 0%; 운용 0.8%; 판매 0.6%; 수탁 0.04%; 사무관리 0.015%; 총보수 1.455%; 총보수·비용 1.457%; [p.50] 클래스 최초설정일 - (NOT_DISCLOSED)
CLASS000172,FUND000013,E4453,종류 A-e,A-e,일반,온라인,0.5,0,0.8,0.3,0.04,0.015,1.155,1.157,,NOT_DISCLOSED,DOC000013,32|34|50,[p.32-34] 종류 A-e; 선취 0.5%; 후취 0%; 운용 0.8%; 판매 0.3%; 수탁 0.04%; 사무관리 0.015%; 총보수 1.155%; 총보수·비용 1.157%; [p.50] 클래스 최초설정일 - (NOT_DISCLOSED)
CLASS000173,FUND000013,E4454,종류 AG,AG,일반,오프라인,0.7,0,0.8,0.42,0.04,0.015,1.275,1.275,,NOT_DISCLOSED,DOC000013,32|34|50,[p.32-34] 종류 AG; 선취 0.7%; 후취 0%; 운용 0.8%; 판매 0.42%; 수탁 0.04%; 사무관리 0.015%; 총보수 1.275%; 총보수·비용 1.275%; [p.50] 클래스 최초설정일 - (NOT_DISCLOSED)
CLASS000174,FUND000013,E4455,종류 C,C,일반,오프라인,0,0,0.8,0.95,0.04,0.015,1.805,1.805,,NOT_DISCLOSED,DOC000013,32|34|50,[p.32-34] 종류 C; 선취 0%; 후취 0%; 운용 0.8%; 판매 0.95%; 수탁 0.04%; 사무관리 0.015%; 총보수 1.805%; 총보수·비용 1.805%; [p.50] 클래스 최초설정일 - (NOT_DISCLOSED)
CLASS000175,FUND000013,E4456,종류 C-e,C-e,일반,온라인,0,0,0.8,0.47,0.04,0.015,1.325,1.327,2023-07-12,ESTABLISHED,DOC000013,32|34|4,[p.32-34] 종류 C-e; 선취 0%; 후취 0%; 운용 0.8%; 판매 0.47%; 수탁 0.04%; 사무관리 0.015%; 총보수 1.325%; 총보수·비용 1.327%; [p.4] 클래스 최초설정일 2023-07-12 (ESTABLISHED)
CLASS000176,FUND000013,E4457,종류 CG,CG,일반,오프라인,0,0,0.8,0.66,0.04,0.015,1.515,1.515,,NOT_DISCLOSED,DOC000013,32|34|50,[p.32-34] 종류 CG; 선취 0%; 후취 0%; 운용 0.8%; 판매 0.66%; 수탁 0.04%; 사무관리 0.015%; 총보수 1.515%; 총보수·비용 1.515%; [p.50] 클래스 최초설정일 - (NOT_DISCLOSED)
CLASS000177,FUND000013,E4458,종류 C-I,C-I,일반,오프라인,0,0,0.8,0.03,0.04,0.015,0.885,0.887,,NOT_DISCLOSED,DOC000013,32|34|50,[p.32-34] 종류 C-I; 선취 0%; 후취 0%; 운용 0.8%; 판매 0.03%; 수탁 0.04%; 사무관리 0.015%; 총보수 0.885%; 총보수·비용 0.887%; [p.50] 클래스 최초설정일 - (NOT_DISCLOSED)
CLASS000178,FUND000013,E4465,종류 S,S,일반,온라인슈퍼,0,0.15,0.8,0.29,0.04,0.015,1.145,1.147,,NOT_DISCLOSED,DOC000013,32|34|50,[p.32-34] 종류 S; 선취 0%; 후취 0.15%; 운용 0.8%; 판매 0.29%; 수탁 0.04%; 사무관리 0.015%; 총보수 1.145%; 총보수·비용 1.147%; [p.50] 클래스 최초설정일 - (NOT_DISCLOSED)
CLASS000179,FUND000013,E4459,종류 C-s,C-s,일반,오프라인,0,0,0.8,0.01,0.04,0.015,0.865,0.867,,NOT_DISCLOSED,DOC000013,32|34|50,[p.32-34] 종류 C-s; 선취 0%; 후취 0%; 운용 0.8%; 판매 0.01%; 수탁 0.04%; 사무관리 0.015%; 총보수 0.865%; 총보수·비용 0.867%; [p.50] 클래스 최초설정일 - (NOT_DISCLOSED)
CLASS000180,FUND000013,E4460,종류 C-w,C-w,일반,오프라인,0,0,0.8,0,0.04,0.015,0.855,0.855,,NOT_DISCLOSED,DOC000013,32|34|50,[p.32-34] 종류 C-w; 선취 0%; 후취 0%; 운용 0.8%; 판매 0%; 수탁 0.04%; 사무관리 0.015%; 총보수 0.855%; 총보수·비용 0.855%; [p.50] 클래스 최초설정일 - (NOT_DISCLOSED)
CLASS000181,FUND000013,E4461,종류 C-P,C-P,연금저축,오프라인,0,0,0.8,0.8,0.04,0.015,1.655,1.655,,NOT_DISCLOSED,DOC000013,32|34|50,[p.32-34] 종류 C-P; 선취 0%; 후취 0%; 운용 0.8%; 판매 0.8%; 수탁 0.04%; 사무관리 0.015%; 총보수 1.655%; 총보수·비용 1.655%; [p.50] 클래스 최초설정일 - (NOT_DISCLOSED)
CLASS000182,FUND000013,E4462,종류 C-Pe,C-Pe,연금저축,온라인,0,0,0.8,0.4,0.04,0.015,1.255,1.257,,NOT_DISCLOSED,DOC000013,32|34|50,[p.32-34] 종류 C-Pe; 선취 0%; 후취 0%; 운용 0.8%; 판매 0.4%; 수탁 0.04%; 사무관리 0.015%; 총보수 1.255%; 총보수·비용 1.257%; [p.50] 클래스 최초설정일 - (NOT_DISCLOSED)
CLASS000183,FUND000013,E4466,종류 S-P,S-P,연금저축,온라인슈퍼,0,0,0.8,0.27,0.04,0.015,1.125,1.125,,NOT_DISCLOSED,DOC000013,32|34|50,[p.32-34] 종류 S-P; 선취 0%; 후취 0%; 운용 0.8%; 판매 0.27%; 수탁 0.04%; 사무관리 0.015%; 총보수 1.125%; 총보수·비용 1.125%; [p.50] 클래스 최초설정일 - (NOT_DISCLOSED)
CLASS000184,FUND000013,E4463,종류 C-P2,C-P2,퇴직연금,오프라인,0,0,0.8,0.7,0.04,0.015,1.555,1.556,,NOT_DISCLOSED,DOC000013,32|34|50,[p.32-34] 종류 C-P2; 선취 0%; 후취 0%; 운용 0.8%; 판매 0.7%; 수탁 0.04%; 사무관리 0.015%; 총보수 1.555%; 총보수·비용 1.556%; [p.50] 클래스 최초설정일 - (NOT_DISCLOSED)
CLASS000185,FUND000013,E4464,종류 C-P2e,C-P2e,퇴직연금,온라인,0,0,0.8,0.35,0.04,0.015,1.205,1.207,,NOT_DISCLOSED,DOC000013,32|34|50,[p.32-34] 종류 C-P2e; 선취 0%; 후취 0%; 운용 0.8%; 판매 0.35%; 수탁 0.04%; 사무관리 0.015%; 총보수 1.205%; 총보수·비용 1.207%; [p.50] 클래스 최초설정일 - (NOT_DISCLOSED)
CLASS000186,FUND000013,E4467,종류 S-P2,S-P2,퇴직연금,온라인슈퍼,0,0,0.8,0.23,0.04,0.015,1.085,1.085,,NOT_DISCLOSED,DOC000013,32|34|50,[p.32-34] 종류 S-P2; 선취 0%; 후취 0%; 운용 0.8%; 판매 0.23%; 수탁 0.04%; 사무관리 0.015%; 총보수 1.085%; 총보수·비용 1.085%; [p.50] 클래스 최초설정일 - (NOT_DISCLOSED)
CLASS000187,FUND000014,85268,종류 A,A,일반,오프라인,1,0,0.75,0.9,0.03,0.017,1.697,1.698,2008-06-26,ESTABLISHED,DOC000014,26|27|37|38,[p.26-27] 종류 A; 운용 0.75%; 판매 0.9%; 신탁 0.03%; 사무관리 0.017%; 총보수 1.697%; 총보수·비용 1.698%; [p.37|38] 클래스 최초설정일 2008-06-26 (ESTABLISHED)
CLASS000188,FUND000014,85269,종류 C1,C1,일반,오프라인,0,0,0.75,1.5,0.03,0.017,2.297,2.298,2024-12-02,ESTABLISHED,DOC000014,26|27|37|38,[p.26-27] 종류 C1; 운용 0.75%; 판매 1.5%; 신탁 0.03%; 사무관리 0.017%; 총보수 2.297%; 총보수·비용 2.298%; [p.37|38] 클래스 최초설정일 2024-12-02 (ESTABLISHED)
CLASS000189,FUND000014,94036,종류 C2,C2,일반,오프라인,0,0,0.75,1.35,0.03,0.017,2.147,2.148,,NOT_DISCLOSED,DOC000014,26|27|37|38,[p.26-27] 종류 C2; 운용 0.75%; 판매 1.35%; 신탁 0.03%; 사무관리 0.017%; 총보수 2.147%; 총보수·비용 2.148%; [p.37|38] 클래스 최초설정일 - (NOT_DISCLOSED)
CLASS000190,FUND000014,94047,종류 C3,C3,일반,오프라인,0,0,0.75,1.22,0.03,0.017,2.017,2.018,2010-01-25,ESTABLISHED,DOC000014,26|27|37|38,[p.26-27] 종류 C3; 운용 0.75%; 판매 1.22%; 신탁 0.03%; 사무관리 0.017%; 총보수 2.017%; 총보수·비용 2.018%; [p.37|38] 클래스 최초설정일 2010-01-25 (ESTABLISHED)
CLASS000191,FUND000014,94048,종류 C4,C4,일반,오프라인,0,0,0.75,1.1,0.03,0.017,1.897,1.898,2011-06-27,ESTABLISHED,DOC000014,26|27|37|38,[p.26-27] 종류 C4; 운용 0.75%; 판매 1.1%; 신탁 0.03%; 사무관리 0.017%; 총보수 1.897%; 총보수·비용 1.898%; [p.37|38] 클래스 최초설정일 2011-06-27 (ESTABLISHED)
CLASS000192,FUND000014,94069,종류 C5,C5,일반,오프라인,0,0,0.75,1,0.03,0.017,1.797,1.798,2012-06-27,ESTABLISHED,DOC000014,26|27|37|38,[p.26-27] 종류 C5; 운용 0.75%; 판매 1%; 신탁 0.03%; 사무관리 0.017%; 총보수 1.797%; 총보수·비용 1.798%; [p.37|38] 클래스 최초설정일 2012-06-27 (ESTABLISHED)
CLASS000193,FUND000014,95187,종류 Ce,Ce,일반,온라인,0,0,0.75,1,0.03,0.017,1.797,1.798,2009-06-02,ESTABLISHED,DOC000014,26|27|37|38,[p.26-27] 종류 Ce; 운용 0.75%; 판매 1%; 신탁 0.03%; 사무관리 0.017%; 총보수 1.797%; 총보수·비용 1.798%; [p.37|38] 클래스 최초설정일 2009-06-02 (ESTABLISHED)
CLASS000194,FUND000014,94308,종류 W,W,일반,오프라인,0,0,0.75,0,0.03,0.017,0.797,0.798,2009-10-06,ESTABLISHED,DOC000014,26|27|37|38,[p.26-27] 종류 W; 운용 0.75%; 판매 0%; 신탁 0.03%; 사무관리 0.017%; 총보수 0.797%; 총보수·비용 0.798%; [p.37|38] 클래스 최초설정일 2009-10-06 (ESTABLISHED)
CLASS000195,FUND000014,18879,종류 I,I,일반,오프라인,0,0,0.75,0.03,0.03,0.017,0.827,0.828,2010-04-12,ESTABLISHED,DOC000014,26|27|37|38,[p.26-27] 종류 I; 운용 0.75%; 판매 0.03%; 신탁 0.03%; 사무관리 0.017%; 총보수 0.827%; 총보수·비용 0.828%; [p.37|38] 클래스 최초설정일 2010-04-12 (ESTABLISHED)
CLASS000196,FUND000014,AP789,종류 S,S,일반,온라인슈퍼,0,0.15,0.75,0.35,0.03,0.017,1.147,1.148,2014-04-22,ESTABLISHED,DOC000014,26|27|37|38,[p.26-27] 종류 S; 운용 0.75%; 판매 0.35%; 신탁 0.03%; 사무관리 0.017%; 총보수 1.147%; 총보수·비용 1.148%; [p.37|38] 클래스 최초설정일 2014-04-22 (ESTABLISHED)
CLASS000197,FUND000014,BP468,종류 CG,CG,일반,오프라인,0,0,0.75,0.98,0.03,0.017,1.777,1.778,,NOT_DISCLOSED,DOC000014,26|27|37|38,[p.26-27] 종류 CG; 운용 0.75%; 판매 0.98%; 신탁 0.03%; 사무관리 0.017%; 총보수 1.777%; 총보수·비용 1.778%; [p.37|38] 클래스 최초설정일 - (NOT_DISCLOSED)
CLASS000198,FUND000014,BR052,종류 Cp,Cp,연금저축,오프라인,0,0,0.75,0.72,0.03,0.017,1.517,1.518,2017-06-05,ESTABLISHED,DOC000014,26|27|37|38,[p.26-27] 종류 Cp; 운용 0.75%; 판매 0.72%; 신탁 0.03%; 사무관리 0.017%; 총보수 1.517%; 총보수·비용 1.518%; [p.37|38] 클래스 최초설정일 2017-06-05 (ESTABLISHED)
CLASS000199,FUND000014,BR053,종류 Cp-E,Cp-E,연금저축,온라인,0,0,0.75,0.36,0.03,0.017,1.157,1.158,2017-06-09,ESTABLISHED,DOC000014,26|27|37|38,[p.26-27] 종류 Cp-E; 운용 0.75%; 판매 0.36%; 신탁 0.03%; 사무관리 0.017%; 총보수 1.157%; 총보수·비용 1.158%; [p.37|38] 클래스 최초설정일 2017-06-09 (ESTABLISHED)
CLASS000200,FUND000014,BR054,종류 S-P,S-P,연금저축,온라인슈퍼,0,0,0.75,0.28,0.03,0.017,1.077,1.078,,NOT_DISCLOSED,DOC000014,26|27|37|38,[p.26-27] 종류 S-P; 운용 0.75%; 판매 0.28%; 신탁 0.03%; 사무관리 0.017%; 총보수 1.077%; 총보수·비용 1.078%; [p.37|38] 클래스 최초설정일 - (NOT_DISCLOSED)
CLASS000201,FUND000014,24712,종류 Cp2,Cp2,퇴직연금,오프라인,0,0,0.75,0.85,0.03,0.017,1.647,1.648,2010-03-12,ESTABLISHED,DOC000014,26|27|37|38,[p.26-27] 종류 Cp2; 운용 0.75%; 판매 0.85%; 신탁 0.03%; 사무관리 0.017%; 총보수 1.647%; 총보수·비용 1.648%; [p.37|38] 클래스 최초설정일 2010-03-12 (ESTABLISHED)
CLASS000202,FUND000014,BR055,종류 Cp2-F,Cp2-F,퇴직연금,오프라인,0,0,0.75,0.025,0.03,0.017,0.822,0.823,,NOT_DISCLOSED,DOC000014,26|27|37|38,[p.26-27] 종류 Cp2-F; 운용 0.75%; 판매 0.025%; 신탁 0.03%; 사무관리 0.017%; 총보수 0.822%; 총보수·비용 0.823%; [p.37|38] 클래스 최초설정일 - (NOT_DISCLOSED)
CLASS000203,FUND000014,BU118,종류 Cp2-E,Cp2-E,퇴직연금,온라인,0,0,0.75,0.425,0.03,0.017,1.222,1.223,2017-08-07,ESTABLISHED,DOC000014,26|27|37|38,[p.26-27] 종류 Cp2-E; 운용 0.75%; 판매 0.425%; 신탁 0.03%; 사무관리 0.017%; 총보수 1.222%; 총보수·비용 1.223%; [p.37|38] 클래스 최초설정일 2017-08-07 (ESTABLISHED)
CLASS000204,FUND000014,BZ217,종류 Ae,Ae,일반,온라인,0.5,0,0.75,0.45,0.03,0.017,1.247,1.248,2017-12-04,ESTABLISHED,DOC000014,26|27|37|38,[p.26-27] 종류 Ae; 운용 0.75%; 판매 0.45%; 신탁 0.03%; 사무관리 0.017%; 총보수 1.247%; 총보수·비용 1.248%; [p.37|38] 클래스 최초설정일 2017-12-04 (ESTABLISHED)
CLASS000205,FUND000015,AY120,종류 A,A,일반,오프라인,1,0,0.72,0.72,0.03,0.015,1.485,1.4876,,NOT_DISCLOSED,DOC000015,35|36|37|48|49,[p.35-37] 종류 A; 선취 1%; 후취 0%; 운용 0.72%; 판매 0.72%; 수탁 0.03%; 사무관리 0.015%; 총보수 1.485%; 총보수·비용 1.4876%; [p.48|49] 클래스 최초설정일 - (NOT_DISCLOSED)
CLASS000206,FUND000015,AY121,종류 A-e,A-e,일반,온라인,0.5,0,0.72,0.36,0.03,0.015,1.125,1.1276,,NOT_DISCLOSED,DOC000015,35|36|37|48|49,[p.35-37] 종류 A-e; 선취 0.5%; 후취 0%; 운용 0.72%; 판매 0.36%; 수탁 0.03%; 사무관리 0.015%; 총보수 1.125%; 총보수·비용 1.1276%; [p.48|49] 클래스 최초설정일 - (NOT_DISCLOSED)
CLASS000207,FUND000015,AY122,종류 C1,C1,일반,오프라인,0,0,0.72,1.3,0.03,0.015,2.065,2.0679,,NOT_DISCLOSED,DOC000015,35|36|37|48|49,[p.35-37] 종류 C1; 선취 0%; 후취 0%; 운용 0.72%; 판매 1.3%; 수탁 0.03%; 사무관리 0.015%; 총보수 2.065%; 총보수·비용 2.0679%; [p.48|49] 클래스 최초설정일 - (NOT_DISCLOSED)
CLASS000208,FUND000015,AY123,종류 C2,C2,일반,오프라인,0,0,0.72,1.1,0.03,0.015,1.865,1.8676,,NOT_DISCLOSED,DOC000015,35|36|37|48|49,[p.35-37] 종류 C2; 선취 0%; 후취 0%; 운용 0.72%; 판매 1.1%; 수탁 0.03%; 사무관리 0.015%; 총보수 1.865%; 총보수·비용 1.8676%; [p.48|49] 클래스 최초설정일 - (NOT_DISCLOSED)
CLASS000209,FUND000015,AY125,종류 C3,C3,일반,오프라인,0,0,0.72,0.9,0.03,0.015,1.665,1.6675,,NOT_DISCLOSED,DOC000015,35|36|37|48|49,[p.35-37] 종류 C3; 선취 0%; 후취 0%; 운용 0.72%; 판매 0.9%; 수탁 0.03%; 사무관리 0.015%; 총보수 1.665%; 총보수·비용 1.6675%; [p.48|49] 클래스 최초설정일 - (NOT_DISCLOSED)
CLASS000210,FUND000015,AY126,종류 C4,C4,일반,오프라인,0,0,0.72,0.7,0.03,0.015,1.465,1.465,,NOT_DISCLOSED,DOC000015,35|36|37|48|49,[p.35-37] 종류 C4; 선취 0%; 후취 0%; 운용 0.72%; 판매 0.7%; 수탁 0.03%; 사무관리 0.015%; 총보수 1.465%; 총보수·비용 1.465%; [p.48|49] 클래스 최초설정일 - (NOT_DISCLOSED)
CLASS000211,FUND000015,AY127,종류 C-e,C-e,일반,온라인,0,0,0.72,0.5,0.03,0.015,1.265,1.265,,NOT_DISCLOSED,DOC000015,35|36|37|48|49,[p.35-37] 종류 C-e; 선취 0%; 후취 0%; 운용 0.72%; 판매 0.5%; 수탁 0.03%; 사무관리 0.015%; 총보수 1.265%; 총보수·비용 1.265%; [p.48|49] 클래스 최초설정일 - (NOT_DISCLOSED)
CLASS000212,FUND000015,AY128,종류 W,W,일반,오프라인,0,0,0.72,0,0.03,0.015,0.765,0.765,,NOT_DISCLOSED,DOC000015,35|36|37|48|49,[p.35-37] 종류 W; 선취 0%; 후취 0%; 운용 0.72%; 판매 0%; 수탁 0.03%; 사무관리 0.015%; 총보수 0.765%; 총보수·비용 0.765%; [p.48|49] 클래스 최초설정일 - (NOT_DISCLOSED)
CLASS000213,FUND000015,AY129,종류 F,F,일반,오프라인,0,0,0.72,0.03,0.03,0.015,0.795,0.7977,,NOT_DISCLOSED,DOC000015,35|36|37|48|49,[p.35-37] 종류 F; 선취 0%; 후취 0%; 운용 0.72%; 판매 0.03%; 수탁 0.03%; 사무관리 0.015%; 총보수 0.795%; 총보수·비용 0.7977%; [p.48|49] 클래스 최초설정일 - (NOT_DISCLOSED)
CLASS000214,FUND000015,AY130,종류 S,S,일반,온라인슈퍼,0,0.15,0.72,0.35,0.03,0.015,1.115,1.115,,NOT_DISCLOSED,DOC000015,35|36|37|48|49,[p.35-37] 종류 S; 선취 0%; 후취 0.15%; 운용 0.72%; 판매 0.35%; 수탁 0.03%; 사무관리 0.015%; 총보수 1.115%; 총보수·비용 1.115%; [p.48|49] 클래스 최초설정일 - (NOT_DISCLOSED)
CLASS000215,FUND000015,B7168,종류 RP,RP,퇴직연금,오프라인,0,0,0.72,0.7,0.03,0.015,1.465,1.465,,NOT_DISCLOSED,DOC000015,35|36|37|48|49,[p.35-37] 종류 RP; 선취 0%; 후취 0%; 운용 0.72%; 판매 0.7%; 수탁 0.03%; 사무관리 0.015%; 총보수 1.465%; 총보수·비용 1.465%; [p.48|49] 클래스 최초설정일 - (NOT_DISCLOSED)
CLASS000216,FUND000015,DU305,종류 RP-e,RP-e,퇴직연금,온라인,0,0,0.72,0.35,0.03,0.015,1.115,1.115,,NOT_DISCLOSED,DOC000015,35|36|37|48|49,[p.35-37] 종류 RP-e; 선취 0%; 후취 0%; 운용 0.72%; 판매 0.35%; 수탁 0.03%; 사무관리 0.015%; 총보수 1.115%; 총보수·비용 1.115%; [p.48|49] 클래스 최초설정일 - (NOT_DISCLOSED)
CLASS000217,FUND000015,DU333,종류 S-P,S-P,연금저축,온라인슈퍼,0,0,0.72,0.28,0.03,0.015,1.045,1.045,,NOT_DISCLOSED,DOC000015,35|36|37|48|49,[p.35-37] 종류 S-P; 선취 0%; 후취 0%; 운용 0.72%; 판매 0.28%; 수탁 0.03%; 사무관리 0.015%; 총보수 1.045%; 총보수·비용 1.045%; [p.48|49] 클래스 최초설정일 - (NOT_DISCLOSED)
CLASS000218,FUND000015,DU315,종류 CP,CP,연금저축,오프라인,0,0,0.72,0.7,0.03,0.015,1.465,1.465,,NOT_DISCLOSED,DOC000015,35|36|37|48|49,[p.35-37] 종류 CP; 선취 0%; 후취 0%; 운용 0.72%; 판매 0.7%; 수탁 0.03%; 사무관리 0.015%; 총보수 1.465%; 총보수·비용 1.465%; [p.48|49] 클래스 최초설정일 - (NOT_DISCLOSED)
CLASS000219,FUND000015,DU329,종류 CP-e,CP-e,연금저축,온라인,0,0,0.72,0.35,0.03,0.015,1.115,1.115,,NOT_DISCLOSED,DOC000015,35|36|37|48|49,[p.35-37] 종류 CP-e; 선취 0%; 후취 0%; 운용 0.72%; 판매 0.35%; 수탁 0.03%; 사무관리 0.015%; 총보수 1.115%; 총보수·비용 1.115%; [p.48|49] 클래스 최초설정일 - (NOT_DISCLOSED)
CLASS000220,FUND000016,E1729,종류 A,A,일반,오프라인,1,0,0.8,0.6,0.04,0.02,1.46,1.46,,NOT_ESTABLISHED,DOC000016,11|32|33|34|11|13,"[p.11,32-34] 종류 A; 코드 E1729; 선취 1%; 후취 0%; 기본운용 0.8%; 판매 0.6%; 수탁 0.04%; 사무관리 0.02%; 총보수 1.46%; 기타비용 미산출; 총보수·비용 1.46%; [p.11|13] 클래스 최초설정일 - (NOT_ESTABLISHED)"
CLASS000221,FUND000016,E1730,종류 A-e,A-e,일반,온라인,0.5,0,0.8,0.3,0.04,0.02,1.16,1.16,,NOT_ESTABLISHED,DOC000016,11|32|33|34|11|13,"[p.11,32-34] 종류 A-e; 코드 E1730; 선취 0.5%; 후취 0%; 기본운용 0.8%; 판매 0.3%; 수탁 0.04%; 사무관리 0.02%; 총보수 1.16%; 기타비용 미산출; 총보수·비용 1.16%; [p.11|13] 클래스 최초설정일 - (NOT_ESTABLISHED)"
CLASS000222,FUND000016,E1731,종류 AG,AG,일반,오프라인,0.7,0,0.8,0.42,0.04,0.02,1.28,1.28,,NOT_ESTABLISHED,DOC000016,11|32|33|34|11|13,"[p.11,32-34] 종류 AG; 코드 E1731; 선취 0.7%; 후취 0%; 기본운용 0.8%; 판매 0.42%; 수탁 0.04%; 사무관리 0.02%; 총보수 1.28%; 기타비용 미산출; 총보수·비용 1.28%; [p.11|13] 클래스 최초설정일 - (NOT_ESTABLISHED)"
CLASS000223,FUND000016,E1732,종류 C,C,일반,오프라인,0,0,0.8,0.95,0.04,0.02,1.81,1.81,,NOT_ESTABLISHED,DOC000016,11|32|33|34|11|13,"[p.11,32-34] 종류 C; 코드 E1732; 선취 0%; 후취 0%; 기본운용 0.8%; 판매 0.95%; 수탁 0.04%; 사무관리 0.02%; 총보수 1.81%; 기타비용 미산출; 총보수·비용 1.81%; [p.11|13] 클래스 최초설정일 - (NOT_ESTABLISHED)"
CLASS000224,FUND000016,E1733,종류 C-e,C-e,일반,온라인,0,0,0.8,0.47,0.04,0.02,1.33,1.33,,NOT_ESTABLISHED,DOC000016,11|32|33|34|11|13,"[p.11,32-34] 종류 C-e; 코드 E1733; 선취 0%; 후취 0%; 기본운용 0.8%; 판매 0.47%; 수탁 0.04%; 사무관리 0.02%; 총보수 1.33%; 기타비용 미산출; 총보수·비용 1.33%; [p.11|13] 클래스 최초설정일 - (NOT_ESTABLISHED)"
CLASS000225,FUND000016,E1734,종류 CG,CG,일반,오프라인,0,0,0.8,0.66,0.04,0.02,1.52,1.52,,NOT_ESTABLISHED,DOC000016,11|32|33|34|11|13,"[p.11,32-34] 종류 CG; 코드 E1734; 선취 0%; 후취 0%; 기본운용 0.8%; 판매 0.66%; 수탁 0.04%; 사무관리 0.02%; 총보수 1.52%; 기타비용 미산출; 총보수·비용 1.52%; [p.11|13] 클래스 최초설정일 - (NOT_ESTABLISHED)"
CLASS000226,FUND000016,E1735,종류 C-I,C-I,기관,오프라인,0,0,0.8,0.03,0.04,0.02,0.89,0.89,,NOT_ESTABLISHED,DOC000016,11|32|33|34|11|13,"[p.11,32-34] 종류 C-I; 코드 E1735; 선취 0%; 후취 0%; 기본운용 0.8%; 판매 0.03%; 수탁 0.04%; 사무관리 0.02%; 총보수 0.89%; 기타비용 미산출; 총보수·비용 0.89%; [p.11|13] 클래스 최초설정일 - (NOT_ESTABLISHED)"
CLASS000227,FUND000016,E1736,종류 S,S,일반,온라인슈퍼,0,0.15,0.8,0.29,0.04,0.02,1.15,1.15,,NOT_ESTABLISHED,DOC000016,11|32|33|34|11|13,"[p.11,32-34] 종류 S; 코드 E1736; 선취 0%; 후취 0.15%; 기본운용 0.8%; 판매 0.29%; 수탁 0.04%; 사무관리 0.02%; 총보수 1.15%; 기타비용 미산출; 총보수·비용 1.15%; [p.11|13] 클래스 최초설정일 - (NOT_ESTABLISHED)"
CLASS000228,FUND000016,E1737,종류 C-s,C-s,집합투자업자,오프라인,0,0,0.8,0.01,0.04,0.02,0.87,0.87,,NOT_ESTABLISHED,DOC000016,11|32|33|34|11|13,"[p.11,32-34] 종류 C-s; 코드 E1737; 선취 0%; 후취 0%; 기본운용 0.8%; 판매 0.01%; 수탁 0.04%; 사무관리 0.02%; 총보수 0.87%; 기타비용 미산출; 총보수·비용 0.87%; [p.11|13] 클래스 최초설정일 - (NOT_ESTABLISHED)"
CLASS000229,FUND000016,E1738,종류 C-w,C-w,랩,오프라인,0,0,0.8,0,0.04,0.02,0.86,0.86,,NOT_ESTABLISHED,DOC000016,11|32|33|34|11|13,"[p.11,32-34] 종류 C-w; 코드 E1738; 선취 0%; 후취 0%; 기본운용 0.8%; 판매 0%; 수탁 0.04%; 사무관리 0.02%; 총보수 0.86%; 기타비용 미산출; 총보수·비용 0.86%; [p.11|13] 클래스 최초설정일 - (NOT_ESTABLISHED)"
CLASS000230,FUND000016,E1739,종류 C-P,C-P,연금저축,오프라인,0,0,0.8,0.8,0.04,0.02,1.66,1.66,,NOT_ESTABLISHED,DOC000016,11|32|33|34|11|13,"[p.11,32-34] 종류 C-P; 코드 E1739; 선취 0%; 후취 0%; 기본운용 0.8%; 판매 0.8%; 수탁 0.04%; 사무관리 0.02%; 총보수 1.66%; 기타비용 미산출; 총보수·비용 1.66%; [p.11|13] 클래스 최초설정일 - (NOT_ESTABLISHED)"
CLASS000231,FUND000016,E1740,종류 C-Pe,C-Pe,연금저축,온라인,0,0,0.8,0.4,0.04,0.02,1.26,1.26,,NOT_ESTABLISHED,DOC000016,11|32|33|34|11|13,"[p.11,32-34] 종류 C-Pe; 코드 E1740; 선취 0%; 후취 0%; 기본운용 0.8%; 판매 0.4%; 수탁 0.04%; 사무관리 0.02%; 총보수 1.26%; 기타비용 미산출; 총보수·비용 1.26%; [p.11|13] 클래스 최초설정일 - (NOT_ESTABLISHED)"
CLASS000232,FUND000016,E1741,종류 S-P,S-P,연금저축,온라인슈퍼,0,0,0.8,0.27,0.04,0.02,1.13,1.13,,NOT_ESTABLISHED,DOC000016,11|32|33|34|11|13,"[p.11,32-34] 종류 S-P; 코드 E1741; 선취 0%; 후취 0%; 기본운용 0.8%; 판매 0.27%; 수탁 0.04%; 사무관리 0.02%; 총보수 1.13%; 기타비용 미산출; 총보수·비용 1.13%; [p.11|13] 클래스 최초설정일 - (NOT_ESTABLISHED)"
CLASS000233,FUND000016,E1742,종류 C-P2,C-P2,퇴직연금,오프라인,0,0,0.8,0.7,0.04,0.02,1.56,1.56,,NOT_ESTABLISHED,DOC000016,11|32|33|34|11|13,"[p.11,32-34] 종류 C-P2; 코드 E1742; 선취 0%; 후취 0%; 기본운용 0.8%; 판매 0.7%; 수탁 0.04%; 사무관리 0.02%; 총보수 1.56%; 기타비용 미산출; 총보수·비용 1.56%; [p.11|13] 클래스 최초설정일 - (NOT_ESTABLISHED)"
CLASS000234,FUND000016,E1743,종류 C-P2e,C-P2e,퇴직연금,온라인,0,0,0.8,0.35,0.04,0.02,1.21,1.21,,NOT_ESTABLISHED,DOC000016,11|32|33|34|11|13,"[p.11,32-34] 종류 C-P2e; 코드 E1743; 선취 0%; 후취 0%; 기본운용 0.8%; 판매 0.35%; 수탁 0.04%; 사무관리 0.02%; 총보수 1.21%; 기타비용 미산출; 총보수·비용 1.21%; [p.11|13] 클래스 최초설정일 - (NOT_ESTABLISHED)"
CLASS000235,FUND000016,E1744,종류 S-P2,S-P2,퇴직연금,온라인슈퍼,0,0,0.8,0.26,0.04,0.02,1.12,1.12,,NOT_ESTABLISHED,DOC000016,11|32|33|34|11|13,"[p.11,32-34] 종류 S-P2; 코드 E1744; 선취 0%; 후취 0%; 기본운용 0.8%; 판매 0.26%; 수탁 0.04%; 사무관리 0.02%; 총보수 1.12%; 기타비용 미산출; 총보수·비용 1.12%; [p.11|13] 클래스 최초설정일 - (NOT_ESTABLISHED)"
CLASS000236,FUND000017,AH939,수수료미징구-오프라인(C)-개인연금,C,연금저축,오프라인,0,0,0.54,0.95,0.03,0.01,1.53,1.5347,,NOT_DISCLOSED,DOC000017,8|22|8|9|30,"[p.8,22] C; 코드 AH939; 운용 0.54%; 판매 0.95%; 수탁 0.03%; 사무관리 0.01%; 총보수 1.53%; 총보수·비용 1.5347%; [p.8|9|30] 클래스 최초설정일 - (NOT_DISCLOSED)"
CLASS000237,FUND000017,AH940,수수료미징구-온라인(Ce)-개인연금,Ce,연금저축,온라인,0,0,0.54,0.47,0.03,0.01,1.05,1.0546,,NOT_DISCLOSED,DOC000017,8|22|8|9|30,"[p.8,22] Ce; 코드 AH940; 운용 0.54%; 판매 0.47%; 수탁 0.03%; 사무관리 0.01%; 총보수 1.05%; 총보수·비용 1.0546%; [p.8|9|30] 클래스 최초설정일 - (NOT_DISCLOSED)"
CLASS000238,FUND000017,AQ211,수수료미징구-온라인슈퍼(S-P)-개인연금,S-P,연금저축,온라인슈퍼,0,0,0.54,0.28,0.03,0.01,0.86,0.8645,,NOT_DISCLOSED,DOC000017,8|22|8|9|30,"[p.8,22] S-P; 코드 AQ211; 운용 0.54%; 판매 0.28%; 수탁 0.03%; 사무관리 0.01%; 총보수 0.86%; 총보수·비용 0.8645%; [p.8|9|30] 클래스 최초설정일 - (NOT_DISCLOSED)"
CLASS000239,FUND000018,BW322,수수료미징구-오프라인-퇴직연금(C-P),C-P,퇴직연금,오프라인,0,0,0.2,0.3,0.02,0.015,0.535,0.542,2008-02-28,ESTABLISHED,DOC000018,9|35|36|6,[p.35-36] C-P; 코드 BW322; 운용 0.2%; 판매 0.3%; 수탁 0.02%; 사무관리 0.015%; 총보수 0.535%; 총보수·비용 0.542%; [p.6] 클래스 최초설정일 2008-02-28 (ESTABLISHED)
CLASS000240,FUND000018,BW323,수수료미징구-온라인-퇴직연금(C-Pe),C-Pe,퇴직연금,온라인,0,0,0.2,0.15,0.02,0.015,0.385,0.385,,NOT_DISCLOSED,DOC000018,9|35|36|6,[p.35-36] C-Pe; 코드 BW323; 운용 0.2%; 판매 0.15%; 수탁 0.02%; 사무관리 0.015%; 총보수 0.385%; 총보수·비용 0.385%; [p.6] 클래스 최초설정일 - (NOT_DISCLOSED)
CLASS000241,FUND000019,AP738,수수료미징구-오프라인-개인연금(C),C,연금저축,오프라인,0,0,0.15,0.35,0.02,0.018,0.538,0.5406,2011-07-19,ESTABLISHED,DOC000019,10|26|27|35,"[p.10,26-27] C; 코드 AP738; 운용 0.15%; 판매 0.35%; 수탁 0.02%; 사무관리 0.018%; 총보수 0.538%; 총보수·비용 0.5406%; [p.35] 클래스 최초설정일 2011-07-19 (ESTABLISHED)"
CLASS000242,FUND000019,AP739,수수료미징구-온라인슈퍼-개인연금(S-P),S-P,연금저축,온라인슈퍼,0,0,0.15,0.15,0.02,0.018,0.338,0.3404,2014-04-22,ESTABLISHED,DOC000019,10|26|27|35,"[p.10,26-27] S-P; 코드 AP739; 운용 0.15%; 판매 0.15%; 수탁 0.02%; 사무관리 0.018%; 총보수 0.338%; 총보수·비용 0.3404%; [p.35] 클래스 최초설정일 2014-04-22 (ESTABLISHED)"
CLASS000243,FUND000019,BG326,수수료미징구-온라인-개인연금(C-E),C-E,연금저축,온라인,0,0,0.15,0.17,0.02,0.018,0.358,0.3602,2017-05-08,ESTABLISHED,DOC000019,10|26|27|35,"[p.10,26-27] C-E; 코드 BG326; 운용 0.15%; 판매 0.17%; 수탁 0.02%; 사무관리 0.018%; 총보수 0.358%; 총보수·비용 0.3602%; [p.35] 클래스 최초설정일 2017-05-08 (ESTABLISHED)"
CLASS000244,FUND000020,BZ696,종류 C,C,일반,오프라인,0,0,0.095,0.3,0.015,0.01,0.42,0.4224,2017-12-13,ESTABLISHED,DOC000020,11|25|26|40|41,"[p.11,25-26] C; 코드 BZ696; 선취 0%; 후취 0%; 운용 0.095%; 판매 0.3%; 수탁 0.015%; 사무관리 0.01%; 총보수 0.42%; 총보수·비용 0.4224%; [p.40|41] 클래스 최초설정일 2017-12-13 (ESTABLISHED)"
CLASS000245,FUND000020,BZ697,종류 C-E,C-E,일반,온라인,0,0,0.095,0.15,0.015,0.01,0.27,0.2724,2018-02-06,ESTABLISHED,DOC000020,11|25|26|40|41,"[p.11,25-26] C-E; 코드 BZ697; 선취 0%; 후취 0%; 운용 0.095%; 판매 0.15%; 수탁 0.015%; 사무관리 0.01%; 총보수 0.27%; 총보수·비용 0.2724%; [p.40|41] 클래스 최초설정일 2018-02-06 (ESTABLISHED)"
CLASS000246,FUND000020,BZ698,종류 C-G,C-G,일반,오프라인,0,0,0.095,0.225,0.015,0.01,0.345,0.345,2019-04-05,ESTABLISHED,DOC000020,11|25|26|40|41,"[p.11,25-26] C-G; 코드 BZ698; 선취 0%; 후취 0%; 운용 0.095%; 판매 0.225%; 수탁 0.015%; 사무관리 0.01%; 총보수 0.345%; 총보수·비용 0.345%; [p.40|41] 클래스 최초설정일 2019-04-05 (ESTABLISHED)"
CLASS000247,FUND000020,BZ699,종류 C-F,C-F,기관,오프라인,0,0,0.095,0.05,0.015,0.01,0.17,0.1724,2017-12-13,ESTABLISHED,DOC000020,11|25|26|40|41,"[p.11,25-26] C-F; 코드 BZ699; 선취 0%; 후취 0%; 운용 0.095%; 판매 0.05%; 수탁 0.015%; 사무관리 0.01%; 총보수 0.17%; 총보수·비용 0.1724%; [p.40|41] 클래스 최초설정일 2017-12-13 (ESTABLISHED)"
CLASS000248,FUND000020,BZ704,종류 C-W,C-W,랩,오프라인,0,0,0.095,0,0.015,0.01,0.12,0.1222,2023-11-16,ESTABLISHED,DOC000020,11|25|26|40|41,"[p.11,25-26] C-W; 코드 BZ704; 선취 0%; 후취 0%; 운용 0.095%; 판매 0%; 수탁 0.015%; 사무관리 0.01%; 총보수 0.12%; 총보수·비용 0.1222%; [p.40|41] 클래스 최초설정일 2023-11-16 (ESTABLISHED)"
CLASS000249,FUND000020,BZ702,종류 C-P2,C-P2,퇴직연금,오프라인,0,0,0.095,0.2,0.015,0.01,0.32,0.3224,2018-06-29,ESTABLISHED,DOC000020,11|25|26|40|41,"[p.11,25-26] C-P2; 코드 BZ702; 선취 0%; 후취 0%; 운용 0.095%; 판매 0.2%; 수탁 0.015%; 사무관리 0.01%; 총보수 0.32%; 총보수·비용 0.3224%; [p.40|41] 클래스 최초설정일 2018-06-29 (ESTABLISHED)"
CLASS000250,FUND000020,BZ703,종류 C-P2e,C-P2e,퇴직연금,온라인,0,0,0.095,0.1,0.015,0.01,0.22,0.2224,2019-12-09,ESTABLISHED,DOC000020,11|25|26|40|41,"[p.11,25-26] C-P2e; 코드 BZ703; 선취 0%; 후취 0%; 운용 0.095%; 판매 0.1%; 수탁 0.015%; 사무관리 0.01%; 총보수 0.22%; 총보수·비용 0.2224%; [p.40|41] 클래스 최초설정일 2019-12-09 (ESTABLISHED)"
CLASS000251,FUND000020,CD942,종류 C-P,C-P,연금저축,오프라인,0,0,0.095,0.21,0.015,0.01,0.33,0.3323,2019-07-26,ESTABLISHED,DOC000020,11|25|26|40|41,"[p.11,25-26] C-P; 코드 CD942; 선취 0%; 후취 0%; 운용 0.095%; 판매 0.21%; 수탁 0.015%; 사무관리 0.01%; 총보수 0.33%; 총보수·비용 0.3323%; [p.40|41] 클래스 최초설정일 2019-07-26 (ESTABLISHED)"
CLASS000252,FUND000020,CD943,종류 C-Pe,C-Pe,연금저축,온라인,0,0,0.095,0.105,0.015,0.01,0.225,0.2274,2019-08-23,ESTABLISHED,DOC000020,11|25|26|40|41,"[p.11,25-26] C-Pe; 코드 CD943; 선취 0%; 후취 0%; 운용 0.095%; 판매 0.105%; 수탁 0.015%; 사무관리 0.01%; 총보수 0.225%; 총보수·비용 0.2274%; [p.40|41] 클래스 최초설정일 2019-08-23 (ESTABLISHED)"
CLASS000253,FUND000020,CD944,종류 S,S,일반,온라인슈퍼,0,0.15,0.095,0.1,0.015,0.01,0.22,0.2224,2018-08-28,ESTABLISHED,DOC000020,11|25|26|40|41,"[p.11,25-26] S; 코드 CD944; 선취 0%; 후취 0.15%; 운용 0.095%; 판매 0.1%; 수탁 0.015%; 사무관리 0.01%; 총보수 0.22%; 총보수·비용 0.2224%; [p.40|41] 클래스 최초설정일 2018-08-28 (ESTABLISHED)"
CLASS000254,FUND000020,CD945,종류 S-P,S-P,연금저축,온라인슈퍼,0,0,0.095,0.06,0.015,0.01,0.18,0.1823,2018-08-30,ESTABLISHED,DOC000020,11|25|26|40|41,"[p.11,25-26] S-P; 코드 CD945; 선취 0%; 후취 0%; 운용 0.095%; 판매 0.06%; 수탁 0.015%; 사무관리 0.01%; 총보수 0.18%; 총보수·비용 0.1823%; [p.40|41] 클래스 최초설정일 2018-08-30 (ESTABLISHED)"
CLASS000255,FUND000020,EB197,종류 A,A,일반,오프라인,0.1,0,0.095,0.1,0.015,0.01,0.22,,2024-04-08,ESTABLISHED,DOC000020,11|25|26|40|41,"[p.11,25-26] A; 코드 EB197; 선취 0.1%; 후취 0%; 운용 0.095%; 판매 0.1%; 수탁 0.015%; 사무관리 0.01%; 총보수 0.22%; 총보수·비용 null%; [p.40|41] 클래스 최초설정일 2024-04-08 (ESTABLISHED)"
CLASS000256,FUND000020,EB196,종류 A-E,A-E,일반,온라인,0.05,0,0.095,0.05,0.015,0.01,0.17,0.1723,2024-09-12,ESTABLISHED,DOC000020,11|25|26|40|41,"[p.11,25-26] A-E; 코드 EB196; 선취 0.05%; 후취 0%; 운용 0.095%; 판매 0.05%; 수탁 0.015%; 사무관리 0.01%; 총보수 0.17%; 총보수·비용 0.1723%; [p.40|41] 클래스 최초설정일 2024-09-12 (ESTABLISHED)"
CLASS000257,FUND000020,E8226,종류 C-I,C-I,기관,오프라인,0,0,0.095,0.055,0.015,0.01,0.175,0.1775,2024-07-30,ESTABLISHED,DOC000020,11|25|26|40|41,"[p.11,25-26] C-I; 코드 E8226; 선취 0%; 후취 0%; 운용 0.095%; 판매 0.055%; 수탁 0.015%; 사무관리 0.01%; 총보수 0.175%; 총보수·비용 0.1775%; [p.40|41] 클래스 최초설정일 2024-07-30 (ESTABLISHED)"
CLASS000258,FUND000021,A8183,C,C,일반,오프라인,0,0,0.15,0.343,0.02,0.01,0.523,0.523,2003-12-31,ESTABLISHED,DOC000021,7|24|25|4,[p.7|24|25] C; 코드 A8183; 운용 0.15%; 판매 0.343%; 수탁 0.02%; 사무관리 0.01%; 총보수 0.523%; 총보수·비용 0.523%; [p.4] 클래스 최초설정일 2003-12-31 (ESTABLISHED)
CLASS000259,FUND000021,A8184,C-F,C-F,일반,기관,0,0,0.15,0.01,0.02,0.01,0.19,0.192,,NOT_DISCLOSED,DOC000021,7|24|25|4,[p.7|24|25] C-F; 코드 A8184; 운용 0.15%; 판매 0.01%; 수탁 0.02%; 사무관리 0.01%; 총보수 0.19%; 총보수·비용 0.192%; [p.4] 클래스 최초설정일 - (NOT_DISCLOSED)
CLASS000260,FUND000021,AP020,S,S,일반,온라인슈퍼,0,0.15,0.15,0.1,0.02,0.01,0.28,0.28,,NOT_DISCLOSED,DOC000021,7|24|25|4,[p.7|24|25] S; 코드 AP020; 운용 0.15%; 판매 0.1%; 수탁 0.02%; 사무관리 0.01%; 총보수 0.28%; 총보수·비용 0.28%; [p.4] 클래스 최초설정일 - (NOT_DISCLOSED)
CLASS000261,FUND000021,AX771,A,A,일반,오프라인,0.3,0,0.15,0.203,0.02,0.01,0.383,0.383,,NOT_DISCLOSED,DOC000021,7|24|25|4,[p.7|24|25] A; 코드 AX771; 운용 0.15%; 판매 0.203%; 수탁 0.02%; 사무관리 0.01%; 총보수 0.383%; 총보수·비용 0.383%; [p.4] 클래스 최초설정일 - (NOT_DISCLOSED)
CLASS000262,FUND000021,AX773,C-E,C-E,일반,온라인,0,0,0.15,0.171,0.02,0.01,0.351,0.351,,NOT_DISCLOSED,DOC000021,7|24|25|4,[p.7|24|25] C-E; 코드 AX773; 운용 0.15%; 판매 0.171%; 수탁 0.02%; 사무관리 0.01%; 총보수 0.351%; 총보수·비용 0.351%; [p.4] 클래스 최초설정일 - (NOT_DISCLOSED)
CLASS000263,FUND000021,B2677,C-W,C-W,일반,랩·금전신탁,0,0,0.15,0,0.02,0.01,0.18,0.18,,NOT_DISCLOSED,DOC000021,7|24|25|4,[p.7|24|25] C-W; 코드 B2677; 운용 0.15%; 판매 0%; 수탁 0.02%; 사무관리 0.01%; 총보수 0.18%; 총보수·비용 0.18%; [p.4] 클래스 최초설정일 - (NOT_DISCLOSED)
CLASS000264,FUND000021,BJ743,C-P,C-P,연금저축,오프라인,0,0,0.15,0.291,0.02,0.01,0.471,0.472,,NOT_DISCLOSED,DOC000021,7|24|25|4,[p.7|24|25] C-P; 코드 BJ743; 운용 0.15%; 판매 0.291%; 수탁 0.02%; 사무관리 0.01%; 총보수 0.471%; 총보수·비용 0.472%; [p.4] 클래스 최초설정일 - (NOT_DISCLOSED)
CLASS000265,FUND000021,BJ744,C-Pe,C-Pe,연금저축,온라인,0,0,0.15,0.145,0.02,0.01,0.325,0.325,,NOT_DISCLOSED,DOC000021,7|24|25|4,[p.7|24|25] C-Pe; 코드 BJ744; 운용 0.15%; 판매 0.145%; 수탁 0.02%; 사무관리 0.01%; 총보수 0.325%; 총보수·비용 0.325%; [p.4] 클래스 최초설정일 - (NOT_DISCLOSED)
CLASS000266,FUND000021,BJ745,S-P,S-P,연금저축,온라인슈퍼,0,0,0.15,0.08,0.02,0.01,0.26,0.26,,NOT_DISCLOSED,DOC000021,7|24|25|4,[p.7|24|25] S-P; 코드 BJ745; 운용 0.15%; 판매 0.08%; 수탁 0.02%; 사무관리 0.01%; 총보수 0.26%; 총보수·비용 0.26%; [p.4] 클래스 최초설정일 - (NOT_DISCLOSED)
CLASS000267,FUND000021,BJ746,C-퇴직연금,C-퇴직연금,퇴직연금,오프라인,0,0,0.15,0.274,0.02,0.01,0.454,0.456,,NOT_DISCLOSED,DOC000021,7|24|25|4,[p.7|24|25] C-퇴직연금; 코드 BJ746; 운용 0.15%; 판매 0.274%; 수탁 0.02%; 사무관리 0.01%; 총보수 0.454%; 총보수·비용 0.456%; [p.4] 클래스 최초설정일 - (NOT_DISCLOSED)
CLASS000268,FUND000021,BP408,A-G,A-G,일반,오프라인,0.21,0,0.15,0.142,0.02,0.01,0.322,0.322,,NOT_DISCLOSED,DOC000021,7|24|25|4,[p.7|24|25] A-G; 코드 BP408; 운용 0.15%; 판매 0.142%; 수탁 0.02%; 사무관리 0.01%; 총보수 0.322%; 총보수·비용 0.322%; [p.4] 클래스 최초설정일 - (NOT_DISCLOSED)
CLASS000269,FUND000021,BP277,C-G,C-G,일반,오프라인,0,0,0.15,0.24,0.02,0.01,0.42,0.42,,NOT_DISCLOSED,DOC000021,7|24|25|4,[p.7|24|25] C-G; 코드 BP277; 운용 0.15%; 판매 0.24%; 수탁 0.02%; 사무관리 0.01%; 총보수 0.42%; 총보수·비용 0.42%; [p.4] 클래스 최초설정일 - (NOT_DISCLOSED)
CLASS000270,FUND000021,CG985,A-E,A-E,일반,온라인,0.15,0,0.15,0.101,0.02,0.01,0.281,0.281,,NOT_DISCLOSED,DOC000021,7|24|25|4,[p.7|24|25] A-E; 코드 CG985; 운용 0.15%; 판매 0.101%; 수탁 0.02%; 사무관리 0.01%; 총보수 0.281%; 총보수·비용 0.281%; [p.4] 클래스 최초설정일 - (NOT_DISCLOSED)
CLASS000271,FUND000021,CG986,C-퇴직e,C-퇴직e,퇴직연금,온라인,0,0,0.15,0.137,0.02,0.01,0.317,0.32,,NOT_DISCLOSED,DOC000021,7|24|25|4,[p.7|24|25] C-퇴직e; 코드 CG986; 운용 0.15%; 판매 0.137%; 수탁 0.02%; 사무관리 0.01%; 총보수 0.317%; 총보수·비용 0.32%; [p.4] 클래스 최초설정일 - (NOT_DISCLOSED)
CLASS000272,FUND000021,DI274,S-퇴직,S-퇴직,퇴직연금,온라인슈퍼,0,0,0.15,0.07,0.02,0.01,0.25,0.25,,NOT_DISCLOSED,DOC000021,7|24|25|4,[p.7|24|25] S-퇴직; 코드 DI274; 운용 0.15%; 판매 0.07%; 수탁 0.02%; 사무관리 0.01%; 총보수 0.25%; 총보수·비용 0.25%; [p.4] 클래스 최초설정일 - (NOT_DISCLOSED)
CLASS000273,FUND000022,B5556,A,A,일반,오프라인,0.2,0,0.08,0.03,0.015,0.01,0.135,0.135,2015-08-20,ESTABLISHED,DOC000023,9|26|27|5,[p.9|26|27] A; 코드 B5556; 운용 0.08%; 판매 0.03%; 수탁 0.015%; 사무관리 0.01%; 총보수 0.135%; 총보수·비용 0.135%; [p.5] 클래스 최초설정일 2015-08-20 (ESTABLISHED)
CLASS000274,FUND000022,B6005,C,C,일반,오프라인,0,0,0.08,0.16,0.015,0.01,0.265,0.266,,NOT_DISCLOSED,DOC000023,9|26|27|5,[p.9|26|27] C; 코드 B6005; 운용 0.08%; 판매 0.16%; 수탁 0.015%; 사무관리 0.01%; 총보수 0.265%; 총보수·비용 0.266%; [p.5] 클래스 최초설정일 - (NOT_DISCLOSED)
CLASS000275,FUND000022,B6006,C-E,C-E,일반,온라인,0,0,0.08,0.08,0.015,0.01,0.185,0.186,,NOT_DISCLOSED,DOC000023,9|26|27|5,[p.9|26|27] C-E; 코드 B6006; 운용 0.08%; 판매 0.08%; 수탁 0.015%; 사무관리 0.01%; 총보수 0.185%; 총보수·비용 0.186%; [p.5] 클래스 최초설정일 - (NOT_DISCLOSED)
CLASS000276,FUND000022,B6007,C-F,C-F,일반,기관,0,0,0.08,0.01,0.015,0.01,0.115,0.115,,NOT_DISCLOSED,DOC000023,9|26|27|5,[p.9|26|27] C-F; 코드 B6007; 운용 0.08%; 판매 0.01%; 수탁 0.015%; 사무관리 0.01%; 총보수 0.115%; 총보수·비용 0.115%; [p.5] 클래스 최초설정일 - (NOT_DISCLOSED)
CLASS000277,FUND000022,B6008,C-퇴직연금,C-퇴직연금,퇴직연금,오프라인,0,0,0.08,0.135,0.015,0.01,0.24,0.243,,NOT_DISCLOSED,DOC000023,9|26|27|5,[p.9|26|27] C-퇴직연금; 코드 B6008; 운용 0.08%; 판매 0.135%; 수탁 0.015%; 사무관리 0.01%; 총보수 0.24%; 총보수·비용 0.243%; [p.5] 클래스 최초설정일 - (NOT_DISCLOSED)
CLASS000278,FUND000022,BC985,C-W,C-W,일반,랩·금전신탁,0,0,0.08,0,0.015,0.01,0.105,0.105,,NOT_DISCLOSED,DOC000023,9|26|27|5,[p.9|26|27] C-W; 코드 BC985; 운용 0.08%; 판매 0%; 수탁 0.015%; 사무관리 0.01%; 총보수 0.105%; 총보수·비용 0.105%; [p.5] 클래스 최초설정일 - (NOT_DISCLOSED)
CLASS000279,FUND000022,BH806,C-P,C-P,연금저축,오프라인,0,0,0.08,0.145,0.015,0.01,0.25,0.252,,NOT_DISCLOSED,DOC000023,9|26|27|5,[p.9|26|27] C-P; 코드 BH806; 운용 0.08%; 판매 0.145%; 수탁 0.015%; 사무관리 0.01%; 총보수 0.25%; 총보수·비용 0.252%; [p.5] 클래스 최초설정일 - (NOT_DISCLOSED)
CLASS000280,FUND000022,BH807,C-Pe,C-Pe,연금저축,온라인,0,0,0.08,0.072,0.015,0.01,0.177,0.177,,NOT_DISCLOSED,DOC000023,9|26|27|5,[p.9|26|27] C-Pe; 코드 BH807; 운용 0.08%; 판매 0.072%; 수탁 0.015%; 사무관리 0.01%; 총보수 0.177%; 총보수·비용 0.177%; [p.5] 클래스 최초설정일 - (NOT_DISCLOSED)
CLASS000281,FUND000022,BH808,S,S,일반,온라인슈퍼,0,0.15,0.08,0.014,0.015,0.01,0.119,0.119,,NOT_DISCLOSED,DOC000023,9|26|27|5,[p.9|26|27] S; 코드 BH808; 운용 0.08%; 판매 0.014%; 수탁 0.015%; 사무관리 0.01%; 총보수 0.119%; 총보수·비용 0.119%; [p.5] 클래스 최초설정일 - (NOT_DISCLOSED)
CLASS000282,FUND000022,BH809,S-P,S-P,연금저축,온라인슈퍼,0,0,0.08,0.071,0.015,0.01,0.176,0.176,,NOT_DISCLOSED,DOC000023,9|26|27|5,[p.9|26|27] S-P; 코드 BH809; 운용 0.08%; 판매 0.071%; 수탁 0.015%; 사무관리 0.01%; 총보수 0.176%; 총보수·비용 0.176%; [p.5] 클래스 최초설정일 - (NOT_DISCLOSED)
CLASS000283,FUND000022,BP416,A-G,A-G,일반,오프라인,0.14,0,0.08,0.021,0.015,0.01,0.126,0.126,,NOT_DISCLOSED,DOC000023,9|26|27|5,[p.9|26|27] A-G; 코드 BP416; 운용 0.08%; 판매 0.021%; 수탁 0.015%; 사무관리 0.01%; 총보수 0.126%; 총보수·비용 0.126%; [p.5] 클래스 최초설정일 - (NOT_DISCLOSED)
CLASS000284,FUND000022,BP285,C-G,C-G,일반,오프라인,0,0,0.08,0.112,0.015,0.01,0.217,0.217,,NOT_DISCLOSED,DOC000023,9|26|27|5,[p.9|26|27] C-G; 코드 BP285; 운용 0.08%; 판매 0.112%; 수탁 0.015%; 사무관리 0.01%; 총보수 0.217%; 총보수·비용 0.217%; [p.5] 클래스 최초설정일 - (NOT_DISCLOSED)
CLASS000285,FUND000022,BV451,C-퇴직e,C-퇴직e,퇴직연금,온라인,0,0,0.08,0.067,0.015,0.01,0.172,0.174,,NOT_DISCLOSED,DOC000023,9|26|27|5,[p.9|26|27] C-퇴직e; 코드 BV451; 운용 0.08%; 판매 0.067%; 수탁 0.015%; 사무관리 0.01%; 총보수 0.172%; 총보수·비용 0.174%; [p.5] 클래스 최초설정일 - (NOT_DISCLOSED)
CLASS000286,FUND000022,BY880,A-E,A-E,일반,온라인,0.1,0,0.08,0.015,0.015,0.01,0.12,0.12,,NOT_DISCLOSED,DOC000023,9|26|27|5,[p.9|26|27] A-E; 코드 BY880; 운용 0.08%; 판매 0.015%; 수탁 0.015%; 사무관리 0.01%; 총보수 0.12%; 총보수·비용 0.12%; [p.5] 클래스 최초설정일 - (NOT_DISCLOSED)
CLASS000287,FUND000022,DH921,S-퇴직,S-퇴직,퇴직연금,온라인슈퍼,0,0,0.08,0.066,0.015,0.01,0.171,0.171,,NOT_DISCLOSED,DOC000023,9|26|27|5,[p.9|26|27] S-퇴직; 코드 DH921; 운용 0.08%; 판매 0.066%; 수탁 0.015%; 사무관리 0.01%; 총보수 0.171%; 총보수·비용 0.171%; [p.5] 클래스 최초설정일 - (NOT_DISCLOSED)
CLASS000288,FUND000023,BG608,A,A,일반,오프라인,0.3,0,0.12,0.14,0.01,0.01,0.28,0.282,2016-09-07,ESTABLISHED,DOC000024,8|24|25|26|5,[p.8|24|25|26] A; 코드 BG608; 운용 0.12%; 판매 0.14%; 수탁 0.01%; 사무관리 0.01%; 총보수 0.28%; 총보수·비용 0.282%; [p.5] 클래스 최초설정일 2016-09-07 (ESTABLISHED)
CLASS000289,FUND000023,BG609,A-E,A-E,일반,온라인,0.15,0,0.12,0.07,0.01,0.01,0.21,0.212,,NOT_DISCLOSED,DOC000024,8|24|25|26|5,[p.8|24|25|26] A-E; 코드 BG609; 운용 0.12%; 판매 0.07%; 수탁 0.01%; 사무관리 0.01%; 총보수 0.21%; 총보수·비용 0.212%; [p.5] 클래스 최초설정일 - (NOT_DISCLOSED)
CLASS000290,FUND000023,BG610,C,C,일반,오프라인,0,0,0.12,0.32,0.01,0.01,0.46,0.461,,NOT_DISCLOSED,DOC000024,8|24|25|26|5,[p.8|24|25|26] C; 코드 BG610; 운용 0.12%; 판매 0.32%; 수탁 0.01%; 사무관리 0.01%; 총보수 0.46%; 총보수·비용 0.461%; [p.5] 클래스 최초설정일 - (NOT_DISCLOSED)
CLASS000291,FUND000023,BG611,C-E,C-E,일반,온라인,0,0,0.12,0.16,0.01,0.01,0.3,0.301,,NOT_DISCLOSED,DOC000024,8|24|25|26|5,[p.8|24|25|26] C-E; 코드 BG611; 운용 0.12%; 판매 0.16%; 수탁 0.01%; 사무관리 0.01%; 총보수 0.3%; 총보수·비용 0.301%; [p.5] 클래스 최초설정일 - (NOT_DISCLOSED)
CLASS000292,FUND000023,BG612,C-F,C-F,일반,기관,0,0,0.12,0.02,0.01,0.01,0.16,0.16,,NOT_DISCLOSED,DOC000024,8|24|25|26|5,[p.8|24|25|26] C-F; 코드 BG612; 운용 0.12%; 판매 0.02%; 수탁 0.01%; 사무관리 0.01%; 총보수 0.16%; 총보수·비용 0.16%; [p.5] 클래스 최초설정일 - (NOT_DISCLOSED)
CLASS000293,FUND000023,BG613,C-W,C-W,일반,랩·금전신탁,0,0,0.12,0,0.01,0.01,0.14,0.14,,NOT_DISCLOSED,DOC000024,8|24|25|26|5,[p.8|24|25|26] C-W; 코드 BG613; 운용 0.12%; 판매 0%; 수탁 0.01%; 사무관리 0.01%; 총보수 0.14%; 총보수·비용 0.14%; [p.5] 클래스 최초설정일 - (NOT_DISCLOSED)
CLASS000294,FUND000023,BG614,S,S,일반,온라인슈퍼,0,0.15,0.12,0.06,0.01,0.01,0.2,0.2,,NOT_DISCLOSED,DOC000024,8|24|25|26|5,[p.8|24|25|26] S; 코드 BG614; 운용 0.12%; 판매 0.06%; 수탁 0.01%; 사무관리 0.01%; 총보수 0.2%; 총보수·비용 0.2%; [p.5] 클래스 최초설정일 - (NOT_DISCLOSED)
CLASS000295,FUND000023,BG615,C-P,C-P,연금저축,오프라인,0,0,0.12,0.27,0.01,0.01,0.41,0.41,,NOT_DISCLOSED,DOC000024,8|24|25|26|5,[p.8|24|25|26] C-P; 코드 BG615; 운용 0.12%; 판매 0.27%; 수탁 0.01%; 사무관리 0.01%; 총보수 0.41%; 총보수·비용 0.41%; [p.5] 클래스 최초설정일 - (NOT_DISCLOSED)
CLASS000296,FUND000023,BG616,C-Pe,C-Pe,연금저축,온라인,0,0,0.12,0.135,0.01,0.01,0.275,0.276,,NOT_DISCLOSED,DOC000024,8|24|25|26|5,[p.8|24|25|26] C-Pe; 코드 BG616; 운용 0.12%; 판매 0.135%; 수탁 0.01%; 사무관리 0.01%; 총보수 0.275%; 총보수·비용 0.276%; [p.5] 클래스 최초설정일 - (NOT_DISCLOSED)
CLASS000297,FUND000023,BG617,C-퇴직연금,C-퇴직연금,퇴직연금,오프라인,0,0,0.12,0.26,0.01,0.01,0.4,0.4,,NOT_DISCLOSED,DOC000024,8|24|25|26|5,[p.8|24|25|26] C-퇴직연금; 코드 BG617; 운용 0.12%; 판매 0.26%; 수탁 0.01%; 사무관리 0.01%; 총보수 0.4%; 총보수·비용 0.4%; [p.5] 클래스 최초설정일 - (NOT_DISCLOSED)
CLASS000298,FUND000023,BU610,C-퇴직e,C-퇴직e,퇴직연금,온라인,0,0,0.12,0.13,0.01,0.01,0.27,0.274,,NOT_DISCLOSED,DOC000024,8|24|25|26|5,[p.8|24|25|26] C-퇴직e; 코드 BU610; 운용 0.12%; 판매 0.13%; 수탁 0.01%; 사무관리 0.01%; 총보수 0.27%; 총보수·비용 0.274%; [p.5] 클래스 최초설정일 - (NOT_DISCLOSED)
CLASS000299,FUND000023,DI517,S-P,S-P,연금저축,온라인슈퍼,0,0,0.12,0.048,0.01,0.01,0.188,0.188,,NOT_DISCLOSED,DOC000024,8|24|25|26|5,[p.8|24|25|26] S-P; 코드 DI517; 운용 0.12%; 판매 0.048%; 수탁 0.01%; 사무관리 0.01%; 총보수 0.188%; 총보수·비용 0.188%; [p.5] 클래스 최초설정일 - (NOT_DISCLOSED)
CLASS000300,FUND000023,DI267,S-퇴직,S-퇴직,퇴직연금,온라인슈퍼,0,0,0.12,0.038,0.01,0.01,0.178,0.178,,NOT_DISCLOSED,DOC000024,8|24|25|26|5,[p.8|24|25|26] S-퇴직; 코드 DI267; 운용 0.12%; 판매 0.038%; 수탁 0.01%; 사무관리 0.01%; 총보수 0.178%; 총보수·비용 0.178%; [p.5] 클래스 최초설정일 - (NOT_DISCLOSED)
CLASS000301,FUND000024,18455,A,A,일반,오프라인,1,0,0.683,0.583,0.03,0.01,1.306,1.307,2010-01-05,ESTABLISHED,DOC000025,7|26|27|28|4,[p.7|26|27|28] A; 코드 18455; 운용 0.683%; 판매 0.583%; 수탁 0.03%; 사무관리 0.01%; 총보수 1.306%; 총보수·비용 1.307%; [p.4] 클래스 최초설정일 2010-01-05 (ESTABLISHED)
CLASS000302,FUND000024,18458,C,C,일반,오프라인,0,0,0.683,1.5,0.03,0.01,2.223,2.223,,NOT_DISCLOSED,DOC000025,7|26|27|28|4,[p.7|26|27|28] C; 코드 18458; 운용 0.683%; 판매 1.5%; 수탁 0.03%; 사무관리 0.01%; 총보수 2.223%; 총보수·비용 2.223%; [p.4] 클래스 최초설정일 - (NOT_DISCLOSED)
CLASS000303,FUND000024,18459,C2,C2,일반,오프라인,0,0,0.683,1.33,0.03,0.01,2.053,2.053,,NOT_DISCLOSED,DOC000025,7|26|27|28|4,[p.7|26|27|28] C2; 코드 18459; 운용 0.683%; 판매 1.33%; 수탁 0.03%; 사무관리 0.01%; 총보수 2.053%; 총보수·비용 2.053%; [p.4] 클래스 최초설정일 - (NOT_DISCLOSED)
CLASS000304,FUND000024,18460,C3,C3,일반,오프라인,0,0,0.683,1.16,0.03,0.01,1.883,1.883,,NOT_DISCLOSED,DOC000025,7|26|27|28|4,[p.7|26|27|28] C3; 코드 18460; 운용 0.683%; 판매 1.16%; 수탁 0.03%; 사무관리 0.01%; 총보수 1.883%; 총보수·비용 1.883%; [p.4] 클래스 최초설정일 - (NOT_DISCLOSED)
CLASS000305,FUND000024,18461,C4,C4,일반,오프라인,0,0,0.683,1,0.03,0.01,1.723,1.723,,NOT_DISCLOSED,DOC000025,7|26|27|28|4,[p.7|26|27|28] C4; 코드 18461; 운용 0.683%; 판매 1%; 수탁 0.03%; 사무관리 0.01%; 총보수 1.723%; 총보수·비용 1.723%; [p.4] 클래스 최초설정일 - (NOT_DISCLOSED)
CLASS000306,FUND000024,18463,C-R,C-R,일반,오프라인,0,0,0.683,1,0.03,0.01,1.723,1.723,,NOT_DISCLOSED,DOC000025,7|26|27|28|4,[p.7|26|27|28] C-R; 코드 18463; 운용 0.683%; 판매 1%; 수탁 0.03%; 사무관리 0.01%; 총보수 1.723%; 총보수·비용 1.723%; [p.4] 클래스 최초설정일 - (NOT_DISCLOSED)
CLASS000307,FUND000024,18462,C-E,C-E,일반,온라인,0,0,0.683,0.99,0.03,0.01,1.713,1.713,,NOT_DISCLOSED,DOC000025,7|26|27|28|4,[p.7|26|27|28] C-E; 코드 18462; 운용 0.683%; 판매 0.99%; 수탁 0.03%; 사무관리 0.01%; 총보수 1.713%; 총보수·비용 1.713%; [p.4] 클래스 최초설정일 - (NOT_DISCLOSED)
CLASS000308,FUND000024,29987,C-F,C-F,일반,기관,0,0,0.683,0.03,0.03,0.01,0.753,0.754,,NOT_DISCLOSED,DOC000025,7|26|27|28|4,[p.7|26|27|28] C-F; 코드 29987; 운용 0.683%; 판매 0.03%; 수탁 0.03%; 사무관리 0.01%; 총보수 0.753%; 총보수·비용 0.754%; [p.4] 클래스 최초설정일 - (NOT_DISCLOSED)
CLASS000309,FUND000024,AP543,S,S,일반,온라인슈퍼,0,0.15,0.683,0.25,0.03,0.01,0.973,0.973,,NOT_DISCLOSED,DOC000025,7|26|27|28|4,[p.7|26|27|28] S; 코드 AP543; 운용 0.683%; 판매 0.25%; 수탁 0.03%; 사무관리 0.01%; 총보수 0.973%; 총보수·비용 0.973%; [p.4] 클래스 최초설정일 - (NOT_DISCLOSED)
CLASS000310,FUND000024,B7594,C-퇴직연금,C-퇴직연금,퇴직연금,오프라인,0,0,0.683,0.64,0.03,0.01,1.363,1.364,,NOT_DISCLOSED,DOC000025,7|26|27|28|4,[p.7|26|27|28] C-퇴직연금; 코드 B7594; 운용 0.683%; 판매 0.64%; 수탁 0.03%; 사무관리 0.01%; 총보수 1.363%; 총보수·비용 1.364%; [p.4] 클래스 최초설정일 - (NOT_DISCLOSED)
CLASS000311,FUND000024,BG738,A-E,A-E,일반,온라인,0.5,0,0.683,0.291,0.03,0.01,1.014,1.015,,NOT_DISCLOSED,DOC000025,7|26|27|28|4,[p.7|26|27|28] A-E; 코드 BG738; 운용 0.683%; 판매 0.291%; 수탁 0.03%; 사무관리 0.01%; 총보수 1.014%; 총보수·비용 1.015%; [p.4] 클래스 최초설정일 - (NOT_DISCLOSED)
CLASS000312,FUND000024,BH801,C-P,C-P,연금저축,오프라인,0,0,0.683,0.85,0.03,0.01,1.573,1.573,,NOT_DISCLOSED,DOC000025,7|26|27|28|4,[p.7|26|27|28] C-P; 코드 BH801; 운용 0.683%; 판매 0.85%; 수탁 0.03%; 사무관리 0.01%; 총보수 1.573%; 총보수·비용 1.573%; [p.4] 클래스 최초설정일 - (NOT_DISCLOSED)
CLASS000313,FUND000024,BH802,C-Pe,C-Pe,연금저축,온라인,0,0,0.683,0.425,0.03,0.01,1.148,1.148,,NOT_DISCLOSED,DOC000025,7|26|27|28|4,[p.7|26|27|28] C-Pe; 코드 BH802; 운용 0.683%; 판매 0.425%; 수탁 0.03%; 사무관리 0.01%; 총보수 1.148%; 총보수·비용 1.148%; [p.4] 클래스 최초설정일 - (NOT_DISCLOSED)
CLASS000314,FUND000024,BH803,S-P,S-P,연금저축,온라인슈퍼,0,0,0.683,0.23,0.03,0.01,0.953,0.953,,NOT_DISCLOSED,DOC000025,7|26|27|28|4,[p.7|26|27|28] S-P; 코드 BH803; 운용 0.683%; 판매 0.23%; 수탁 0.03%; 사무관리 0.01%; 총보수 0.953%; 총보수·비용 0.953%; [p.4] 클래스 최초설정일 - (NOT_DISCLOSED)
CLASS000315,FUND000024,BP417,A-G,A-G,일반,오프라인,0.7,0,0.683,0.408,0.03,0.01,1.131,1.131,,NOT_DISCLOSED,DOC000025,7|26|27|28|4,[p.7|26|27|28] A-G; 코드 BP417; 운용 0.683%; 판매 0.408%; 수탁 0.03%; 사무관리 0.01%; 총보수 1.131%; 총보수·비용 1.131%; [p.4] 클래스 최초설정일 - (NOT_DISCLOSED)
CLASS000316,FUND000024,BP286,C-G,C-G,일반,오프라인,0,0,0.683,0.874,0.03,0.01,1.597,1.597,,NOT_DISCLOSED,DOC000025,7|26|27|28|4,[p.7|26|27|28] C-G; 코드 BP286; 운용 0.683%; 판매 0.874%; 수탁 0.03%; 사무관리 0.01%; 총보수 1.597%; 총보수·비용 1.597%; [p.4] 클래스 최초설정일 - (NOT_DISCLOSED)
CLASS000317,FUND000024,BV450,C-퇴직e,C-퇴직e,퇴직연금,온라인,0,0,0.683,0.32,0.03,0.01,1.043,1.043,,NOT_DISCLOSED,DOC000025,7|26|27|28|4,[p.7|26|27|28] C-퇴직e; 코드 BV450; 운용 0.683%; 판매 0.32%; 수탁 0.03%; 사무관리 0.01%; 총보수 1.043%; 총보수·비용 1.043%; [p.4] 클래스 최초설정일 - (NOT_DISCLOSED)
CLASS000318,FUND000024,D3220,S-퇴직,S-퇴직,퇴직연금,온라인슈퍼,0,0,0.683,0.22,0.03,0.01,0.943,0.943,,NOT_DISCLOSED,DOC000025,7|26|27|28|4,[p.7|26|27|28] S-퇴직; 코드 D3220; 운용 0.683%; 판매 0.22%; 수탁 0.03%; 사무관리 0.01%; 총보수 0.943%; 총보수·비용 0.943%; [p.4] 클래스 최초설정일 - (NOT_DISCLOSED)
CLASS000319,FUND000025,BD845,A,A,일반,오프라인,1,0,0.385,0.72,0.02,0.015,1.14,1.153,2016-05-17,ESTABLISHED,DOC000026,9|28|29|5,[p.9|28|29] A; 코드 BD845; 운용 0.385%; 판매 0.72%; 수탁 0.02%; 사무관리 0.015%; 총보수 1.14%; 총보수·비용 1.153%; [p.5] 클래스 최초설정일 2016-05-17 (ESTABLISHED)
CLASS000320,FUND000025,BD846,A-E,A-E,일반,온라인,0.5,0,0.385,0.36,0.02,0.015,0.78,0.788,,NOT_DISCLOSED,DOC000026,9|28|29|5,[p.9|28|29] A-E; 코드 BD846; 운용 0.385%; 판매 0.36%; 수탁 0.02%; 사무관리 0.015%; 총보수 0.78%; 총보수·비용 0.788%; [p.5] 클래스 최초설정일 - (NOT_DISCLOSED)
CLASS000321,FUND000025,BD849,C,C,일반,오프라인,0,0,0.385,1,0.02,0.015,1.42,1.422,,NOT_DISCLOSED,DOC000026,9|28|29|5,[p.9|28|29] C; 코드 BD849; 운용 0.385%; 판매 1%; 수탁 0.02%; 사무관리 0.015%; 총보수 1.42%; 총보수·비용 1.422%; [p.5] 클래스 최초설정일 - (NOT_DISCLOSED)
CLASS000322,FUND000025,BD850,C-E,C-E,일반,온라인,0,0,0.385,0.5,0.02,0.015,0.92,0.925,,NOT_DISCLOSED,DOC000026,9|28|29|5,[p.9|28|29] C-E; 코드 BD850; 운용 0.385%; 판매 0.5%; 수탁 0.02%; 사무관리 0.015%; 총보수 0.92%; 총보수·비용 0.925%; [p.5] 클래스 최초설정일 - (NOT_DISCLOSED)
CLASS000323,FUND000025,BD851,C-F,C-F,일반,기관,0,0,0.385,0.03,0.02,0.015,0.45,0.45,,NOT_DISCLOSED,DOC000026,9|28|29|5,[p.9|28|29] C-F; 코드 BD851; 운용 0.385%; 판매 0.03%; 수탁 0.02%; 사무관리 0.015%; 총보수 0.45%; 총보수·비용 0.45%; [p.5] 클래스 최초설정일 - (NOT_DISCLOSED)
CLASS000324,FUND000025,BD852,C-W,C-W,일반,랩·금전신탁,0,0,0.385,0,0.02,0.015,0.42,0.42,,NOT_DISCLOSED,DOC000026,9|28|29|5,[p.9|28|29] C-W; 코드 BD852; 운용 0.385%; 판매 0%; 수탁 0.02%; 사무관리 0.015%; 총보수 0.42%; 총보수·비용 0.42%; [p.5] 클래스 최초설정일 - (NOT_DISCLOSED)
CLASS000325,FUND000025,BD853,S,S,일반,온라인슈퍼,0,0.15,0.385,0.3,0.02,0.015,0.72,0.72,,NOT_DISCLOSED,DOC000026,9|28|29|5,[p.9|28|29] S; 코드 BD853; 운용 0.385%; 판매 0.3%; 수탁 0.02%; 사무관리 0.015%; 총보수 0.72%; 총보수·비용 0.72%; [p.5] 클래스 최초설정일 - (NOT_DISCLOSED)
CLASS000326,FUND000025,BW381,C-P,C-P,연금저축,오프라인,0,0,0.385,0.8,0.02,0.015,1.22,1.221,,NOT_DISCLOSED,DOC000026,9|28|29|5,[p.9|28|29] C-P; 코드 BW381; 운용 0.385%; 판매 0.8%; 수탁 0.02%; 사무관리 0.015%; 총보수 1.22%; 총보수·비용 1.221%; [p.5] 클래스 최초설정일 - (NOT_DISCLOSED)
CLASS000327,FUND000025,BW382,C-Pe,C-Pe,연금저축,온라인,0,0,0.385,0.4,0.02,0.015,0.82,0.822,,NOT_DISCLOSED,DOC000026,9|28|29|5,[p.9|28|29] C-Pe; 코드 BW382; 운용 0.385%; 판매 0.4%; 수탁 0.02%; 사무관리 0.015%; 총보수 0.82%; 총보수·비용 0.822%; [p.5] 클래스 최초설정일 - (NOT_DISCLOSED)
CLASS000328,FUND000025,BW383,S-P,S-P,연금저축,온라인슈퍼,0,0,0.385,0.24,0.02,0.015,0.66,0.66,,NOT_DISCLOSED,DOC000026,9|28|29|5,[p.9|28|29] S-P; 코드 BW383; 운용 0.385%; 판매 0.24%; 수탁 0.02%; 사무관리 0.015%; 총보수 0.66%; 총보수·비용 0.66%; [p.5] 클래스 최초설정일 - (NOT_DISCLOSED)
CLASS000329,FUND000025,CN739,C-퇴직,C-퇴직,퇴직연금,오프라인,0,0,0.385,0.7,0.02,0.015,1.12,1.12,,NOT_DISCLOSED,DOC000026,9|28|29|5,[p.9|28|29] C-퇴직; 코드 CN739; 운용 0.385%; 판매 0.7%; 수탁 0.02%; 사무관리 0.015%; 총보수 1.12%; 총보수·비용 1.12%; [p.5] 클래스 최초설정일 - (NOT_DISCLOSED)
CLASS000330,FUND000025,CN740,C-퇴직e,C-퇴직e,퇴직연금,온라인,0,0,0.385,0.35,0.02,0.015,0.77,0.773,,NOT_DISCLOSED,DOC000026,9|28|29|5,[p.9|28|29] C-퇴직e; 코드 CN740; 운용 0.385%; 판매 0.35%; 수탁 0.02%; 사무관리 0.015%; 총보수 0.77%; 총보수·비용 0.773%; [p.5] 클래스 최초설정일 - (NOT_DISCLOSED)
CLASS000331,FUND000025,E5765,A-G,A-G,일반,오프라인,0.7,0,0.385,0.504,0.02,0.015,0.924,0.924,,NOT_DISCLOSED,DOC000026,9|28|29|5,[p.9|28|29] A-G; 코드 E5765; 운용 0.385%; 판매 0.504%; 수탁 0.02%; 사무관리 0.015%; 총보수 0.924%; 총보수·비용 0.924%; [p.5] 클래스 최초설정일 - (NOT_DISCLOSED)
CLASS000332,FUND000025,E5766,C-G,C-G,일반,오프라인,0,0,0.385,0.7,0.02,0.015,1.12,1.12,,NOT_DISCLOSED,DOC000026,9|28|29|5,[p.9|28|29] C-G; 코드 E5766; 운용 0.385%; 판매 0.7%; 수탁 0.02%; 사무관리 0.015%; 총보수 1.12%; 총보수·비용 1.12%; [p.5] 클래스 최초설정일 - (NOT_DISCLOSED)
CLASS000333,FUND000026,EG177,A,A,일반,오프라인,1,0,0.715,0.56,0.03,0.015,1.32,1.322,2024-11-05,ESTABLISHED,DOC000028,9|28|29|5,[p.9|28|29] A; 코드 EG177; 운용 0.715%; 판매 0.56%; 수탁 0.03%; 사무관리 0.015%; 총보수 1.32%; 총보수·비용 1.322%; [p.5] 클래스 최초설정일 2024-11-05 (ESTABLISHED)
CLASS000334,FUND000026,EG178,A-E,A-E,일반,온라인,0.5,0,0.715,0.28,0.03,0.015,1.04,1.041,,NOT_DISCLOSED,DOC000028,9|28|29|5,[p.9|28|29] A-E; 코드 EG178; 운용 0.715%; 판매 0.28%; 수탁 0.03%; 사무관리 0.015%; 총보수 1.04%; 총보수·비용 1.041%; [p.5] 클래스 최초설정일 - (NOT_DISCLOSED)
CLASS000335,FUND000026,EG179,A-G,A-G,일반,오프라인,0.7,0,0.715,0.392,0.03,0.015,1.152,1.152,,NOT_DISCLOSED,DOC000028,9|28|29|5,[p.9|28|29] A-G; 코드 EG179; 운용 0.715%; 판매 0.392%; 수탁 0.03%; 사무관리 0.015%; 총보수 1.152%; 총보수·비용 1.152%; [p.5] 클래스 최초설정일 - (NOT_DISCLOSED)
CLASS000336,FUND000026,EG180,C,C,일반,오프라인,0,0,0.715,0.9,0.03,0.015,1.66,1.66,,NOT_DISCLOSED,DOC000028,9|28|29|5,[p.9|28|29] C; 코드 EG180; 운용 0.715%; 판매 0.9%; 수탁 0.03%; 사무관리 0.015%; 총보수 1.66%; 총보수·비용 1.66%; [p.5] 클래스 최초설정일 - (NOT_DISCLOSED)
CLASS000337,FUND000026,EG181,C-E,C-E,일반,온라인,0,0,0.715,0.45,0.03,0.015,1.21,1.211,,NOT_DISCLOSED,DOC000028,9|28|29|5,[p.9|28|29] C-E; 코드 EG181; 운용 0.715%; 판매 0.45%; 수탁 0.03%; 사무관리 0.015%; 총보수 1.21%; 총보수·비용 1.211%; [p.5] 클래스 최초설정일 - (NOT_DISCLOSED)
CLASS000338,FUND000026,EG182,C-G,C-G,일반,오프라인,0,0,0.715,0.63,0.03,0.015,1.39,1.39,,NOT_DISCLOSED,DOC000028,9|28|29|5,[p.9|28|29] C-G; 코드 EG182; 운용 0.715%; 판매 0.63%; 수탁 0.03%; 사무관리 0.015%; 총보수 1.39%; 총보수·비용 1.39%; [p.5] 클래스 최초설정일 - (NOT_DISCLOSED)
CLASS000339,FUND000026,EG183,C-F,C-F,일반,기관,0,0,0.715,0.03,0.03,0.015,0.79,0.793,,NOT_DISCLOSED,DOC000028,9|28|29|5,[p.9|28|29] C-F; 코드 EG183; 운용 0.715%; 판매 0.03%; 수탁 0.03%; 사무관리 0.015%; 총보수 0.79%; 총보수·비용 0.793%; [p.5] 클래스 최초설정일 - (NOT_DISCLOSED)
CLASS000340,FUND000026,EG184,C-W,C-W,일반,랩·금전신탁,0,0,0.715,0,0.03,0.015,0.76,0.76,,NOT_DISCLOSED,DOC000028,9|28|29|5,[p.9|28|29] C-W; 코드 EG184; 운용 0.715%; 판매 0%; 수탁 0.03%; 사무관리 0.015%; 총보수 0.76%; 총보수·비용 0.76%; [p.5] 클래스 최초설정일 - (NOT_DISCLOSED)
CLASS000341,FUND000026,EG185,S,S,일반,온라인슈퍼,0,0.15,0.715,0.27,0.03,0.015,1.03,1.03,,NOT_DISCLOSED,DOC000028,9|28|29|5,[p.9|28|29] S; 코드 EG185; 운용 0.715%; 판매 0.27%; 수탁 0.03%; 사무관리 0.015%; 총보수 1.03%; 총보수·비용 1.03%; [p.5] 클래스 최초설정일 - (NOT_DISCLOSED)
CLASS000342,FUND000026,EG187,S-P,S-P,연금저축,온라인슈퍼,0,0,0.715,0.216,0.03,0.015,0.976,0.976,,NOT_DISCLOSED,DOC000028,9|28|29|5,[p.9|28|29] S-P; 코드 EG187; 운용 0.715%; 판매 0.216%; 수탁 0.03%; 사무관리 0.015%; 총보수 0.976%; 총보수·비용 0.976%; [p.5] 클래스 최초설정일 - (NOT_DISCLOSED)
CLASS000343,FUND000026,EG188,C-P,C-P,연금저축,오프라인,0,0,0.715,0.765,0.03,0.015,1.525,1.525,,NOT_DISCLOSED,DOC000028,9|28|29|5,[p.9|28|29] C-P; 코드 EG188; 운용 0.715%; 판매 0.765%; 수탁 0.03%; 사무관리 0.015%; 총보수 1.525%; 총보수·비용 1.525%; [p.5] 클래스 최초설정일 - (NOT_DISCLOSED)
CLASS000344,FUND000026,EG189,C-Pe,C-Pe,연금저축,온라인,0,0,0.715,0.382,0.03,0.015,1.142,1.144,,NOT_DISCLOSED,DOC000028,9|28|29|5,[p.9|28|29] C-Pe; 코드 EG189; 운용 0.715%; 판매 0.382%; 수탁 0.03%; 사무관리 0.015%; 총보수 1.142%; 총보수·비용 1.144%; [p.5] 클래스 최초설정일 - (NOT_DISCLOSED)
CLASS000345,FUND000026,EG190,C-퇴직,C-퇴직,퇴직연금,오프라인,0,0,0.715,0.72,0.03,0.015,1.48,1.481,,NOT_DISCLOSED,DOC000028,9|28|29|5,[p.9|28|29] C-퇴직; 코드 EG190; 운용 0.715%; 판매 0.72%; 수탁 0.03%; 사무관리 0.015%; 총보수 1.48%; 총보수·비용 1.481%; [p.5] 클래스 최초설정일 - (NOT_DISCLOSED)
CLASS000346,FUND000026,EG191,C-퇴직e,C-퇴직e,퇴직연금,온라인,0,0,0.715,0.36,0.03,0.015,1.12,1.125,,NOT_DISCLOSED,DOC000028,9|28|29|5,[p.9|28|29] C-퇴직e; 코드 EG191; 운용 0.715%; 판매 0.36%; 수탁 0.03%; 사무관리 0.015%; 총보수 1.12%; 총보수·비용 1.125%; [p.5] 클래스 최초설정일 - (NOT_DISCLOSED)
CLASS000347,FUND000026,EG192,S-퇴직,S-퇴직,퇴직연금,온라인슈퍼,0,0,0.715,0.206,0.03,0.015,0.966,0.966,,NOT_DISCLOSED,DOC000028,9|28|29|5,[p.9|28|29] S-퇴직; 코드 EG192; 운용 0.715%; 판매 0.206%; 수탁 0.03%; 사무관리 0.015%; 총보수 0.966%; 총보수·비용 0.966%; [p.5] 클래스 최초설정일 - (NOT_DISCLOSED)
CLASS000348,FUND000027,AT975,A,A,일반,오프라인,0.3,0,0.1,0.14,0.01,0.01,0.26,0.2625,,NOT_DISCLOSED,DOC000029,2|32|33|5|6,[p.2|32|33] A; 코드 AT975; 운용 0.1%; 판매 0.14%; 수탁 0.01%; 사무관리 0.01%; 총보수 0.26%; 합성 총보수·비용 0.2625%; [p.5|6] 클래스 최초설정일 - (NOT_DISCLOSED)
CLASS000349,FUND000027,E6586,A2,A2,일반,오프라인,0.4,0,0.1,0.04,0.01,0.01,0.16,0.1622,,NOT_DISCLOSED,DOC000029,2|32|33|5|6,[p.2|32|33] A2; 코드 E6586; 운용 0.1%; 판매 0.04%; 수탁 0.01%; 사무관리 0.01%; 총보수 0.16%; 합성 총보수·비용 0.1622%; [p.5|6] 클래스 최초설정일 - (NOT_DISCLOSED)
CLASS000350,FUND000027,AT976,C,C,일반,오프라인,0,0,0.1,0.45,0.01,0.01,0.57,0.5726,2014-09-01,ESTABLISHED,DOC000029,2|32|33|5|6,[p.2|32|33] C; 코드 AT976; 운용 0.1%; 판매 0.45%; 수탁 0.01%; 사무관리 0.01%; 총보수 0.57%; 합성 총보수·비용 0.5726%; [p.5|6] 클래스 최초설정일 2014-09-01 (ESTABLISHED)
CLASS000351,FUND000027,AT978,Ae,Ae,일반,온라인,0.15,0,0.1,0.05,0.01,0.01,0.17,0.1725,,NOT_DISCLOSED,DOC000029,2|32|33|5|6,[p.2|32|33] Ae; 코드 AT978; 운용 0.1%; 판매 0.05%; 수탁 0.01%; 사무관리 0.01%; 총보수 0.17%; 합성 총보수·비용 0.1725%; [p.5|6] 클래스 최초설정일 - (NOT_DISCLOSED)
CLASS000352,FUND000027,AT979,Ce,Ce,일반,온라인,0,0,0.1,0.15,0.01,0.01,0.27,0.2725,,NOT_DISCLOSED,DOC000029,2|32|33|5|6,[p.2|32|33] Ce; 코드 AT979; 운용 0.1%; 판매 0.15%; 수탁 0.01%; 사무관리 0.01%; 총보수 0.27%; 합성 총보수·비용 0.2725%; [p.5|6] 클래스 최초설정일 - (NOT_DISCLOSED)
CLASS000353,FUND000027,AT980,Ci,Ci,일반,기관,0,0,0.1,0.03,0.01,0.01,0.15,0.1523,,NOT_DISCLOSED,DOC000029,2|32|33|5|6,[p.2|32|33] Ci; 코드 AT980; 운용 0.1%; 판매 0.03%; 수탁 0.01%; 사무관리 0.01%; 총보수 0.15%; 합성 총보수·비용 0.1523%; [p.5|6] 클래스 최초설정일 - (NOT_DISCLOSED)
CLASS000354,FUND000027,AT981,S,S,일반,온라인슈퍼,0,0.15,0.1,0.05,0.01,0.01,0.17,0.1724,,NOT_DISCLOSED,DOC000029,2|32|33|5|6,[p.2|32|33] S; 코드 AT981; 운용 0.1%; 판매 0.05%; 수탁 0.01%; 사무관리 0.01%; 총보수 0.17%; 합성 총보수·비용 0.1724%; [p.5|6] 클래스 최초설정일 - (NOT_DISCLOSED)
CLASS000355,FUND000027,BU572,S-P1,S-P1,연금저축,온라인슈퍼,0,0,0.1,0.04,0.01,0.01,0.16,0.1623,,NOT_DISCLOSED,DOC000029,2|32|33|5|6,[p.2|32|33] S-P1; 코드 BU572; 운용 0.1%; 판매 0.04%; 수탁 0.01%; 사무관리 0.01%; 총보수 0.16%; 합성 총보수·비용 0.1623%; [p.5|6] 클래스 최초설정일 - (NOT_DISCLOSED)
CLASS000356,FUND000027,D0755,S-P2,S-P2,퇴직연금,온라인슈퍼,0,0,0.1,0.035,0.01,0.01,0.155,0.1574,,NOT_DISCLOSED,DOC000029,2|32|33|5|6,[p.2|32|33] S-P2; 코드 D0755; 운용 0.1%; 판매 0.035%; 수탁 0.01%; 사무관리 0.01%; 총보수 0.155%; 합성 총보수·비용 0.1574%; [p.5|6] 클래스 최초설정일 - (NOT_DISCLOSED)
CLASS000357,FUND000027,AT982,C-P1,C-P1,연금저축,오프라인,0,0,0.1,0.25,0.01,0.01,0.37,0.3725,,NOT_DISCLOSED,DOC000029,2|32|33|5|6,[p.2|32|33] C-P1; 코드 AT982; 운용 0.1%; 판매 0.25%; 수탁 0.01%; 사무관리 0.01%; 총보수 0.37%; 합성 총보수·비용 0.3725%; [p.5|6] 클래스 최초설정일 - (NOT_DISCLOSED)
CLASS000358,FUND000027,AT983,C-P2,C-P2,퇴직연금,오프라인,0,0,0.1,0.23,0.01,0.01,0.35,0.3526,,NOT_DISCLOSED,DOC000029,2|32|33|5|6,[p.2|32|33] C-P2; 코드 AT983; 운용 0.1%; 판매 0.23%; 수탁 0.01%; 사무관리 0.01%; 총보수 0.35%; 합성 총보수·비용 0.3526%; [p.5|6] 클래스 최초설정일 - (NOT_DISCLOSED)
CLASS000359,FUND000027,BU573,C-P1e,C-P1e,연금저축,온라인,0,0,0.1,0.125,0.01,0.01,0.245,0.2474,,NOT_DISCLOSED,DOC000029,2|32|33|5|6,[p.2|32|33] C-P1e; 코드 BU573; 운용 0.1%; 판매 0.125%; 수탁 0.01%; 사무관리 0.01%; 총보수 0.245%; 합성 총보수·비용 0.2474%; [p.5|6] 클래스 최초설정일 - (NOT_DISCLOSED)
CLASS000360,FUND000027,BU574,C-P2e,C-P2e,퇴직연금,온라인,0,0,0.1,0.115,0.01,0.01,0.235,0.2374,,NOT_DISCLOSED,DOC000029,2|32|33|5|6,[p.2|32|33] C-P2e; 코드 BU574; 운용 0.1%; 판매 0.115%; 수탁 0.01%; 사무관리 0.01%; 총보수 0.235%; 합성 총보수·비용 0.2374%; [p.5|6] 클래스 최초설정일 - (NOT_DISCLOSED)
CLASS000361,FUND000027,B9312,Cw,Cw,일반,랩,0,0,0.1,0,0.01,0.01,0.12,0.1225,,NOT_DISCLOSED,DOC000029,2|32|33|5|6,[p.2|32|33] Cw; 코드 B9312; 운용 0.1%; 판매 0%; 수탁 0.01%; 사무관리 0.01%; 총보수 0.12%; 합성 총보수·비용 0.1225%; [p.5|6] 클래스 최초설정일 - (NOT_DISCLOSED)
CLASS000362,FUND000027,BP093,AG,AG,일반,오프라인,0.15,0,0.1,0.053,0.01,0.01,0.173,0.173,,NOT_DISCLOSED,DOC000029,2|32|33|5|6,[p.2|32|33] AG; 코드 BP093; 운용 0.1%; 판매 0.053%; 수탁 0.01%; 사무관리 0.01%; 총보수 0.173%; 합성 총보수·비용 0.173%; [p.5|6] 클래스 최초설정일 - (NOT_DISCLOSED)
CLASS000363,FUND000027,BO865,CG,CG,일반,오프라인,0,0,0.1,0.17,0.01,0.01,0.29,0.2926,,NOT_DISCLOSED,DOC000029,2|32|33|5|6,[p.2|32|33] CG; 코드 BO865; 운용 0.1%; 판매 0.17%; 수탁 0.01%; 사무관리 0.01%; 총보수 0.29%; 합성 총보수·비용 0.2926%; [p.5|6] 클래스 최초설정일 - (NOT_DISCLOSED)
CLASS000364,FUND000027,E3803,C-P2I,C-P2I,퇴직연금,오프라인,0,0,0.1,0.084,0.01,0.01,0.204,0.2064,,NOT_DISCLOSED,DOC000029,2|32|33|5|6,[p.2|32|33] C-P2I; 코드 E3803; 운용 0.1%; 판매 0.084%; 수탁 0.01%; 사무관리 0.01%; 총보수 0.204%; 합성 총보수·비용 0.2064%; [p.5|6] 클래스 최초설정일 - (NOT_DISCLOSED)
CLASS000365,FUND000028,CJ518,A,A,일반,오프라인,0.2,0,0.13,0.2,0.02,0.015,0.365,0.3915,,NOT_DISCLOSED,DOC000030,2|31|32|33|6,[p.2|31|32|33] A; 코드 CJ518; 운용 0.13%; 판매 0.2%; 수탁 0.02%; 사무관리 0.015%; 총보수 0.365%; 합성 총보수·비용 0.3915%; [p.6] 클래스 최초설정일 - (NOT_DISCLOSED)
CLASS000366,FUND000028,EL758,A2,A2,일반,오프라인,0.4,0,0.13,0.11,0.02,0.015,0.275,0.3024,,NOT_DISCLOSED,DOC000030,2|31|32|33|6,[p.2|31|32|33] A2; 코드 EL758; 운용 0.13%; 판매 0.11%; 수탁 0.02%; 사무관리 0.015%; 총보수 0.275%; 합성 총보수·비용 0.3024%; [p.6] 클래스 최초설정일 - (NOT_DISCLOSED)
CLASS000367,FUND000028,CJ519,Ae,Ae,일반,온라인,0.1,0,0.13,0.1,0.02,0.015,0.265,0.2925,,NOT_DISCLOSED,DOC000030,2|31|32|33|6,[p.2|31|32|33] Ae; 코드 CJ519; 운용 0.13%; 판매 0.1%; 수탁 0.02%; 사무관리 0.015%; 총보수 0.265%; 합성 총보수·비용 0.2925%; [p.6] 클래스 최초설정일 - (NOT_DISCLOSED)
CLASS000368,FUND000028,CJ520,AG,AG,일반,오프라인,0.1,0,0.13,0.12,0.02,0.015,0.285,0.3125,,NOT_DISCLOSED,DOC000030,2|31|32|33|6,[p.2|31|32|33] AG; 코드 CJ520; 운용 0.13%; 판매 0.12%; 수탁 0.02%; 사무관리 0.015%; 총보수 0.285%; 합성 총보수·비용 0.3125%; [p.6] 클래스 최초설정일 - (NOT_DISCLOSED)
CLASS000369,FUND000028,CJ521,C,C,일반,오프라인,0,0,0.13,0.3,0.02,0.015,0.465,0.4911,2019-01-25,ESTABLISHED,DOC000030,2|31|32|33|6,[p.2|31|32|33] C; 코드 CJ521; 운용 0.13%; 판매 0.3%; 수탁 0.02%; 사무관리 0.015%; 총보수 0.465%; 합성 총보수·비용 0.4911%; [p.6] 클래스 최초설정일 2019-01-25 (ESTABLISHED)
CLASS000370,FUND000028,CJ522,Ce,Ce,일반,온라인,0,0,0.13,0.15,0.02,0.015,0.315,0.342,,NOT_DISCLOSED,DOC000030,2|31|32|33|6,[p.2|31|32|33] Ce; 코드 CJ522; 운용 0.13%; 판매 0.15%; 수탁 0.02%; 사무관리 0.015%; 총보수 0.315%; 합성 총보수·비용 0.342%; [p.6] 클래스 최초설정일 - (NOT_DISCLOSED)
CLASS000371,FUND000028,CJ523,CG,CG,일반,오프라인,0,0,0.13,0.175,0.02,0.015,0.34,0.3675,,NOT_DISCLOSED,DOC000030,2|31|32|33|6,[p.2|31|32|33] CG; 코드 CJ523; 운용 0.13%; 판매 0.175%; 수탁 0.02%; 사무관리 0.015%; 총보수 0.34%; 합성 총보수·비용 0.3675%; [p.6] 클래스 최초설정일 - (NOT_DISCLOSED)
CLASS000372,FUND000028,CJ524,Cf,Cf,일반,오프라인,0,0,0.13,0.03,0.02,0.015,0.195,0.2225,,NOT_DISCLOSED,DOC000030,2|31|32|33|6,[p.2|31|32|33] Cf; 코드 CJ524; 운용 0.13%; 판매 0.03%; 수탁 0.02%; 사무관리 0.015%; 총보수 0.195%; 합성 총보수·비용 0.2225%; [p.6] 클래스 최초설정일 - (NOT_DISCLOSED)
CLASS000373,FUND000028,CJ525,Cw,Cw,일반,랩,0,0,0.13,0,0.02,0.015,0.165,0.1906,,NOT_DISCLOSED,DOC000030,2|31|32|33|6,[p.2|31|32|33] Cw; 코드 CJ525; 운용 0.13%; 판매 0%; 수탁 0.02%; 사무관리 0.015%; 총보수 0.165%; 합성 총보수·비용 0.1906%; [p.6] 클래스 최초설정일 - (NOT_DISCLOSED)
CLASS000374,FUND000028,CJ526,C-P1,C-P1,연금저축,오프라인,0,0,0.13,0.25,0.02,0.015,0.415,0.4397,,NOT_DISCLOSED,DOC000030,2|31|32|33|6,[p.2|31|32|33] C-P1; 코드 CJ526; 운용 0.13%; 판매 0.25%; 수탁 0.02%; 사무관리 0.015%; 총보수 0.415%; 합성 총보수·비용 0.4397%; [p.6] 클래스 최초설정일 - (NOT_DISCLOSED)
CLASS000375,FUND000028,CJ527,C-P1e,C-P1e,연금저축,온라인,0,0,0.13,0.125,0.02,0.015,0.29,0.3165,,NOT_DISCLOSED,DOC000030,2|31|32|33|6,[p.2|31|32|33] C-P1e; 코드 CJ527; 운용 0.13%; 판매 0.125%; 수탁 0.02%; 사무관리 0.015%; 총보수 0.29%; 합성 총보수·비용 0.3165%; [p.6] 클래스 최초설정일 - (NOT_DISCLOSED)
CLASS000376,FUND000028,CJ528,C-P2,C-P2,퇴직연금,오프라인,0,0,0.13,0.23,0.02,0.015,0.395,0.4213,,NOT_DISCLOSED,DOC000030,2|31|32|33|6,[p.2|31|32|33] C-P2; 코드 CJ528; 운용 0.13%; 판매 0.23%; 수탁 0.02%; 사무관리 0.015%; 총보수 0.395%; 합성 총보수·비용 0.4213%; [p.6] 클래스 최초설정일 - (NOT_DISCLOSED)
CLASS000377,FUND000028,CJ529,C-P2e,C-P2e,퇴직연금,온라인,0,0,0.13,0.115,0.02,0.015,0.28,0.3071,,NOT_DISCLOSED,DOC000030,2|31|32|33|6,[p.2|31|32|33] C-P2e; 코드 CJ529; 운용 0.13%; 판매 0.115%; 수탁 0.02%; 사무관리 0.015%; 총보수 0.28%; 합성 총보수·비용 0.3071%; [p.6] 클래스 최초설정일 - (NOT_DISCLOSED)
CLASS000378,FUND000028,CJ530,S,S,일반,온라인슈퍼,0,0.15,0.13,0.09,0.02,0.015,0.255,0.2812,,NOT_DISCLOSED,DOC000030,2|31|32|33|6,[p.2|31|32|33] S; 코드 CJ530; 운용 0.13%; 판매 0.09%; 수탁 0.02%; 사무관리 0.015%; 총보수 0.255%; 합성 총보수·비용 0.2812%; [p.6] 클래스 최초설정일 - (NOT_DISCLOSED)
CLASS000379,FUND000028,CJ531,S-P1,S-P1,연금저축,온라인슈퍼,0,0,0.13,0.072,0.02,0.015,0.237,0.2632,,NOT_DISCLOSED,DOC000030,2|31|32|33|6,[p.2|31|32|33] S-P1; 코드 CJ531; 운용 0.13%; 판매 0.072%; 수탁 0.02%; 사무관리 0.015%; 총보수 0.237%; 합성 총보수·비용 0.2632%; [p.6] 클래스 최초설정일 - (NOT_DISCLOSED)
CLASS000380,FUND000028,D9623,S-P2,S-P2,퇴직연금,온라인슈퍼,0,0,0.13,0.062,0.02,0.015,0.227,0.2536,,NOT_DISCLOSED,DOC000030,2|31|32|33|6,[p.2|31|32|33] S-P2; 코드 D9623; 운용 0.13%; 판매 0.062%; 수탁 0.02%; 사무관리 0.015%; 총보수 0.227%; 합성 총보수·비용 0.2536%; [p.6] 클래스 최초설정일 - (NOT_DISCLOSED)
CLASS000381,FUND000029,C8460,A,A,일반,오프라인,0.1,0,0.075,0.2,0.01,0.01,0.295,0.3039,,NOT_DISCLOSED,DOC000031,2|33|34|35|5,[p.2|33|34|35] A; 코드 C8460; 운용 0.075%; 판매 0.2%; 수탁 0.01%; 사무관리 0.01%; 총보수 0.295%; 합성 총보수·비용 0.3039%; [p.5] 클래스 최초설정일 - (NOT_DISCLOSED)
CLASS000382,FUND000029,CQ098,A2,A2,일반,오프라인,0.3,0,0.075,0.05,0.01,0.01,0.145,0.1539,,NOT_DISCLOSED,DOC000031,2|33|34|35|5,[p.2|33|34|35] A2; 코드 CQ098; 운용 0.075%; 판매 0.05%; 수탁 0.01%; 사무관리 0.01%; 총보수 0.145%; 합성 총보수·비용 0.1539%; [p.5] 클래스 최초설정일 - (NOT_DISCLOSED)
CLASS000383,FUND000029,C8461,Ae,Ae,일반,온라인,0.05,0,0.075,0.1,0.01,0.01,0.195,0.2038,,NOT_DISCLOSED,DOC000031,2|33|34|35|5,[p.2|33|34|35] Ae; 코드 C8461; 운용 0.075%; 판매 0.1%; 수탁 0.01%; 사무관리 0.01%; 총보수 0.195%; 합성 총보수·비용 0.2038%; [p.5] 클래스 최초설정일 - (NOT_DISCLOSED)
CLASS000384,FUND000029,C8462,AG,AG,일반,오프라인,0.05,0,0.075,0.113,0.01,0.01,0.208,0.2169,,NOT_DISCLOSED,DOC000031,2|33|34|35|5,[p.2|33|34|35] AG; 코드 C8462; 운용 0.075%; 판매 0.113%; 수탁 0.01%; 사무관리 0.01%; 총보수 0.208%; 합성 총보수·비용 0.2169%; [p.5] 클래스 최초설정일 - (NOT_DISCLOSED)
CLASS000385,FUND000029,C8463,C,C,일반,오프라인,0,0,0.075,0.3,0.01,0.01,0.395,0.4039,2018-09-14,ESTABLISHED,DOC000031,2|33|34|35|5,[p.2|33|34|35] C; 코드 C8463; 운용 0.075%; 판매 0.3%; 수탁 0.01%; 사무관리 0.01%; 총보수 0.395%; 합성 총보수·비용 0.4039%; [p.5] 클래스 최초설정일 2018-09-14 (ESTABLISHED)
CLASS000386,FUND000029,C8464,Ce,Ce,일반,온라인,0,0,0.075,0.15,0.01,0.01,0.245,0.2539,,NOT_DISCLOSED,DOC000031,2|33|34|35|5,[p.2|33|34|35] Ce; 코드 C8464; 운용 0.075%; 판매 0.15%; 수탁 0.01%; 사무관리 0.01%; 총보수 0.245%; 합성 총보수·비용 0.2539%; [p.5] 클래스 최초설정일 - (NOT_DISCLOSED)
CLASS000387,FUND000029,C8465,CG,CG,일반,오프라인,0,0,0.075,0.17,0.01,0.01,0.265,0.2739,,NOT_DISCLOSED,DOC000031,2|33|34|35|5,[p.2|33|34|35] CG; 코드 C8465; 운용 0.075%; 판매 0.17%; 수탁 0.01%; 사무관리 0.01%; 총보수 0.265%; 합성 총보수·비용 0.2739%; [p.5] 클래스 최초설정일 - (NOT_DISCLOSED)
CLASS000388,FUND000029,C8466,Cf,Cf,일반,오프라인,0,0,0.075,0.01,0.01,0.01,0.105,0.1139,,NOT_DISCLOSED,DOC000031,2|33|34|35|5,[p.2|33|34|35] Cf; 코드 C8466; 운용 0.075%; 판매 0.01%; 수탁 0.01%; 사무관리 0.01%; 총보수 0.105%; 합성 총보수·비용 0.1139%; [p.5] 클래스 최초설정일 - (NOT_DISCLOSED)
CLASS000389,FUND000029,CZ535,Ci,Ci,일반,기관,0,0,0.075,0.05,0.01,0.01,0.145,0.1539,,NOT_DISCLOSED,DOC000031,2|33|34|35|5,[p.2|33|34|35] Ci; 코드 CZ535; 운용 0.075%; 판매 0.05%; 수탁 0.01%; 사무관리 0.01%; 총보수 0.145%; 합성 총보수·비용 0.1539%; [p.5] 클래스 최초설정일 - (NOT_DISCLOSED)
CLASS000390,FUND000029,C8467,Cw,Cw,일반,랩,0,0,0.075,0,0.01,0.01,0.095,0.1038,,NOT_DISCLOSED,DOC000031,2|33|34|35|5,[p.2|33|34|35] Cw; 코드 C8467; 운용 0.075%; 판매 0%; 수탁 0.01%; 사무관리 0.01%; 총보수 0.095%; 합성 총보수·비용 0.1038%; [p.5] 클래스 최초설정일 - (NOT_DISCLOSED)
CLASS000391,FUND000029,C8468,C-P1,C-P1,연금저축,오프라인,0,0,0.075,0.19,0.01,0.01,0.285,0.2939,,NOT_DISCLOSED,DOC000031,2|33|34|35|5,[p.2|33|34|35] C-P1; 코드 C8468; 운용 0.075%; 판매 0.19%; 수탁 0.01%; 사무관리 0.01%; 총보수 0.285%; 합성 총보수·비용 0.2939%; [p.5] 클래스 최초설정일 - (NOT_DISCLOSED)
CLASS000392,FUND000029,C8469,C-P1e,C-P1e,연금저축,온라인,0,0,0.075,0.095,0.01,0.01,0.19,0.1989,,NOT_DISCLOSED,DOC000031,2|33|34|35|5,[p.2|33|34|35] C-P1e; 코드 C8469; 운용 0.075%; 판매 0.095%; 수탁 0.01%; 사무관리 0.01%; 총보수 0.19%; 합성 총보수·비용 0.1989%; [p.5] 클래스 최초설정일 - (NOT_DISCLOSED)
CLASS000393,FUND000029,C8470,C-P2,C-P2,퇴직연금,오프라인,0,0,0.075,0.18,0.01,0.01,0.275,0.2839,,NOT_DISCLOSED,DOC000031,2|33|34|35|5,[p.2|33|34|35] C-P2; 코드 C8470; 운용 0.075%; 판매 0.18%; 수탁 0.01%; 사무관리 0.01%; 총보수 0.275%; 합성 총보수·비용 0.2839%; [p.5] 클래스 최초설정일 - (NOT_DISCLOSED)
CLASS000394,FUND000029,C8471,C-P2e,C-P2e,퇴직연금,온라인,0,0,0.075,0.09,0.01,0.01,0.185,0.1939,,NOT_DISCLOSED,DOC000031,2|33|34|35|5,[p.2|33|34|35] C-P2e; 코드 C8471; 운용 0.075%; 판매 0.09%; 수탁 0.01%; 사무관리 0.01%; 총보수 0.185%; 합성 총보수·비용 0.1939%; [p.5] 클래스 최초설정일 - (NOT_DISCLOSED)
CLASS000395,FUND000029,C8472,S,S,일반,온라인슈퍼,0,0.15,0.075,0.08,0.01,0.01,0.175,0.1839,,NOT_DISCLOSED,DOC000031,2|33|34|35|5,[p.2|33|34|35] S; 코드 C8472; 운용 0.075%; 판매 0.08%; 수탁 0.01%; 사무관리 0.01%; 총보수 0.175%; 합성 총보수·비용 0.1839%; [p.5] 클래스 최초설정일 - (NOT_DISCLOSED)
CLASS000396,FUND000029,C8473,S-P1,S-P1,연금저축,온라인슈퍼,0,0,0.075,0.06,0.01,0.01,0.155,0.1639,,NOT_DISCLOSED,DOC000031,2|33|34|35|5,[p.2|33|34|35] S-P1; 코드 C8473; 운용 0.075%; 판매 0.06%; 수탁 0.01%; 사무관리 0.01%; 총보수 0.155%; 합성 총보수·비용 0.1639%; [p.5] 클래스 최초설정일 - (NOT_DISCLOSED)
CLASS000397,FUND000029,D9537,S-P2,S-P2,퇴직연금,온라인슈퍼,0,0,0.075,0.055,0.01,0.01,0.15,0.1589,,NOT_DISCLOSED,DOC000031,2|33|34|35|5,[p.2|33|34|35] S-P2; 코드 D9537; 운용 0.075%; 판매 0.055%; 수탁 0.01%; 사무관리 0.01%; 총보수 0.15%; 합성 총보수·비용 0.1589%; [p.5] 클래스 최초설정일 - (NOT_DISCLOSED)
CLASS000398,FUND000030,C9947,A,A,일반,오프라인,0.5,0,0.5,0.34,0.02,0.017,0.877,0.8793,,NOT_DISCLOSED,DOC000032,2|34|35|36|6,[p.2|34|35|36] A; 코드 C9947; 운용 0.5%; 판매 0.34%; 수탁 0.02%; 사무관리 0.017%; 총보수 0.877%; 합성 총보수·비용 0.8793%; [p.6] 클래스 최초설정일 - (NOT_DISCLOSED)
CLASS000399,FUND000030,E4619,A2,A2,일반,오프라인,1,0,0.5,0.18,0.02,0.017,0.717,0.7203,,NOT_DISCLOSED,DOC000032,2|34|35|36|6,[p.2|34|35|36] A2; 코드 E4619; 운용 0.5%; 판매 0.18%; 수탁 0.02%; 사무관리 0.017%; 총보수 0.717%; 합성 총보수·비용 0.7203%; [p.6] 클래스 최초설정일 - (NOT_DISCLOSED)
CLASS000400,FUND000030,C9948,Ae,Ae,일반,온라인,0.25,0,0.5,0.17,0.02,0.017,0.707,0.7093,,NOT_DISCLOSED,DOC000032,2|34|35|36|6,[p.2|34|35|36] Ae; 코드 C9948; 운용 0.5%; 판매 0.17%; 수탁 0.02%; 사무관리 0.017%; 총보수 0.707%; 합성 총보수·비용 0.7093%; [p.6] 클래스 최초설정일 - (NOT_DISCLOSED)
CLASS000401,FUND000030,EC806,A2e,A2e,일반,온라인,0.5,0,0.5,0.09,0.02,0.017,0.627,0.6308,,NOT_DISCLOSED,DOC000032,2|34|35|36|6,[p.2|34|35|36] A2e; 코드 EC806; 운용 0.5%; 판매 0.09%; 수탁 0.02%; 사무관리 0.017%; 총보수 0.627%; 합성 총보수·비용 0.6308%; [p.6] 클래스 최초설정일 - (NOT_DISCLOSED)
CLASS000402,FUND000030,C9949,AG,AG,일반,오프라인,0.25,0,0.5,0.2,0.02,0.017,0.737,0.7408,,NOT_DISCLOSED,DOC000032,2|34|35|36|6,[p.2|34|35|36] AG; 코드 C9949; 운용 0.5%; 판매 0.2%; 수탁 0.02%; 사무관리 0.017%; 총보수 0.737%; 합성 총보수·비용 0.7408%; [p.6] 클래스 최초설정일 - (NOT_DISCLOSED)
CLASS000403,FUND000030,C9950,C,C,일반,오프라인,0,0,0.5,0.5,0.02,0.017,1.037,1.0393,2019-08-14,ESTABLISHED,DOC000032,2|34|35|36|6,[p.2|34|35|36] C; 코드 C9950; 운용 0.5%; 판매 0.5%; 수탁 0.02%; 사무관리 0.017%; 총보수 1.037%; 합성 총보수·비용 1.0393%; [p.6] 클래스 최초설정일 2019-08-14 (ESTABLISHED)
CLASS000404,FUND000030,C9951,Ce,Ce,일반,온라인,0,0,0.5,0.25,0.02,0.017,0.787,0.7893,,NOT_DISCLOSED,DOC000032,2|34|35|36|6,[p.2|34|35|36] Ce; 코드 C9951; 운용 0.5%; 판매 0.25%; 수탁 0.02%; 사무관리 0.017%; 총보수 0.787%; 합성 총보수·비용 0.7893%; [p.6] 클래스 최초설정일 - (NOT_DISCLOSED)
CLASS000405,FUND000030,C9952,CG,CG,일반,오프라인,0,0,0.5,0.3,0.02,0.017,0.837,0.8408,,NOT_DISCLOSED,DOC000032,2|34|35|36|6,[p.2|34|35|36] CG; 코드 C9952; 운용 0.5%; 판매 0.3%; 수탁 0.02%; 사무관리 0.017%; 총보수 0.837%; 합성 총보수·비용 0.8408%; [p.6] 클래스 최초설정일 - (NOT_DISCLOSED)
CLASS000406,FUND000030,C9953,Cf,Cf,일반,오프라인,0,0,0.5,0.01,0.02,0.017,0.547,0.5493,,NOT_DISCLOSED,DOC000032,2|34|35|36|6,[p.2|34|35|36] Cf; 코드 C9953; 운용 0.5%; 판매 0.01%; 수탁 0.02%; 사무관리 0.017%; 총보수 0.547%; 합성 총보수·비용 0.5493%; [p.6] 클래스 최초설정일 - (NOT_DISCLOSED)
CLASS000407,FUND000030,C9954,Cw,Cw,일반,랩,0,0,0.5,0,0.02,0.017,0.537,0.5382,,NOT_DISCLOSED,DOC000032,2|34|35|36|6,[p.2|34|35|36] Cw; 코드 C9954; 운용 0.5%; 판매 0%; 수탁 0.02%; 사무관리 0.017%; 총보수 0.537%; 합성 총보수·비용 0.5382%; [p.6] 클래스 최초설정일 - (NOT_DISCLOSED)
CLASS000408,FUND000030,C9955,C-P1,C-P1,연금저축,오프라인,0,0,0.5,0.27,0.02,0.017,0.807,0.8093,,NOT_DISCLOSED,DOC000032,2|34|35|36|6,[p.2|34|35|36] C-P1; 코드 C9955; 운용 0.5%; 판매 0.27%; 수탁 0.02%; 사무관리 0.017%; 총보수 0.807%; 합성 총보수·비용 0.8093%; [p.6] 클래스 최초설정일 - (NOT_DISCLOSED)
CLASS000409,FUND000030,C9956,C-P1e,C-P1e,연금저축,온라인,0,0,0.5,0.135,0.02,0.017,0.672,0.6743,,NOT_DISCLOSED,DOC000032,2|34|35|36|6,[p.2|34|35|36] C-P1e; 코드 C9956; 운용 0.5%; 판매 0.135%; 수탁 0.02%; 사무관리 0.017%; 총보수 0.672%; 합성 총보수·비용 0.6743%; [p.6] 클래스 최초설정일 - (NOT_DISCLOSED)
CLASS000410,FUND000030,C9957,C-P2,C-P2,퇴직연금,오프라인,0,0,0.5,0.26,0.02,0.017,0.797,0.7993,,NOT_DISCLOSED,DOC000032,2|34|35|36|6,[p.2|34|35|36] C-P2; 코드 C9957; 운용 0.5%; 판매 0.26%; 수탁 0.02%; 사무관리 0.017%; 총보수 0.797%; 합성 총보수·비용 0.7993%; [p.6] 클래스 최초설정일 - (NOT_DISCLOSED)
CLASS000411,FUND000030,C9958,C-P2e,C-P2e,퇴직연금,온라인,0,0,0.5,0.13,0.02,0.017,0.667,0.6693,,NOT_DISCLOSED,DOC000032,2|34|35|36|6,[p.2|34|35|36] C-P2e; 코드 C9958; 운용 0.5%; 판매 0.13%; 수탁 0.02%; 사무관리 0.017%; 총보수 0.667%; 합성 총보수·비용 0.6693%; [p.6] 클래스 최초설정일 - (NOT_DISCLOSED)
CLASS000412,FUND000030,C9959,S,S,일반,온라인슈퍼,0,0.15,0.5,0.21,0.02,0.017,0.747,0.7493,,NOT_DISCLOSED,DOC000032,2|34|35|36|6,[p.2|34|35|36] S; 코드 C9959; 운용 0.5%; 판매 0.21%; 수탁 0.02%; 사무관리 0.017%; 총보수 0.747%; 합성 총보수·비용 0.7493%; [p.6] 클래스 최초설정일 - (NOT_DISCLOSED)
CLASS000413,FUND000030,C9960,S-P1,S-P1,연금저축,온라인슈퍼,0,0,0.5,0.08,0.02,0.017,0.617,0.6191,,NOT_DISCLOSED,DOC000032,2|34|35|36|6,[p.2|34|35|36] S-P1; 코드 C9960; 운용 0.5%; 판매 0.08%; 수탁 0.02%; 사무관리 0.017%; 총보수 0.617%; 합성 총보수·비용 0.6191%; [p.6] 클래스 최초설정일 - (NOT_DISCLOSED)
CLASS000414,FUND000030,D9538,S-P2,S-P2,퇴직연금,온라인슈퍼,0,0,0.5,0.06,0.02,0.017,0.597,0.5995,,NOT_DISCLOSED,DOC000032,2|34|35|36|6,[p.2|34|35|36] S-P2; 코드 D9538; 운용 0.5%; 판매 0.06%; 수탁 0.02%; 사무관리 0.017%; 총보수 0.597%; 합성 총보수·비용 0.5995%; [p.6] 클래스 최초설정일 - (NOT_DISCLOSED)
CLASS000415,FUND000031,BC471,A,A,일반,오프라인,0.1,0,0.01,0.11,0.015,0.01,0.145,0.151,,NOT_DISCLOSED,DOC000033,10|14|28|37,"[p.10,14,28] A; 코드 BC471; 운용 0.01%; 판매 0.11%; 수탁 0.015%; 사무관리 0.01%; 총보수 0.145%; 총보수·비용 0.151%; [p.37] 클래스 최초설정일 - (NOT_DISCLOSED)"
CLASS000416,FUND000031,B9931,C,C,일반,오프라인,0,0,0.01,0.2,0.015,0.01,0.235,0.241,,NOT_DISCLOSED,DOC000033,10|14|28|37,"[p.10,14,28] C; 코드 B9931; 운용 0.01%; 판매 0.2%; 수탁 0.015%; 사무관리 0.01%; 총보수 0.235%; 총보수·비용 0.241%; [p.37] 클래스 최초설정일 - (NOT_DISCLOSED)"
CLASS000417,FUND000031,BC268,Ce,Ce,일반,온라인,0,0,0.01,0.1,0.015,0.01,0.135,0.14,,NOT_DISCLOSED,DOC000033,10|14|28|37,"[p.10,14,28] Ce; 코드 BC268; 운용 0.01%; 판매 0.1%; 수탁 0.015%; 사무관리 0.01%; 총보수 0.135%; 총보수·비용 0.14%; [p.37] 클래스 최초설정일 - (NOT_DISCLOSED)"
CLASS000418,FUND000031,B9932,CI,CI,일반,오프라인,0,0,0.01,0.15,0.015,0.01,0.185,0.185,,NOT_DISCLOSED,DOC000033,10|14|28|37,"[p.10,14,28] CI; 코드 B9932; 운용 0.01%; 판매 0.15%; 수탁 0.015%; 사무관리 0.01%; 총보수 0.185%; 총보수·비용 0.185%; [p.37] 클래스 최초설정일 - (NOT_DISCLOSED)"
CLASS000419,FUND000031,BC472,CI2,CI2,일반,오프라인,0,0,0.01,0.05,0.015,0.01,0.085,0.091,,NOT_DISCLOSED,DOC000033,10|14|28|37,"[p.10,14,28] CI2; 코드 BC472; 운용 0.01%; 판매 0.05%; 수탁 0.015%; 사무관리 0.01%; 총보수 0.085%; 총보수·비용 0.091%; [p.37] 클래스 최초설정일 - (NOT_DISCLOSED)"
CLASS000420,FUND000031,BC966,CF,CF,일반,기관,0,0,0.01,0.01,0.015,0.01,0.045,0.051,,NOT_DISCLOSED,DOC000033,10|14|28|37,"[p.10,14,28] CF; 코드 BC966; 운용 0.01%; 판매 0.01%; 수탁 0.015%; 사무관리 0.01%; 총보수 0.045%; 총보수·비용 0.051%; [p.37] 클래스 최초설정일 - (NOT_DISCLOSED)"
CLASS000421,FUND000031,BU277,Ae,Ae,일반,온라인,0.05,0,0.01,0.05,0.015,0.01,0.085,0.089,,NOT_DISCLOSED,DOC000033,10|14|28|37,"[p.10,14,28] Ae; 코드 BU277; 운용 0.01%; 판매 0.05%; 수탁 0.015%; 사무관리 0.01%; 총보수 0.085%; 총보수·비용 0.089%; [p.37] 클래스 최초설정일 - (NOT_DISCLOSED)"
CLASS000422,FUND000031,C8138,CI3,CI3,일반,오프라인,0,0,0.01,0.02,0.015,0.01,0.055,0.055,,NOT_DISCLOSED,DOC000033,10|14|28|37,"[p.10,14,28] CI3; 코드 C8138; 운용 0.01%; 판매 0.02%; 수탁 0.015%; 사무관리 0.01%; 총보수 0.055%; 총보수·비용 0.055%; [p.37] 클래스 최초설정일 - (NOT_DISCLOSED)"
CLASS000423,FUND000031,B9946,CW,CW,일반,랩,0,0,0.01,0,0.015,0.01,0.035,0.039,,NOT_DISCLOSED,DOC000033,10|14|28|37,"[p.10,14,28] CW; 코드 B9946; 운용 0.01%; 판매 0%; 수탁 0.015%; 사무관리 0.01%; 총보수 0.035%; 총보수·비용 0.039%; [p.37] 클래스 최초설정일 - (NOT_DISCLOSED)"
CLASS000424,FUND000031,B9933,CP,CP,퇴직연금,오프라인,0,0,0.01,0.13,0.015,0.01,0.165,0.171,,NOT_DISCLOSED,DOC000033,10|14|28|37,"[p.10,14,28] CP; 코드 B9933; 운용 0.01%; 판매 0.13%; 수탁 0.015%; 사무관리 0.01%; 총보수 0.165%; 총보수·비용 0.171%; [p.37] 클래스 최초설정일 - (NOT_DISCLOSED)"
CLASS000425,FUND000031,B9934,C-P,C-P,연금저축,오프라인,0,0,0.01,0.14,0.015,0.01,0.175,0.181,,NOT_DISCLOSED,DOC000033,10|14|28|37,"[p.10,14,28] C-P; 코드 B9934; 운용 0.01%; 판매 0.14%; 수탁 0.015%; 사무관리 0.01%; 총보수 0.175%; 총보수·비용 0.181%; [p.37] 클래스 최초설정일 - (NOT_DISCLOSED)"
CLASS000426,FUND000031,BP814,Ag,Ag,일반,오프라인,0.05,0,0.01,0.08,0.015,0.01,0.115,0.121,,NOT_DISCLOSED,DOC000033,10|14|28|37,"[p.10,14,28] Ag; 코드 BP814; 운용 0.01%; 판매 0.08%; 수탁 0.015%; 사무관리 0.01%; 총보수 0.115%; 총보수·비용 0.121%; [p.37] 클래스 최초설정일 - (NOT_DISCLOSED)"
CLASS000427,FUND000031,BP815,Cg,Cg,일반,오프라인,0,0,0.01,0.13,0.015,0.01,0.165,0.169,,NOT_DISCLOSED,DOC000033,10|14|28|37,"[p.10,14,28] Cg; 코드 BP815; 운용 0.01%; 판매 0.13%; 수탁 0.015%; 사무관리 0.01%; 총보수 0.165%; 총보수·비용 0.169%; [p.37] 클래스 최초설정일 - (NOT_DISCLOSED)"
CLASS000428,FUND000031,BT940,CPe,CPe,퇴직연금,온라인,0,0,0.01,0.06,0.015,0.01,0.095,0.099,,NOT_DISCLOSED,DOC000033,10|14|28|37,"[p.10,14,28] CPe; 코드 BT940; 운용 0.01%; 판매 0.06%; 수탁 0.015%; 사무관리 0.01%; 총보수 0.095%; 총보수·비용 0.099%; [p.37] 클래스 최초설정일 - (NOT_DISCLOSED)"
CLASS000429,FUND000031,BT941,C-Pe,C-Pe,연금저축,온라인,0,0,0.01,0.07,0.015,0.01,0.105,0.109,,NOT_DISCLOSED,DOC000033,10|14|28|37,"[p.10,14,28] C-Pe; 코드 BT941; 운용 0.01%; 판매 0.07%; 수탁 0.015%; 사무관리 0.01%; 총보수 0.105%; 총보수·비용 0.109%; [p.37] 클래스 최초설정일 - (NOT_DISCLOSED)"
CLASS000430,FUND000032,67752,A,A,일반,오프라인,1,0,0.39,0.74,0.03,0.02,1.18,1.183,2007-04-17,ESTABLISHED,DOC000034,9|27|29|30|43,"[p.9,27,29,30] A; 코드 67752; 운용 0.39%; 판매 0.74%; 수탁 0.03%; 사무관리 0.02%; 총보수 1.18%; 합성 총보수·비용 1.183%; [p.43] 클래스 최초설정일 2007-04-17 (ESTABLISHED)"
CLASS000431,FUND000032,AV245,Ae,Ae,일반,온라인,0.5,0,0.39,0.37,0.03,0.02,0.81,0.813,2014-09-01,ESTABLISHED,DOC000034,9|27|29|30|43,"[p.9,27,29,30] Ae; 코드 AV245; 운용 0.39%; 판매 0.37%; 수탁 0.03%; 사무관리 0.02%; 총보수 0.81%; 합성 총보수·비용 0.813%; [p.43] 클래스 최초설정일 2014-09-01 (ESTABLISHED)"
CLASS000432,FUND000032,BP302,A-G,A-G,일반,오프라인,0.5,0,0.39,0.67,0.03,0.02,1.11,1.11,2017-05-24,ESTABLISHED,DOC000034,9|27|29|30|43,"[p.9,27,29,30] A-G; 코드 BP302; 운용 0.39%; 판매 0.67%; 수탁 0.03%; 사무관리 0.02%; 총보수 1.11%; 합성 총보수·비용 1.11%; [p.43] 클래스 최초설정일 2017-05-24 (ESTABLISHED)"
CLASS000433,FUND000032,37179,C,C,일반,오프라인,0,0,0.39,0.91,0.03,0.02,1.35,1.353,2003-05-26,ESTABLISHED,DOC000034,9|27|29|30|43,"[p.9,27,29,30] C; 코드 37179; 운용 0.39%; 판매 0.91%; 수탁 0.03%; 사무관리 0.02%; 총보수 1.35%; 합성 총보수·비용 1.353%; [p.43] 클래스 최초설정일 2003-05-26 (ESTABLISHED)"
CLASS000434,FUND000032,67753,W,W,일반,랩,0,0,0.39,0.01,0.03,0.02,0.45,0.452,2007-04-17,ESTABLISHED,DOC000034,9|27|29|30|43,"[p.9,27,29,30] W; 코드 67753; 운용 0.39%; 판매 0.01%; 수탁 0.03%; 사무관리 0.02%; 총보수 0.45%; 합성 총보수·비용 0.452%; [p.43] 클래스 최초설정일 2007-04-17 (ESTABLISHED)"
CLASS000435,FUND000032,95031,e,e,일반,온라인,0,0,0.39,0.455,0.03,0.02,0.895,0.898,2009-06-10,ESTABLISHED,DOC000034,9|27|29|30|43,"[p.9,27,29,30] e; 코드 95031; 운용 0.39%; 판매 0.455%; 수탁 0.03%; 사무관리 0.02%; 총보수 0.895%; 합성 총보수·비용 0.898%; [p.43] 클래스 최초설정일 2009-06-10 (ESTABLISHED)"
CLASS000436,FUND000032,A3467,Cy,Cy,일반,오프라인,0,0,0.39,0.5,0.03,0.02,0.94,0.943,2013-10-28,ESTABLISHED,DOC000034,9|27|29|30|43,"[p.9,27,29,30] Cy; 코드 A3467; 운용 0.39%; 판매 0.5%; 수탁 0.03%; 사무관리 0.02%; 총보수 0.94%; 합성 총보수·비용 0.943%; [p.43] 클래스 최초설정일 2013-10-28 (ESTABLISHED)"
CLASS000437,FUND000032,AA844,I,I,일반,기관,0,0,0.39,0.03,0.03,0.02,0.47,0.472,2012-05-18,ESTABLISHED,DOC000034,9|27|29|30|43,"[p.9,27,29,30] I; 코드 AA844; 운용 0.39%; 판매 0.03%; 수탁 0.03%; 사무관리 0.02%; 총보수 0.47%; 합성 총보수·비용 0.472%; [p.43] 클래스 최초설정일 2012-05-18 (ESTABLISHED)"
CLASS000438,FUND000032,AH141,C-P,C-P,연금저축,오프라인,0,0,0.39,0.9,0.03,0.02,1.34,1.343,2013-04-03,ESTABLISHED,DOC000034,9|27|29|30|44,"[p.9,27,29,30] C-P; 코드 AH141; 운용 0.39%; 판매 0.9%; 수탁 0.03%; 사무관리 0.02%; 총보수 1.34%; 합성 총보수·비용 1.343%; [p.44] 클래스 최초설정일 2013-04-03 (ESTABLISHED)"
CLASS000439,FUND000032,BG622,C-Pe,C-Pe,연금저축,온라인,0,0,0.39,0.45,0.03,0.02,0.89,0.892,2016-08-31,ESTABLISHED,DOC000034,9|27|29|30|44,"[p.9,27,29,30] C-Pe; 코드 BG622; 운용 0.39%; 판매 0.45%; 수탁 0.03%; 사무관리 0.02%; 총보수 0.89%; 합성 총보수·비용 0.892%; [p.44] 클래스 최초설정일 2016-08-31 (ESTABLISHED)"
CLASS000440,FUND000032,BP304,C-G,C-G,일반,오프라인,0,0,0.39,0.88,0.03,0.02,1.32,1.322,2017-06-02,ESTABLISHED,DOC000034,9|27|29|30|43,"[p.9,27,29,30] C-G; 코드 BP304; 운용 0.39%; 판매 0.88%; 수탁 0.03%; 사무관리 0.02%; 총보수 1.32%; 합성 총보수·비용 1.322%; [p.43] 클래스 최초설정일 2017-06-02 (ESTABLISHED)"
CLASS000441,FUND000032,CT172,C-P2,C-P2,퇴직연금,오프라인,0,0,0.39,0.8,0.03,0.02,1.24,1.242,2019-08-14,ESTABLISHED,DOC000034,9|27|29|30|44,"[p.9,27,29,30] C-P2; 코드 CT172; 운용 0.39%; 판매 0.8%; 수탁 0.03%; 사무관리 0.02%; 총보수 1.24%; 합성 총보수·비용 1.242%; [p.44] 클래스 최초설정일 2019-08-14 (ESTABLISHED)"
CLASS000442,FUND000032,CT173,C-P2e,C-P2e,퇴직연금,온라인,0,0,0.39,0.4,0.03,0.02,0.84,0.842,2019-08-14,ESTABLISHED,DOC000034,9|27|29|30|44,"[p.9,27,29,30] C-P2e; 코드 CT173; 운용 0.39%; 판매 0.4%; 수탁 0.03%; 사무관리 0.02%; 총보수 0.84%; 합성 총보수·비용 0.842%; [p.44] 클래스 최초설정일 2019-08-14 (ESTABLISHED)"
CLASS000443,FUND000032,DZ491,S,S,일반,온라인슈퍼,0,0.15,0.39,0.33,0.03,0.02,0.77,0.77,2022-12-21,ESTABLISHED,DOC000034,9|27|29|30|44,"[p.9,27,29,30] S; 코드 DZ491; 운용 0.39%; 판매 0.33%; 수탁 0.03%; 사무관리 0.02%; 총보수 0.77%; 합성 총보수·비용 0.77%; [p.44] 클래스 최초설정일 2022-12-21 (ESTABLISHED)"
CLASS000444,FUND000032,DZ492,S-P,S-P,연금저축,온라인슈퍼,0,0,0.39,0.27,0.03,0.02,0.71,0.712,2022-12-21,ESTABLISHED,DOC000034,9|27|29|30|44,"[p.9,27,29,30] S-P; 코드 DZ492; 운용 0.39%; 판매 0.27%; 수탁 0.03%; 사무관리 0.02%; 총보수 0.71%; 합성 총보수·비용 0.712%; [p.44] 클래스 최초설정일 2022-12-21 (ESTABLISHED)"
CLASS000445,FUND000032,DZ493,S-P2,S-P2,퇴직연금,온라인슈퍼,0,0,0.39,0.26,0.03,0.02,0.7,0.7,2022-12-22,ESTABLISHED,DOC000034,9|27|29|30|44,"[p.9,27,29,30] S-P2; 코드 DZ493; 운용 0.39%; 판매 0.26%; 수탁 0.03%; 사무관리 0.02%; 총보수 0.7%; 합성 총보수·비용 0.7%; [p.44] 클래스 최초설정일 2022-12-22 (ESTABLISHED)"
CLASS000446,FUND000033,D3668,A,A,일반,오프라인,1,0,0.46,0.7,0.025,0.005,1.19,1.192,2020-04-02,ESTABLISHED,DOC000035,9|27|28|44,"[p.9,27,28] A; 코드 D3668; 운용 0.46%; 판매 0.7%; 수탁 0.025%; 사무관리 0.005%; 총보수 1.19%; 합성 총보수·비용 1.192%; [p.44] 클래스 최초설정일 2020-04-02 (ESTABLISHED)"
CLASS000447,FUND000033,D3669,Ae,Ae,일반,온라인,0.5,0,0.46,0.35,0.025,0.005,0.84,0.842,2020-04-14,ESTABLISHED,DOC000035,9|27|28|44,"[p.9,27,28] Ae; 코드 D3669; 운용 0.46%; 판매 0.35%; 수탁 0.025%; 사무관리 0.005%; 총보수 0.84%; 합성 총보수·비용 0.842%; [p.44] 클래스 최초설정일 2020-04-14 (ESTABLISHED)"
CLASS000448,FUND000033,D3670,A-G,A-G,일반,오프라인,0.5,0,0.46,0.53,0.025,0.005,1.02,1.02,,NOT_DISCLOSED,DOC000035,9|27|28|44,"[p.9,27,28] A-G; 코드 D3670; 운용 0.46%; 판매 0.53%; 수탁 0.025%; 사무관리 0.005%; 총보수 1.02%; 합성 총보수·비용 1.02%; [p.44] 클래스 최초설정일 - (NOT_DISCLOSED)"
CLASS000449,FUND000033,34301,C,C,일반,오프라인,0,0,0.46,1,0.025,0.005,1.49,1.493,2002-04-25,ESTABLISHED,DOC000035,9|27|28|43,"[p.9,27,28] C; 코드 34301; 운용 0.46%; 판매 1%; 수탁 0.025%; 사무관리 0.005%; 총보수 1.49%; 합성 총보수·비용 1.493%; [p.43] 클래스 최초설정일 2002-04-25 (ESTABLISHED)"
CLASS000450,FUND000033,78553,e,e,일반,온라인,0,0,0.46,0.5,0.025,0.005,0.99,0.993,2008-01-22,ESTABLISHED,DOC000035,9|27|28|43,"[p.9,27,28] e; 코드 78553; 운용 0.46%; 판매 0.5%; 수탁 0.025%; 사무관리 0.005%; 총보수 0.99%; 합성 총보수·비용 0.993%; [p.43] 클래스 최초설정일 2008-01-22 (ESTABLISHED)"
CLASS000451,FUND000033,BP317,C-G,C-G,일반,오프라인,0,0,0.46,0.99,0.025,0.005,1.48,1.481,2017-05-26,ESTABLISHED,DOC000035,9|27|28|44,"[p.9,27,28] C-G; 코드 BP317; 운용 0.46%; 판매 0.99%; 수탁 0.025%; 사무관리 0.005%; 총보수 1.48%; 합성 총보수·비용 1.481%; [p.44] 클래스 최초설정일 2017-05-26 (ESTABLISHED)"
CLASS000452,FUND000033,52805,W,W,일반,랩,0,0,0.46,0,0.025,0.005,0.49,0.493,2005-11-30,ESTABLISHED,DOC000035,9|27|28|43,"[p.9,27,28] W; 코드 52805; 운용 0.46%; 판매 0%; 수탁 0.025%; 사무관리 0.005%; 총보수 0.49%; 합성 총보수·비용 0.493%; [p.43] 클래스 최초설정일 2005-11-30 (ESTABLISHED)"
CLASS000453,FUND000033,99957,I,I,일반,기관,0,0,0.46,0.03,0.025,0.005,0.52,0.523,2011-01-19,ESTABLISHED,DOC000035,9|27|28|43,"[p.9,27,28] I; 코드 99957; 운용 0.46%; 판매 0.03%; 수탁 0.025%; 사무관리 0.005%; 총보수 0.52%; 합성 총보수·비용 0.523%; [p.43] 클래스 최초설정일 2011-01-19 (ESTABLISHED)"
CLASS000454,FUND000033,AH142,C-P,C-P,연금저축,오프라인,0,0,0.46,0.95,0.025,0.005,1.44,1.443,2013-04-08,ESTABLISHED,DOC000035,9|27|28|43,"[p.9,27,28] C-P; 코드 AH142; 운용 0.46%; 판매 0.95%; 수탁 0.025%; 사무관리 0.005%; 총보수 1.44%; 합성 총보수·비용 1.443%; [p.43] 클래스 최초설정일 2013-04-08 (ESTABLISHED)"
CLASS000455,FUND000033,BE093,C-Pe,C-Pe,연금저축,온라인,0,0,0.46,0.475,0.025,0.005,0.965,0.968,2016-08-31,ESTABLISHED,DOC000035,9|27|28|43,"[p.9,27,28] C-Pe; 코드 BE093; 운용 0.46%; 판매 0.475%; 수탁 0.025%; 사무관리 0.005%; 총보수 0.965%; 합성 총보수·비용 0.968%; [p.43] 클래스 최초설정일 2016-08-31 (ESTABLISHED)"
CLASS000456,FUND000033,BC028,C-P2,C-P2,퇴직연금,오프라인,0,0,0.46,0.85,0.025,0.005,1.34,1.343,2016-04-07,ESTABLISHED,DOC000035,9|27|28|43,"[p.9,27,28] C-P2; 코드 BC028; 운용 0.46%; 판매 0.85%; 수탁 0.025%; 사무관리 0.005%; 총보수 1.34%; 합성 총보수·비용 1.343%; [p.43] 클래스 최초설정일 2016-04-07 (ESTABLISHED)"
CLASS000457,FUND000033,BT895,C-P2e,C-P2e,퇴직연금,온라인,0,0,0.46,0.425,0.025,0.005,0.915,0.918,2017-08-02,ESTABLISHED,DOC000035,9|27|28|43,"[p.9,27,28] C-P2e; 코드 BT895; 운용 0.46%; 판매 0.425%; 수탁 0.025%; 사무관리 0.005%; 총보수 0.915%; 합성 총보수·비용 0.918%; [p.43] 클래스 최초설정일 2017-08-02 (ESTABLISHED)"
CLASS000458,FUND000033,DZ488,S,S,일반,온라인슈퍼,0,0.15,0.46,0.32,0.025,0.005,0.81,0.811,2022-12-21,ESTABLISHED,DOC000035,9|27|28|44,"[p.9,27,28] S; 코드 DZ488; 운용 0.46%; 판매 0.32%; 수탁 0.025%; 사무관리 0.005%; 총보수 0.81%; 합성 총보수·비용 0.811%; [p.44] 클래스 최초설정일 2022-12-21 (ESTABLISHED)"
CLASS000459,FUND000033,DZ489,S-P,S-P,연금저축,온라인슈퍼,0,0,0.46,0.26,0.025,0.005,0.75,0.751,2022-12-21,ESTABLISHED,DOC000035,9|27|28|44,"[p.9,27,28] S-P; 코드 DZ489; 운용 0.46%; 판매 0.26%; 수탁 0.025%; 사무관리 0.005%; 총보수 0.75%; 합성 총보수·비용 0.751%; [p.44] 클래스 최초설정일 2022-12-21 (ESTABLISHED)"
CLASS000460,FUND000033,DZ490,S-P2,S-P2,퇴직연금,온라인슈퍼,0,0,0.46,0.25,0.025,0.005,0.74,0.741,2022-12-22,ESTABLISHED,DOC000035,9|27|28|44,"[p.9,27,28] S-P2; 코드 DZ490; 운용 0.46%; 판매 0.25%; 수탁 0.025%; 사무관리 0.005%; 총보수 0.74%; 합성 총보수·비용 0.741%; [p.44] 클래스 최초설정일 2022-12-22 (ESTABLISHED)"
CLASS000461,FUND000034,BB854,A,A,일반,오프라인,0.1,0,0.0486,0.1,0.013,0.012,0.1736,0.1831,2016-04-18,ESTABLISHED,DOC000036,9|34|35|49|50,"[p.9,34,35] A; 코드 BB854; 운용 0.0486%; 판매 0.1%; 수탁 0.013%; 사무관리 0.012%; 총보수 0.1736%; 합성 총보수·비용 0.1831%; [p.49|50] 클래스 최초설정일 2016-04-18 (ESTABLISHED)"
CLASS000462,FUND000034,BJ474,A2,A2,일반,오프라인,0.2,0,0.0486,0.01,0.013,0.012,0.0836,0.0928,2017-01-09,ESTABLISHED,DOC000036,9|34|35|49|50,"[p.9,34,35] A2; 코드 BJ474; 운용 0.0486%; 판매 0.01%; 수탁 0.013%; 사무관리 0.012%; 총보수 0.0836%; 합성 총보수·비용 0.0928%; [p.49|50] 클래스 최초설정일 2017-01-09 (ESTABLISHED)"
CLASS000463,FUND000034,BL292,A-E,A-E,일반,온라인,0.05,0,0.0486,0.05,0.013,0.012,0.1236,0.1331,2017-02-06,ESTABLISHED,DOC000036,9|34|35|49|50,"[p.9,34,35] A-E; 코드 BL292; 운용 0.0486%; 판매 0.05%; 수탁 0.013%; 사무관리 0.012%; 총보수 0.1236%; 합성 총보수·비용 0.1331%; [p.49|50] 클래스 최초설정일 2017-02-06 (ESTABLISHED)"
CLASS000464,FUND000034,BB855,C,C,일반,오프라인,0,0,0.0486,0.1134,0.013,0.012,0.187,0.1965,2007-04-17,ESTABLISHED,DOC000036,9|34|35|49|50,"[p.9,34,35] C; 코드 BB855; 운용 0.0486%; 판매 0.1134%; 수탁 0.013%; 사무관리 0.012%; 총보수 0.187%; 합성 총보수·비용 0.1965%; [p.49|50] 클래스 최초설정일 2007-04-17 (ESTABLISHED)"
CLASS000465,FUND000034,BL294,C-E,C-E,일반,온라인,0,0,0.0486,0.0567,0.013,0.012,0.1303,0.1398,2017-02-06,ESTABLISHED,DOC000036,9|34|35|49|50,"[p.9,34,35] C-E; 코드 BL294; 운용 0.0486%; 판매 0.0567%; 수탁 0.013%; 사무관리 0.012%; 총보수 0.1303%; 합성 총보수·비용 0.1398%; [p.49|50] 클래스 최초설정일 2017-02-06 (ESTABLISHED)"
CLASS000466,FUND000034,BH500,C-F,C-F,일반,기관,0,0,0.0486,0.02,0.013,0.012,0.0936,0.103,2016-09-22,ESTABLISHED,DOC000036,9|34|35|49|50,"[p.9,34,35] C-F; 코드 BH500; 운용 0.0486%; 판매 0.02%; 수탁 0.013%; 사무관리 0.012%; 총보수 0.0936%; 합성 총보수·비용 0.103%; [p.49|50] 클래스 최초설정일 2016-09-22 (ESTABLISHED)"
CLASS000467,FUND000034,BL297,C-P,C-P,연금저축,오프라인,0,0,0.0486,0.1034,0.013,0.012,0.177,0.1864,2017-01-31,ESTABLISHED,DOC000036,9|34|35|49|50,"[p.9,34,35] C-P; 코드 BL297; 운용 0.0486%; 판매 0.1034%; 수탁 0.013%; 사무관리 0.012%; 총보수 0.177%; 합성 총보수·비용 0.1864%; [p.49|50] 클래스 최초설정일 2017-01-31 (ESTABLISHED)"
CLASS000468,FUND000034,BL299,C-P2,C-P2,퇴직연금,오프라인,0,0,0.0486,0.1,0.013,0.012,0.1736,0.1831,2017-02-16,ESTABLISHED,DOC000036,9|34|35|49|50,"[p.9,34,35] C-P2; 코드 BL299; 운용 0.0486%; 판매 0.1%; 수탁 0.013%; 사무관리 0.012%; 총보수 0.1736%; 합성 총보수·비용 0.1831%; [p.49|50] 클래스 최초설정일 2017-02-16 (ESTABLISHED)"
CLASS000469,FUND000034,BB856,W,W,일반,랩,0,0,0.0486,0,0.013,0.012,0.0736,0.083,2016-03-16,ESTABLISHED,DOC000036,9|34|35|49|50,"[p.9,34,35] W; 코드 BB856; 운용 0.0486%; 판매 0%; 수탁 0.013%; 사무관리 0.012%; 총보수 0.0736%; 합성 총보수·비용 0.083%; [p.49|50] 클래스 최초설정일 2016-03-16 (ESTABLISHED)"
CLASS000470,FUND000034,BO901,C-PE,C-PE,연금저축,온라인,0,0,0.0486,0.0567,0.013,0.012,0.1303,0.1397,2017-09-06,ESTABLISHED,DOC000036,9|34|35|49|50,"[p.9,34,35] C-PE; 코드 BO901; 운용 0.0486%; 판매 0.0567%; 수탁 0.013%; 사무관리 0.012%; 총보수 0.1303%; 합성 총보수·비용 0.1397%; [p.49|50] 클래스 최초설정일 2017-09-06 (ESTABLISHED)"
CLASS000471,FUND000034,CP065,C-P2E,C-P2E,퇴직연금,온라인,0,0,0.0486,0.05,0.013,0.012,0.1236,0.1331,2019-06-25,ESTABLISHED,DOC000036,9|34|35|49|50,"[p.9,34,35] C-P2E; 코드 CP065; 운용 0.0486%; 판매 0.05%; 수탁 0.013%; 사무관리 0.012%; 총보수 0.1236%; 합성 총보수·비용 0.1331%; [p.49|50] 클래스 최초설정일 2019-06-25 (ESTABLISHED)"
CLASS000472,FUND000034,E5584,AG,AG,일반,오프라인,0.05,0,0.0486,0.065,0.013,0.012,,0.1485,,NOT_DISCLOSED,DOC000036,9|34|35|49|50,"[p.9,34,35] AG; 코드 E5584; 운용 0.0486%; 판매 0.065%; 수탁 0.013%; 사무관리 0.012%; 총보수 null%; 합성 총보수·비용 0.1485%; [p.49|50] 클래스 최초설정일 - (NOT_DISCLOSED)"
CLASS000473,FUND000034,E5585,CG,CG,일반,오프라인,0,0,0.0486,0.074,0.013,0.012,,0.1565,,NOT_DISCLOSED,DOC000036,9|34|35|49|50,"[p.9,34,35] CG; 코드 E5585; 운용 0.0486%; 판매 0.074%; 수탁 0.013%; 사무관리 0.012%; 총보수 null%; 합성 총보수·비용 0.1565%; [p.49|50] 클래스 최초설정일 - (NOT_DISCLOSED)"
CLASS000474,FUND000034,EC871,I,I,일반,기관,0,0,0.0486,0.03,0.013,0.012,0.1036,0.1131,,NOT_DISCLOSED,DOC000036,9|34|35|49|50,"[p.9,34,35] I; 코드 EC871; 운용 0.0486%; 판매 0.03%; 수탁 0.013%; 사무관리 0.012%; 총보수 0.1036%; 합성 총보수·비용 0.1131%; [p.49|50] 클래스 최초설정일 - (NOT_DISCLOSED)"
CLASS000475,FUND000035,68415,A,A,일반,오프라인,1,0,0.7446,0.7374,0.04,0.018,1.54,1.5436,2007-05-03,ESTABLISHED,DOC000037,11|40|41|42|56|57,"[p.11,40,41,42] A; 코드 68415; 운용 0.7446%; 판매 0.7374%; 수탁 0.04%; 사무관리 0.018%; 총보수 1.54%; 합성 총보수·비용 1.5436%; [p.56|57] 클래스 최초설정일 2007-05-03 (ESTABLISHED)"
CLASS000476,FUND000035,BM910,A-E,A-E,일반,온라인,0.5,0,0.7446,0.3687,0.04,0.018,1.1713,1.175,2017-05-18,ESTABLISHED,DOC000037,11|40|41|42|56|57,"[p.11,40,41,42] A-E; 코드 BM910; 운용 0.7446%; 판매 0.3687%; 수탁 0.04%; 사무관리 0.018%; 총보수 1.1713%; 합성 총보수·비용 1.175%; [p.56|57] 클래스 최초설정일 2017-05-18 (ESTABLISHED)"
CLASS000477,FUND000035,AG643,A-U,A-U,일반,오프라인,1,0,0.7446,0.8374,0.04,0.018,1.64,1.6421,2013-04-02,ESTABLISHED,DOC000037,11|40|41|42|56|57,"[p.11,40,41,42] A-U; 코드 AG643; 운용 0.7446%; 판매 0.8374%; 수탁 0.04%; 사무관리 0.018%; 총보수 1.64%; 합성 총보수·비용 1.6421%; [p.56|57] 클래스 최초설정일 2013-04-02 (ESTABLISHED)"
CLASS000478,FUND000035,68416,C1,C1,일반,오프라인,0,0,0.7446,1.5,0.04,0.018,2.3026,2.306,2007-05-03,ESTABLISHED,DOC000037,11|40|41|42|56|57,"[p.11,40,41,42] C1; 코드 68416; 운용 0.7446%; 판매 1.5%; 수탁 0.04%; 사무관리 0.018%; 총보수 2.3026%; 합성 총보수·비용 2.306%; [p.56|57] 클래스 최초설정일 2007-05-03 (ESTABLISHED)"
CLASS000479,FUND000035,96115,C2,C2,일반,오프라인,0,0,0.7446,1.375,0.04,0.018,2.1776,2.1816,2010-10-18,ESTABLISHED,DOC000037,11|40|41|42|56|57,"[p.11,40,41,42] C2; 코드 96115; 운용 0.7446%; 판매 1.375%; 수탁 0.04%; 사무관리 0.018%; 총보수 2.1776%; 합성 총보수·비용 2.1816%; [p.56|57] 클래스 최초설정일 2010-10-18 (ESTABLISHED)"
CLASS000480,FUND000035,96118,C3,C3,일반,오프라인,0,0,0.7446,1.25,0.04,0.018,2.0526,2.0559,2010-10-18,ESTABLISHED,DOC000037,11|40|41|42|56|57,"[p.11,40,41,42] C3; 코드 96118; 운용 0.7446%; 판매 1.25%; 수탁 0.04%; 사무관리 0.018%; 총보수 2.0526%; 합성 총보수·비용 2.0559%; [p.56|57] 클래스 최초설정일 2010-10-18 (ESTABLISHED)"
CLASS000481,FUND000035,96120,C4,C4,일반,오프라인,0,0,0.7446,1.125,0.04,0.018,1.9276,1.931,2010-10-18,ESTABLISHED,DOC000037,11|40|41|42|56|57,"[p.11,40,41,42] C4; 코드 96120; 운용 0.7446%; 판매 1.125%; 수탁 0.04%; 사무관리 0.018%; 총보수 1.9276%; 합성 총보수·비용 1.931%; [p.56|57] 클래스 최초설정일 2010-10-18 (ESTABLISHED)"
CLASS000482,FUND000035,96157,C5,C5,일반,오프라인,0,0,0.7446,1,0.04,0.018,1.8026,1.8065,2011-05-04,ESTABLISHED,DOC000037,11|40|41|42|56|57,"[p.11,40,41,42] C5; 코드 96157; 운용 0.7446%; 판매 1%; 수탁 0.04%; 사무관리 0.018%; 총보수 1.8026%; 합성 총보수·비용 1.8065%; [p.56|57] 클래스 최초설정일 2011-05-04 (ESTABLISHED)"
CLASS000483,FUND000035,BM911,C-E,C-E,일반,온라인,0,0,0.7446,0.69,0.04,0.018,1.4926,1.4963,2017-05-19,ESTABLISHED,DOC000037,11|40|41|42|56|57,"[p.11,40,41,42] C-E; 코드 BM911; 운용 0.7446%; 판매 0.69%; 수탁 0.04%; 사무관리 0.018%; 총보수 1.4926%; 합성 총보수·비용 1.4963%; [p.56|57] 클래스 최초설정일 2017-05-19 (ESTABLISHED)"
CLASS000484,FUND000035,93725,C-F,C-F,일반,기관,0,0,0.7446,0.03,0.04,0.018,0.8326,0.837,2016-11-14,ESTABLISHED,DOC000037,11|40|41|42|56|57,"[p.11,40,41,42] C-F; 코드 93725; 운용 0.7446%; 판매 0.03%; 수탁 0.04%; 사무관리 0.018%; 총보수 0.8326%; 합성 총보수·비용 0.837%; [p.56|57] 클래스 최초설정일 2016-11-14 (ESTABLISHED)"
CLASS000485,FUND000035,BM912,C-P,C-P,연금저축,오프라인,0,0,0.7446,0.7,0.04,0.018,1.5026,1.5063,2017-05-22,ESTABLISHED,DOC000037,11|40|41|42|56|57,"[p.11,40,41,42] C-P; 코드 BM912; 운용 0.7446%; 판매 0.7%; 수탁 0.04%; 사무관리 0.018%; 총보수 1.5026%; 합성 총보수·비용 1.5063%; [p.56|57] 클래스 최초설정일 2017-05-22 (ESTABLISHED)"
CLASS000486,FUND000035,BM913,C-P2,C-P2,퇴직연금,오프라인,0,0,0.7446,0.6,0.04,0.018,1.4026,1.4062,2017-04-11,ESTABLISHED,DOC000037,11|40|41|42|56|57,"[p.11,40,41,42] C-P2; 코드 BM913; 운용 0.7446%; 판매 0.6%; 수탁 0.04%; 사무관리 0.018%; 총보수 1.4026%; 합성 총보수·비용 1.4062%; [p.56|57] 클래스 최초설정일 2017-04-11 (ESTABLISHED)"
CLASS000487,FUND000035,BM914,W,W,일반,랩,0,0,0.7446,0,0.04,0.018,0.8026,0.8064,2017-07-18,ESTABLISHED,DOC000037,11|40|41|42|56|57,"[p.11,40,41,42] W; 코드 BM914; 운용 0.7446%; 판매 0%; 수탁 0.04%; 사무관리 0.018%; 총보수 0.8026%; 합성 총보수·비용 0.8064%; [p.56|57] 클래스 최초설정일 2017-07-18 (ESTABLISHED)"
CLASS000488,FUND000035,BM915,S,S,일반,온라인슈퍼,0,0.15,0.7446,0.3,0.04,0.018,1.1026,1.1065,2017-11-28,ESTABLISHED,DOC000037,11|40|41|42|56|57,"[p.11,40,41,42] S; 코드 BM915; 운용 0.7446%; 판매 0.3%; 수탁 0.04%; 사무관리 0.018%; 총보수 1.1026%; 합성 총보수·비용 1.1065%; [p.56|57] 클래스 최초설정일 2017-11-28 (ESTABLISHED)"
CLASS000489,FUND000035,BP497,AG,AG,일반,오프라인,0.52,0,0.7446,0.38,0.04,0.018,1.1826,1.1866,2017-06-27,ESTABLISHED,DOC000037,11|40|41|42|56|57,"[p.11,40,41,42] AG; 코드 BP497; 운용 0.7446%; 판매 0.38%; 수탁 0.04%; 사무관리 0.018%; 총보수 1.1826%; 합성 총보수·비용 1.1866%; [p.56|57] 클래스 최초설정일 2017-06-27 (ESTABLISHED)"
CLASS000490,FUND000035,BP498,CG,CG,일반,오프라인,0,0,0.7446,0.73,0.04,0.018,1.5326,1.5347,2017-11-03,ESTABLISHED,DOC000037,11|40|41|42|56|57,"[p.11,40,41,42] CG; 코드 BP498; 운용 0.7446%; 판매 0.73%; 수탁 0.04%; 사무관리 0.018%; 총보수 1.5326%; 합성 총보수·비용 1.5347%; [p.56|57] 클래스 최초설정일 2017-11-03 (ESTABLISHED)"
CLASS000491,FUND000035,C8312,C-PE,C-PE,연금저축,온라인,0,0,0.7446,0.35,0.04,0.018,1.1526,,2018-05-29,ESTABLISHED,DOC000037,11|40|41|42|56|57,"[p.11,40,41,42] C-PE; 코드 C8312; 운용 0.7446%; 판매 0.35%; 수탁 0.04%; 사무관리 0.018%; 총보수 1.1526%; 합성 총보수·비용 원문 산술불일치로 NULL; [p.56|57] 클래스 최초설정일 2018-05-29 (ESTABLISHED)"
CLASS000492,FUND000035,C9652,C-P2E,C-P2E,퇴직연금,온라인,0,0,0.7446,0.3,0.04,0.018,1.1026,,2020-02-14,ESTABLISHED,DOC000037,11|40|41|42|56|57,"[p.11,40,41,42] C-P2E; 코드 C9652; 운용 0.7446%; 판매 0.3%; 수탁 0.04%; 사무관리 0.018%; 총보수 1.1026%; 합성 총보수·비용 원문 산술불일치로 NULL; [p.56|57] 클래스 최초설정일 2020-02-14 (ESTABLISHED)"
CLASS000493,FUND000035,D4932,S-P2,S-P2,퇴직연금,온라인슈퍼,0,0,0.7446,0.2,0.04,0.018,1.0026,1.0047,2020-06-29,ESTABLISHED,DOC000037,11|40|41|42|56|57,"[p.11,40,41,42] S-P2; 코드 D4932; 운용 0.7446%; 판매 0.2%; 수탁 0.04%; 사무관리 0.018%; 총보수 1.0026%; 합성 총보수·비용 1.0047%; [p.56|57] 클래스 최초설정일 2020-06-29 (ESTABLISHED)"
CLASS000494,FUND000036,92354,A,A,일반,오프라인,0.2,0,0.07,0.01,0.015,0.012,0.107,0.1165,2006-03-06,ESTABLISHED,DOC000038,12|49|50|7,"[p.12,49,50] A; 코드 92354; 운용 0.07%; 판매 0.01%; 수탁 0.015%; 사무관리 0.012%; 총보수 0.107%; 합성 총보수·비용 0.1165%; [p.7] 클래스 최초설정일 2006-03-06 (ESTABLISHED)"
CLASS000495,FUND000036,BG944,A-e,A-e,일반,온라인,0.1,0,0.07,0.005,0.015,0.012,0.102,0.1116,,NOT_DISCLOSED,DOC000038,12|49|50|7,"[p.12,49,50] A-e; 코드 BG944; 운용 0.07%; 판매 0.005%; 수탁 0.015%; 사무관리 0.012%; 총보수 0.102%; 합성 총보수·비용 0.1116%; [p.7] 클래스 최초설정일 - (NOT_DISCLOSED)"
CLASS000496,FUND000036,C5825,A-u,A-u,일반,오프라인,1,0,0.07,0.098,0.015,0.012,0.195,0.2021,,NOT_DISCLOSED,DOC000038,12|49|50|7,"[p.12,49,50] A-u; 코드 C5825; 운용 0.07%; 판매 0.098%; 수탁 0.015%; 사무관리 0.012%; 총보수 0.195%; 합성 총보수·비용 0.2021%; [p.7] 클래스 최초설정일 - (NOT_DISCLOSED)"
CLASS000497,FUND000036,A9002,A-u2,A-u2,일반,오프라인,1,0,0.07,0.09,0.015,0.012,0.187,0.1942,,NOT_DISCLOSED,DOC000038,12|49|50|7,"[p.12,49,50] A-u2; 코드 A9002; 운용 0.07%; 판매 0.09%; 수탁 0.015%; 사무관리 0.012%; 총보수 0.187%; 합성 총보수·비용 0.1942%; [p.7] 클래스 최초설정일 - (NOT_DISCLOSED)"
CLASS000498,FUND000036,55139,C,C,일반,오프라인,0,0,0.07,0.15,0.015,0.012,0.247,0.2565,,NOT_DISCLOSED,DOC000038,12|49|50|7,"[p.12,49,50] C; 코드 55139; 운용 0.07%; 판매 0.15%; 수탁 0.015%; 사무관리 0.012%; 총보수 0.247%; 합성 총보수·비용 0.2565%; [p.7] 클래스 최초설정일 - (NOT_DISCLOSED)"
CLASS000499,FUND000036,BG945,C-e,C-e,일반,온라인,0,0,0.07,0.075,0.015,0.012,0.172,0.1815,,NOT_DISCLOSED,DOC000038,12|49|50|7,"[p.12,49,50] C-e; 코드 BG945; 운용 0.07%; 판매 0.075%; 수탁 0.015%; 사무관리 0.012%; 총보수 0.172%; 합성 총보수·비용 0.1815%; [p.7] 클래스 최초설정일 - (NOT_DISCLOSED)"
CLASS000500,FUND000036,B1319,C-P,C-P,연금저축,오프라인,0,0,0.07,0.11,0.015,0.012,0.207,0.2165,,NOT_DISCLOSED,DOC000038,12|49|50|7,"[p.12,49,50] C-P; 코드 B1319; 운용 0.07%; 판매 0.11%; 수탁 0.015%; 사무관리 0.012%; 총보수 0.207%; 합성 총보수·비용 0.2165%; [p.7] 클래스 최초설정일 - (NOT_DISCLOSED)"
CLASS000501,FUND000036,BU738,C-Pe,C-Pe,연금저축,온라인,0,0,0.07,0.055,0.015,0.012,0.152,0.1616,,NOT_DISCLOSED,DOC000038,12|49|50|7,"[p.12,49,50] C-Pe; 코드 BU738; 운용 0.07%; 판매 0.055%; 수탁 0.015%; 사무관리 0.012%; 총보수 0.152%; 합성 총보수·비용 0.1616%; [p.7] 클래스 최초설정일 - (NOT_DISCLOSED)"
CLASS000502,FUND000036,E6775,C-Pu,C-Pu,연금저축,오프라인,0,0,0.07,0.085,0.015,0.012,0.182,0.1892,,NOT_DISCLOSED,DOC000038,12|49|50|7,"[p.12,49,50] C-Pu; 코드 E6775; 운용 0.07%; 판매 0.085%; 수탁 0.015%; 사무관리 0.012%; 총보수 0.182%; 합성 총보수·비용 0.1892%; [p.7] 클래스 최초설정일 - (NOT_DISCLOSED)"
CLASS000503,FUND000036,B1320,C-RP,C-RP,퇴직연금,오프라인,0,0,0.07,0.1,0.015,0.012,0.197,0.2065,,NOT_DISCLOSED,DOC000038,12|49|50|7,"[p.12,49,50] C-RP; 코드 B1320; 운용 0.07%; 판매 0.1%; 수탁 0.015%; 사무관리 0.012%; 총보수 0.197%; 합성 총보수·비용 0.2065%; [p.7] 클래스 최초설정일 - (NOT_DISCLOSED)"
CLASS000504,FUND000036,BU739,C-RPe,C-RPe,퇴직연금,온라인,0,0,0.07,0.05,0.015,0.012,0.147,0.1566,,NOT_DISCLOSED,DOC000038,12|49|50|7,"[p.12,49,50] C-RPe; 코드 BU739; 운용 0.07%; 판매 0.05%; 수탁 0.015%; 사무관리 0.012%; 총보수 0.147%; 합성 총보수·비용 0.1566%; [p.7] 클래스 최초설정일 - (NOT_DISCLOSED)"
CLASS000505,FUND000036,55935,C-w,C-w,일반,랩,0,0,0.07,0,0.015,0.012,0.097,0.1065,,NOT_DISCLOSED,DOC000038,12|49|50|7,"[p.12,49,50] C-w; 코드 55935; 운용 0.07%; 판매 0%; 수탁 0.015%; 사무관리 0.012%; 총보수 0.097%; 합성 총보수·비용 0.1065%; [p.7] 클래스 최초설정일 - (NOT_DISCLOSED)"
CLASS000506,FUND000036,56080,I,I,일반,기관,0,0,0.07,0.03,0.015,0.012,0.127,0.1365,,NOT_DISCLOSED,DOC000038,12|49|50|7,"[p.12,49,50] I; 코드 56080; 운용 0.07%; 판매 0.03%; 수탁 0.015%; 사무관리 0.012%; 총보수 0.127%; 합성 총보수·비용 0.1365%; [p.7] 클래스 최초설정일 - (NOT_DISCLOSED)"
CLASS000507,FUND000036,E6091,AG,AG,일반,오프라인,0.15,0,0.07,0.008,0.015,0.012,0.105,0.105,,NOT_DISCLOSED,DOC000038,12|49|50|7,"[p.12,49,50] AG; 코드 E6091; 운용 0.07%; 판매 0.008%; 수탁 0.015%; 사무관리 0.012%; 총보수 0.105%; 합성 총보수·비용 0.105%; [p.7] 클래스 최초설정일 - (NOT_DISCLOSED)"
CLASS000508,FUND000036,BP579,CG,CG,일반,오프라인,0,0,0.07,0.08,0.015,0.012,0.177,0.1842,,NOT_DISCLOSED,DOC000038,12|49|50|7,"[p.12,49,50] CG; 코드 BP579; 운용 0.07%; 판매 0.08%; 수탁 0.015%; 사무관리 0.012%; 총보수 0.177%; 합성 총보수·비용 0.1842%; [p.7] 클래스 최초설정일 - (NOT_DISCLOSED)"
CLASS000509,FUND000037,89962,A,A,일반,오프라인,0.3,0,0.07,0.18,0.02,0.012,0.282,0.2929,2008-10-28,ESTABLISHED,DOC000039,11|36|37|38|7,"[p.11,36,37,38] A; 코드 89962; 운용 0.07%; 판매 0.18%; 수탁 0.02%; 사무관리 0.012%; 총보수 0.282%; 합성 총보수·비용 0.2929%; [p.7] 클래스 최초설정일 2008-10-28 (ESTABLISHED)"
CLASS000510,FUND000037,BZ421,A-e,A-e,일반,온라인,0.15,0,0.07,0.13,0.02,0.012,0.232,0.2429,,NOT_DISCLOSED,DOC000039,11|36|37|38|7,"[p.11,36,37,38] A-e; 코드 BZ421; 운용 0.07%; 판매 0.13%; 수탁 0.02%; 사무관리 0.012%; 총보수 0.232%; 합성 총보수·비용 0.2429%; [p.7] 클래스 최초설정일 - (NOT_DISCLOSED)"
CLASS000511,FUND000037,89019,C,C,일반,오프라인,0,0,0.07,0.31,0.02,0.012,0.412,0.4229,,NOT_DISCLOSED,DOC000039,11|36|37|38|7,"[p.11,36,37,38] C; 코드 89019; 운용 0.07%; 판매 0.31%; 수탁 0.02%; 사무관리 0.012%; 총보수 0.412%; 합성 총보수·비용 0.4229%; [p.7] 클래스 최초설정일 - (NOT_DISCLOSED)"
CLASS000512,FUND000037,89693,C-e,C-e,일반,온라인,0,0,0.07,0.26,0.02,0.012,0.362,0.3729,,NOT_DISCLOSED,DOC000039,11|36|37|38|7,"[p.11,36,37,38] C-e; 코드 89693; 운용 0.07%; 판매 0.26%; 수탁 0.02%; 사무관리 0.012%; 총보수 0.362%; 합성 총보수·비용 0.3729%; [p.7] 클래스 최초설정일 - (NOT_DISCLOSED)"
CLASS000513,FUND000037,AB470,C-g,C-g,일반,오프라인,0,0,0.07,0.23,0.02,0.012,0.332,0.332,,NOT_DISCLOSED,DOC000039,11|36|37|38|7,"[p.11,36,37,38] C-g; 코드 AB470; 운용 0.07%; 판매 0.23%; 수탁 0.02%; 사무관리 0.012%; 총보수 0.332%; 합성 총보수·비용 0.332%; [p.7] 클래스 최초설정일 - (NOT_DISCLOSED)"
CLASS000514,FUND000037,B3938,C-i,C-i,일반,기관,0,0,0.07,0.11,0.02,0.012,0.212,0.2229,,NOT_DISCLOSED,DOC000039,11|36|37|38|7,"[p.11,36,37,38] C-i; 코드 B3938; 운용 0.07%; 판매 0.11%; 수탁 0.02%; 사무관리 0.012%; 총보수 0.212%; 합성 총보수·비용 0.2229%; [p.7] 클래스 최초설정일 - (NOT_DISCLOSED)"
CLASS000515,FUND000037,B1302,C-P,C-P,연금저축,오프라인,0,0,0.07,0.25,0.02,0.012,0.352,0.3629,,NOT_DISCLOSED,DOC000039,11|36|37|38|7,"[p.11,36,37,38] C-P; 코드 B1302; 운용 0.07%; 판매 0.25%; 수탁 0.02%; 사무관리 0.012%; 총보수 0.352%; 합성 총보수·비용 0.3629%; [p.7] 클래스 최초설정일 - (NOT_DISCLOSED)"
CLASS000516,FUND000037,BU767,C-Pe,C-Pe,연금저축,온라인,0,0,0.07,0.165,0.02,0.012,0.267,0.2778,,NOT_DISCLOSED,DOC000039,11|36|37|38|7,"[p.11,36,37,38] C-Pe; 코드 BU767; 운용 0.07%; 판매 0.165%; 수탁 0.02%; 사무관리 0.012%; 총보수 0.267%; 합성 총보수·비용 0.2778%; [p.7] 클래스 최초설정일 - (NOT_DISCLOSED)"
CLASS000517,FUND000037,AC014,C-RP,C-RP,퇴직연금,오프라인,0,0,0.07,0.24,0.02,0.012,0.342,0.3529,,NOT_DISCLOSED,DOC000039,11|36|37|38|7,"[p.11,36,37,38] C-RP; 코드 AC014; 운용 0.07%; 판매 0.24%; 수탁 0.02%; 사무관리 0.012%; 총보수 0.342%; 합성 총보수·비용 0.3529%; [p.7] 클래스 최초설정일 - (NOT_DISCLOSED)"
CLASS000518,FUND000037,BU768,C-RPe,C-RPe,퇴직연금,온라인,0,0,0.07,0.16,0.02,0.012,0.262,0.273,,NOT_DISCLOSED,DOC000039,11|36|37|38|7,"[p.11,36,37,38] C-RPe; 코드 BU768; 운용 0.07%; 판매 0.16%; 수탁 0.02%; 사무관리 0.012%; 총보수 0.262%; 합성 총보수·비용 0.273%; [p.7] 클래스 최초설정일 - (NOT_DISCLOSED)"
CLASS000519,FUND000037,B9627,Cf-RP,Cf-RP,퇴직연금,오프라인,0,0,0.07,0.1,0.02,0.012,0.202,0.202,,NOT_DISCLOSED,DOC000039,11|36|37|38|7,"[p.11,36,37,38] Cf-RP; 코드 B9627; 운용 0.07%; 판매 0.1%; 수탁 0.02%; 사무관리 0.012%; 총보수 0.202%; 합성 총보수·비용 0.202%; [p.7] 클래스 최초설정일 - (NOT_DISCLOSED)"
CLASS000520,FUND000037,E3898,Ci-RP,Ci-RP,퇴직연금,오프라인,0,0,0.07,0.155,0.02,0.012,0.257,0.26,,NOT_DISCLOSED,DOC000039,11|36|37|38|7,"[p.11,36,37,38] Ci-RP; 코드 E3898; 운용 0.07%; 판매 0.155%; 수탁 0.02%; 사무관리 0.012%; 총보수 0.257%; 합성 총보수·비용 0.26%; [p.7] 클래스 최초설정일 - (NOT_DISCLOSED)"
CLASS000521,FUND000037,92350,Cw,Cw,일반,랩,0,0,0.07,0,0.02,0.012,0.102,0.1129,,NOT_DISCLOSED,DOC000039,11|36|37|38|7,"[p.11,36,37,38] Cw; 코드 92350; 운용 0.07%; 판매 0%; 수탁 0.02%; 사무관리 0.012%; 총보수 0.102%; 합성 총보수·비용 0.1129%; [p.7] 클래스 최초설정일 - (NOT_DISCLOSED)"
CLASS000522,FUND000037,AP022,S,S,일반,온라인슈퍼,0,0.15,0.07,0.23,0.02,0.012,0.332,0.3405,,NOT_DISCLOSED,DOC000039,11|36|37|38|7,"[p.11,36,37,38] S; 코드 AP022; 운용 0.07%; 판매 0.23%; 수탁 0.02%; 사무관리 0.012%; 총보수 0.332%; 합성 총보수·비용 0.3405%; [p.7] 클래스 최초설정일 - (NOT_DISCLOSED)"
CLASS000523,FUND000037,B1303,S-P,S-P,연금저축,온라인슈퍼,0,0,0.07,0.2,0.02,0.012,0.302,0.3105,,NOT_DISCLOSED,DOC000039,11|36|37|38|7,"[p.11,36,37,38] S-P; 코드 B1303; 운용 0.07%; 판매 0.2%; 수탁 0.02%; 사무관리 0.012%; 총보수 0.302%; 합성 총보수·비용 0.3105%; [p.7] 클래스 최초설정일 - (NOT_DISCLOSED)"
CLASS000524,FUND000037,D0952,S-RP,S-RP,퇴직연금,온라인슈퍼,0,0,0.07,0.19,0.02,0.012,0.292,0.3005,,NOT_DISCLOSED,DOC000039,11|36|37|38|7,"[p.11,36,37,38] S-RP; 코드 D0952; 운용 0.07%; 판매 0.19%; 수탁 0.02%; 사무관리 0.012%; 총보수 0.292%; 합성 총보수·비용 0.3005%; [p.7] 클래스 최초설정일 - (NOT_DISCLOSED)"
CLASS000525,FUND000037,DE244,J-e,J-e,일반,온라인,0,0,0.07,0.155,0.02,0.012,0.257,0.2655,,NOT_DISCLOSED,DOC000039,11|36|37|38|7,"[p.11,36,37,38] J-e; 코드 DE244; 운용 0.07%; 판매 0.155%; 수탁 0.02%; 사무관리 0.012%; 총보수 0.257%; 합성 총보수·비용 0.2655%; [p.7] 클래스 최초설정일 - (NOT_DISCLOSED)"
CLASS000526,FUND000037,DE245,J-Pe,J-Pe,연금저축,온라인,0,0,0.07,0.125,0.02,0.012,0.227,0.2355,,NOT_DISCLOSED,DOC000039,11|36|37|38|7,"[p.11,36,37,38] J-Pe; 코드 DE245; 운용 0.07%; 판매 0.125%; 수탁 0.02%; 사무관리 0.012%; 총보수 0.227%; 합성 총보수·비용 0.2355%; [p.7] 클래스 최초설정일 - (NOT_DISCLOSED)"
CLASS000527,FUND000037,DE246,J-RPe,J-RPe,퇴직연금,온라인,0,0,0.07,0.1175,0.02,0.012,0.2195,0.2195,,NOT_DISCLOSED,DOC000039,11|36|37|38|7,"[p.11,36,37,38] J-RPe; 코드 DE246; 운용 0.07%; 판매 0.1175%; 수탁 0.02%; 사무관리 0.012%; 총보수 0.2195%; 합성 총보수·비용 0.2195%; [p.7] 클래스 최초설정일 - (NOT_DISCLOSED)"
CLASS000528,FUND000038,EB484,A1,A1,일반,오프라인,0.3,0,0.06,0.1,0.01,0.01,0.18,0.1882,,NOT_DISCLOSED,DOC000040,9|28|29|30|11|38|39,"[p.9,28,29,30] A1; 코드 EB484; 운용 0.06%; 판매 0.1%; 수탁 0.01%; 사무관리 0.01%; 총보수 0.18%; 총보수·비용 0.1882%; [p.11|38|39] 클래스 최초설정일 - (NOT_DISCLOSED)"
CLASS000529,FUND000038,EB485,A-e,A-e,일반,온라인,0.15,0,0.06,0.05,0.01,0.01,0.13,0.1384,,NOT_DISCLOSED,DOC000040,9|28|29|30|11|38|39,"[p.9,28,29,30] A-e; 코드 EB485; 운용 0.06%; 판매 0.05%; 수탁 0.01%; 사무관리 0.01%; 총보수 0.13%; 총보수·비용 0.1384%; [p.11|38|39] 클래스 최초설정일 - (NOT_DISCLOSED)"
CLASS000530,FUND000038,EB486,A-g,A-g,일반,오프라인,0.21,0,0.06,0.07,0.01,0.01,0.15,0.15,,NOT_DISCLOSED,DOC000040,9|28|29|30|11|38|39,"[p.9,28,29,30] A-g; 코드 EB486; 운용 0.06%; 판매 0.07%; 수탁 0.01%; 사무관리 0.01%; 총보수 0.15%; 총보수·비용 0.15%; [p.11|38|39] 클래스 최초설정일 - (NOT_DISCLOSED)"
CLASS000531,FUND000038,EB487,C1,C1,일반,오프라인,0,0,0.06,0.3,0.01,0.01,0.38,0.3888,,NOT_DISCLOSED,DOC000040,9|28|29|30|11|38|39,"[p.9,28,29,30] C1; 코드 EB487; 운용 0.06%; 판매 0.3%; 수탁 0.01%; 사무관리 0.01%; 총보수 0.38%; 총보수·비용 0.3888%; [p.11|38|39] 클래스 최초설정일 - (NOT_DISCLOSED)"
CLASS000532,FUND000038,EB488,C-e,C-e,일반,온라인,0,0,0.06,0.15,0.01,0.01,0.23,0.2388,,NOT_DISCLOSED,DOC000040,9|28|29|30|11|38|39,"[p.9,28,29,30] C-e; 코드 EB488; 운용 0.06%; 판매 0.15%; 수탁 0.01%; 사무관리 0.01%; 총보수 0.23%; 총보수·비용 0.2388%; [p.11|38|39] 클래스 최초설정일 - (NOT_DISCLOSED)"
CLASS000533,FUND000038,EB495,C-f,C-f,일반,기관,0,0,0.06,0.015,0.01,0.01,0.095,0.1035,,NOT_DISCLOSED,DOC000040,9|28|29|30|11|38|39,"[p.9,28,29,30] C-f; 코드 EB495; 운용 0.06%; 판매 0.015%; 수탁 0.01%; 사무관리 0.01%; 총보수 0.095%; 총보수·비용 0.1035%; [p.11|38|39] 클래스 최초설정일 - (NOT_DISCLOSED)"
CLASS000534,FUND000038,EB489,C-g,C-g,일반,오프라인,0,0,0.06,0.21,0.01,0.01,0.29,0.29,,NOT_DISCLOSED,DOC000040,9|28|29|30|11|38|39,"[p.9,28,29,30] C-g; 코드 EB489; 운용 0.06%; 판매 0.21%; 수탁 0.01%; 사무관리 0.01%; 총보수 0.29%; 총보수·비용 0.29%; [p.11|38|39] 클래스 최초설정일 - (NOT_DISCLOSED)"
CLASS000535,FUND000038,EF146,C-i,C-i,일반,기관,0,0,0.06,0.06,0.01,0.01,0.14,0.1432,2024-09-13,ESTABLISHED,DOC000040,9|28|29|30|11,"[p.9,28,29,30] C-i; 코드 EF146; 운용 0.06%; 판매 0.06%; 수탁 0.01%; 사무관리 0.01%; 총보수 0.14%; 총보수·비용 0.1432%; [p.11] 클래스 최초설정일 2024-09-13 (ESTABLISHED)"
CLASS000536,FUND000038,EB491,C-p,C-p,연금저축,오프라인,0,0,0.06,0.25,0.01,0.01,0.33,0.3376,,NOT_DISCLOSED,DOC000040,9|28|29|30|11|38|39,"[p.9,28,29,30] C-p; 코드 EB491; 운용 0.06%; 판매 0.25%; 수탁 0.01%; 사무관리 0.01%; 총보수 0.33%; 총보수·비용 0.3376%; [p.11|38|39] 클래스 최초설정일 - (NOT_DISCLOSED)"
CLASS000537,FUND000038,EB492,C-pe,C-pe,연금저축,온라인,0,0,0.06,0.125,0.01,0.01,0.205,0.2137,,NOT_DISCLOSED,DOC000040,9|28|29|30|11|38|39,"[p.9,28,29,30] C-pe; 코드 EB492; 운용 0.06%; 판매 0.125%; 수탁 0.01%; 사무관리 0.01%; 총보수 0.205%; 총보수·비용 0.2137%; [p.11|38|39] 클래스 최초설정일 - (NOT_DISCLOSED)"
CLASS000538,FUND000038,EB493,C-r,C-r,퇴직연금,오프라인,0,0,0.06,0.23,0.01,0.01,0.31,0.3172,,NOT_DISCLOSED,DOC000040,9|28|29|30|11|38|39,"[p.9,28,29,30] C-r; 코드 EB493; 운용 0.06%; 판매 0.23%; 수탁 0.01%; 사무관리 0.01%; 총보수 0.31%; 총보수·비용 0.3172%; [p.11|38|39] 클래스 최초설정일 - (NOT_DISCLOSED)"
CLASS000539,FUND000038,EB494,C-re,C-re,퇴직연금,온라인,0,0,0.06,0.115,0.01,0.01,0.195,0.2037,,NOT_DISCLOSED,DOC000040,9|28|29|30|11|38|39,"[p.9,28,29,30] C-re; 코드 EB494; 운용 0.06%; 판매 0.115%; 수탁 0.01%; 사무관리 0.01%; 총보수 0.195%; 총보수·비용 0.2037%; [p.11|38|39] 클래스 최초설정일 - (NOT_DISCLOSED)"
CLASS000540,FUND000038,EB496,C-s,C-s,일반,오프라인,0,0,0.06,0.01,0.01,0.01,0.09,0.0992,,NOT_DISCLOSED,DOC000040,9|28|29|30|11|38|39,"[p.9,28,29,30] C-s; 코드 EB496; 운용 0.06%; 판매 0.01%; 수탁 0.01%; 사무관리 0.01%; 총보수 0.09%; 총보수·비용 0.0992%; [p.11|38|39] 클래스 최초설정일 - (NOT_DISCLOSED)"
CLASS000541,FUND000038,EB497,C-w,C-w,일반,랩,0,0,0.06,0,0.01,0.01,0.08,0.0802,,NOT_DISCLOSED,DOC000040,9|28|29|30|11|38|39,"[p.9,28,29,30] C-w; 코드 EB497; 운용 0.06%; 판매 0%; 수탁 0.01%; 사무관리 0.01%; 총보수 0.08%; 총보수·비용 0.0802%; [p.11|38|39] 클래스 최초설정일 - (NOT_DISCLOSED)"
CLASS000542,FUND000039,AO422,A1,A1,일반,오프라인,1,0,0.65,0.7,0.025,0.015,1.39,1.3912,,NOT_DISCLOSED,DOC000041,11|35|36|37|12|48|49,"[p.11,35,36,37] A1; 코드 AO422; 운용 0.65%; 판매 0.7%; 수탁 0.025%; 사무관리 0.015%; 총보수 1.39%; 총보수·비용 1.3912%; [p.12|48|49] 클래스 최초설정일 - (NOT_DISCLOSED)"
CLASS000543,FUND000039,AO423,A-e,A-e,일반,온라인,0.5,0,0.65,0.35,0.025,0.015,1.04,1.0416,,NOT_DISCLOSED,DOC000041,11|35|36|37|12|48|49,"[p.11,35,36,37] A-e; 코드 AO423; 운용 0.65%; 판매 0.35%; 수탁 0.025%; 사무관리 0.015%; 총보수 1.04%; 총보수·비용 1.0416%; [p.12|48|49] 클래스 최초설정일 - (NOT_DISCLOSED)"
CLASS000544,FUND000039,AO424,C1,C1,일반,오프라인,0,0,0.65,1.2,0.025,0.015,1.89,1.8906,,NOT_DISCLOSED,DOC000041,11|35|36|37|12|48|49,"[p.11,35,36,37] C1; 코드 AO424; 운용 0.65%; 판매 1.2%; 수탁 0.025%; 사무관리 0.015%; 총보수 1.89%; 총보수·비용 1.8906%; [p.12|48|49] 클래스 최초설정일 - (NOT_DISCLOSED)"
CLASS000545,FUND000039,AO425,C2,C2,일반,오프라인,0,0,0.65,1.1,0.025,0.015,1.79,1.7905,,NOT_DISCLOSED,DOC000041,11|35|36|37|12|48|49,"[p.11,35,36,37] C2; 코드 AO425; 운용 0.65%; 판매 1.1%; 수탁 0.025%; 사무관리 0.015%; 총보수 1.79%; 총보수·비용 1.7905%; [p.12|48|49] 클래스 최초설정일 - (NOT_DISCLOSED)"
CLASS000546,FUND000039,AO426,C3,C3,일반,오프라인,0,0,0.65,0.9,0.025,0.015,1.59,1.59,,NOT_DISCLOSED,DOC000041,11|35|36|37|12|48|49,"[p.11,35,36,37] C3; 코드 AO426; 운용 0.65%; 판매 0.9%; 수탁 0.025%; 사무관리 0.015%; 총보수 1.59%; 총보수·비용 1.59%; [p.12|48|49] 클래스 최초설정일 - (NOT_DISCLOSED)"
CLASS000547,FUND000039,AO427,C4,C4,일반,오프라인,0,0,0.65,0.8,0.025,0.015,1.49,1.49,,NOT_DISCLOSED,DOC000041,11|35|36|37|12|48|49,"[p.11,35,36,37] C4; 코드 AO427; 운용 0.65%; 판매 0.8%; 수탁 0.025%; 사무관리 0.015%; 총보수 1.49%; 총보수·비용 1.49%; [p.12|48|49] 클래스 최초설정일 - (NOT_DISCLOSED)"
CLASS000548,FUND000039,AO428,C-e,C-e,일반,온라인,0,0,0.65,0.5,0.025,0.015,1.19,1.1916,,NOT_DISCLOSED,DOC000041,11|35|36|37|12|48|49,"[p.11,35,36,37] C-e; 코드 AO428; 운용 0.65%; 판매 0.5%; 수탁 0.025%; 사무관리 0.015%; 총보수 1.19%; 총보수·비용 1.1916%; [p.12|48|49] 클래스 최초설정일 - (NOT_DISCLOSED)"
CLASS000549,FUND000039,AO429,C-i,C-i,일반,기관,0,0,0.65,0.03,0.025,0.015,0.72,0.72,,NOT_DISCLOSED,DOC000041,11|35|36|37|12|48|49,"[p.11,35,36,37] C-i; 코드 AO429; 운용 0.65%; 판매 0.03%; 수탁 0.025%; 사무관리 0.015%; 총보수 0.72%; 총보수·비용 0.72%; [p.12|48|49] 클래스 최초설정일 - (NOT_DISCLOSED)"
CLASS000550,FUND000039,C7982,C-p,C-p,연금저축,오프라인,0,0,0.65,0.84,0.025,0.015,1.53,1.53,,NOT_DISCLOSED,DOC000041,11|35|36|37|12|48|49,"[p.11,35,36,37] C-p; 코드 C7982; 운용 0.65%; 판매 0.84%; 수탁 0.025%; 사무관리 0.015%; 총보수 1.53%; 총보수·비용 1.53%; [p.12|48|49] 클래스 최초설정일 - (NOT_DISCLOSED)"
CLASS000551,FUND000039,C7983,C-pe,C-pe,연금저축,온라인,0,0,0.65,0.42,0.025,0.015,1.11,1.1117,,NOT_DISCLOSED,DOC000041,11|35|36|37|12|48|49,"[p.11,35,36,37] C-pe; 코드 C7983; 운용 0.65%; 판매 0.42%; 수탁 0.025%; 사무관리 0.015%; 총보수 1.11%; 총보수·비용 1.1117%; [p.12|48|49] 클래스 최초설정일 - (NOT_DISCLOSED)"
CLASS000552,FUND000039,C7984,C-r,C-r,퇴직연금,오프라인,0,0,0.65,0.78,0.025,0.015,1.47,1.4716,,NOT_DISCLOSED,DOC000041,11|35|36|37|12|48|49,"[p.11,35,36,37] C-r; 코드 C7984; 운용 0.65%; 판매 0.78%; 수탁 0.025%; 사무관리 0.015%; 총보수 1.47%; 총보수·비용 1.4716%; [p.12|48|49] 클래스 최초설정일 - (NOT_DISCLOSED)"
CLASS000553,FUND000039,C7985,C-re,C-re,퇴직연금,온라인,0,0,0.65,0.39,0.025,0.015,1.08,1.0821,,NOT_DISCLOSED,DOC000041,11|35|36|37|12|48|49,"[p.11,35,36,37] C-re; 코드 C7985; 운용 0.65%; 판매 0.39%; 수탁 0.025%; 사무관리 0.015%; 총보수 1.08%; 총보수·비용 1.0821%; [p.12|48|49] 클래스 최초설정일 - (NOT_DISCLOSED)"
CLASS000554,FUND000039,AO430,C-w,C-w,일반,랩,0,0,0.65,0,0.025,0.015,0.69,0.69,,NOT_DISCLOSED,DOC000041,11|35|36|37|12|48|49,"[p.11,35,36,37] C-w; 코드 AO430; 운용 0.65%; 판매 0%; 수탁 0.025%; 사무관리 0.015%; 총보수 0.69%; 총보수·비용 0.69%; [p.12|48|49] 클래스 최초설정일 - (NOT_DISCLOSED)"
CLASS000555,FUND000039,AR671,S,S,일반,오프라인,0,0.15,0.65,0.34,0.025,0.015,1.03,1.03,,NOT_DISCLOSED,DOC000041,11|35|36|37|12|48|49,"[p.11,35,36,37] S; 코드 AR671; 운용 0.65%; 판매 0.34%; 수탁 0.025%; 사무관리 0.015%; 총보수 1.03%; 총보수·비용 1.03%; [p.12|48|49] 클래스 최초설정일 - (NOT_DISCLOSED)"
CLASS000556,FUND000039,C7986,S-P,S-P,연금저축,오프라인,0,0,0.65,0.25,0.025,0.015,0.94,0.94,,NOT_DISCLOSED,DOC000041,11|35|36|37|12|48|49,"[p.11,35,36,37] S-P; 코드 C7986; 운용 0.65%; 판매 0.25%; 수탁 0.025%; 사무관리 0.015%; 총보수 0.94%; 총보수·비용 0.94%; [p.12|48|49] 클래스 최초설정일 - (NOT_DISCLOSED)"
CLASS000557,FUND000040,BT689,C1,C1,퇴직연금,오프라인,0,0,0.15,0.27,0.03,0,0.45,0.4523,,NOT_DISCLOSED,DOC000042,9|24|25|9|33|34,"[p.9,24,25] C1; 코드 BT689; 운용 0.15%; 판매 0.27%; 수탁 0.03%; 사무관리 0%; 총보수 0.45%; 총보수·비용 0.4523%; [p.9|33|34] 클래스 최초설정일 - (NOT_DISCLOSED)"
CLASS000558,FUND000040,BT695,C-e,C-e,퇴직연금,온라인,0,0,0.15,0.135,0.03,0,0.315,0.316,,NOT_DISCLOSED,DOC000042,9|24|25|9|33|34,"[p.9,24,25] C-e; 코드 BT695; 운용 0.15%; 판매 0.135%; 수탁 0.03%; 사무관리 0%; 총보수 0.315%; 총보수·비용 0.316%; [p.9|33|34] 클래스 최초설정일 - (NOT_DISCLOSED)"
CLASS000559,FUND000041,D6403,A1,A1,일반,오프라인,0.3,0,0.22,0.2,0.03,0,0.45,0.45,2020-06-05,ESTABLISHED,DOC000043,9|35|36|37|38|11,"[p.9,35,36,37,38] A1; 코드 D6403; 운용 0.22%; 판매 0.2%; 수탁 0.03%; 사무관리 0%; 총보수 0.45%; 총보수·비용 0.45%; [p.11] 클래스 최초설정일 2020-06-05 (ESTABLISHED)"
CLASS000560,FUND000041,D6404,A-e,A-e,일반,온라인,0.15,0,0.22,0.1,0.03,0,0.35,0.35,2020-06-05,ESTABLISHED,DOC000043,9|35|36|37|38|11,"[p.9,35,36,37,38] A-e; 코드 D6404; 운용 0.22%; 판매 0.1%; 수탁 0.03%; 사무관리 0%; 총보수 0.35%; 총보수·비용 0.35%; [p.11] 클래스 최초설정일 2020-06-05 (ESTABLISHED)"
CLASS000561,FUND000041,D6406,A-g,A-g,일반,오프라인,0.21,0,0.22,0.14,0.03,0,0.39,0.39,2020-06-05,ESTABLISHED,DOC000043,9|35|36|37|38|11,"[p.9,35,36,37,38] A-g; 코드 D6406; 운용 0.22%; 판매 0.14%; 수탁 0.03%; 사무관리 0%; 총보수 0.39%; 총보수·비용 0.39%; [p.11] 클래스 최초설정일 2020-06-05 (ESTABLISHED)"
CLASS000562,FUND000041,D6405,C1,C1,일반,오프라인,0,0,0.22,0.4,0.03,0,0.65,0.65,2020-06-05,ESTABLISHED,DOC000043,9|35|36|37|38|11,"[p.9,35,36,37,38] C1; 코드 D6405; 운용 0.22%; 판매 0.4%; 수탁 0.03%; 사무관리 0%; 총보수 0.65%; 총보수·비용 0.65%; [p.11] 클래스 최초설정일 2020-06-05 (ESTABLISHED)"
CLASS000563,FUND000041,D6407,C-e,C-e,일반,온라인,0,0,0.22,0.19,0.03,0,0.44,0.44,2020-06-05,ESTABLISHED,DOC000043,9|35|36|37|38|11,"[p.9,35,36,37,38] C-e; 코드 D6407; 운용 0.22%; 판매 0.19%; 수탁 0.03%; 사무관리 0%; 총보수 0.44%; 총보수·비용 0.44%; [p.11] 클래스 최초설정일 2020-06-05 (ESTABLISHED)"
CLASS000564,FUND000041,D6412,C-g,C-g,일반,오프라인,0,0,0.22,0.28,0.03,0,0.53,0.53,2020-06-05,ESTABLISHED,DOC000043,9|35|36|37|38|11,"[p.9,35,36,37,38] C-g; 코드 D6412; 운용 0.22%; 판매 0.28%; 수탁 0.03%; 사무관리 0%; 총보수 0.53%; 총보수·비용 0.53%; [p.11] 클래스 최초설정일 2020-06-05 (ESTABLISHED)"
CLASS000565,FUND000041,D6408,C-i,C-i,일반,기관,0,0,0.22,0.03,0.03,0,0.28,0.28,2020-06-05,ESTABLISHED,DOC000043,9|35|36|37|38|11,"[p.9,35,36,37,38] C-i; 코드 D6408; 운용 0.22%; 판매 0.03%; 수탁 0.03%; 사무관리 0%; 총보수 0.28%; 총보수·비용 0.28%; [p.11] 클래스 최초설정일 2020-06-05 (ESTABLISHED)"
CLASS000566,FUND000041,AN109,C-i2,C-i2,퇴직연금,오프라인,0,0,0.22,0.01,0.03,0,0.26,0.26,,NOT_DISCLOSED,DOC000043,9|35|36|37|38|11|48|49,"[p.9,35,36,37,38] C-i2; 코드 AN109; 운용 0.22%; 판매 0.01%; 수탁 0.03%; 사무관리 0%; 총보수 0.26%; 총보수·비용 0.26%; [p.11|48|49] 클래스 최초설정일 - (NOT_DISCLOSED)"
CLASS000567,FUND000041,D6409,C-p,C-p,연금저축,오프라인,0,0,0.22,0.3,0.03,0,0.55,0.55,2020-06-05,ESTABLISHED,DOC000043,9|35|36|37|38|11,"[p.9,35,36,37,38] C-p; 코드 D6409; 운용 0.22%; 판매 0.3%; 수탁 0.03%; 사무관리 0%; 총보수 0.55%; 총보수·비용 0.55%; [p.11] 클래스 최초설정일 2020-06-05 (ESTABLISHED)"
CLASS000568,FUND000041,D6410,C-pe,C-pe,연금저축,온라인,0,0,0.22,0.15,0.03,0,0.4,0.4,2020-06-05,ESTABLISHED,DOC000043,9|35|36|37|38|11,"[p.9,35,36,37,38] C-pe; 코드 D6410; 운용 0.22%; 판매 0.15%; 수탁 0.03%; 사무관리 0%; 총보수 0.4%; 총보수·비용 0.4%; [p.11] 클래스 최초설정일 2020-06-05 (ESTABLISHED)"
CLASS000569,FUND000041,AN108,C-r,C-r,퇴직연금,오프라인,0,0,0.22,0.2,0.03,0,0.45,0.4535,,NOT_DISCLOSED,DOC000043,9|35|36|37|38|11|48|49,"[p.9,35,36,37,38] C-r; 코드 AN108; 운용 0.22%; 판매 0.2%; 수탁 0.03%; 사무관리 0%; 총보수 0.45%; 총보수·비용 0.4535%; [p.11|48|49] 클래스 최초설정일 - (NOT_DISCLOSED)"
CLASS000570,FUND000041,BT857,C-re,C-re,퇴직연금,온라인,0,0,0.22,0.1,0.03,0,0.35,0.3536,,NOT_DISCLOSED,DOC000043,9|35|36|37|38|11|48|49,"[p.9,35,36,37,38] C-re; 코드 BT857; 운용 0.22%; 판매 0.1%; 수탁 0.03%; 사무관리 0%; 총보수 0.35%; 총보수·비용 0.3536%; [p.11|48|49] 클래스 최초설정일 - (NOT_DISCLOSED)"
CLASS000571,FUND000041,D6411,C-w,C-w,일반,랩,0,0,0.22,0,0.03,0,0.25,0.25,2020-06-05,ESTABLISHED,DOC000043,9|35|36|37|38|11,"[p.9,35,36,37,38] C-w; 코드 D6411; 운용 0.22%; 판매 0%; 수탁 0.03%; 사무관리 0%; 총보수 0.25%; 총보수·비용 0.25%; [p.11] 클래스 최초설정일 2020-06-05 (ESTABLISHED)"
CLASS000572,FUND000041,D6413,S,S,일반,오프라인,0,0.15,0.22,0.095,0.03,0,0.345,0.345,2020-06-05,ESTABLISHED,DOC000043,9|35|36|37|38|11,"[p.9,35,36,37,38] S; 코드 D6413; 운용 0.22%; 판매 0.095%; 수탁 0.03%; 사무관리 0%; 총보수 0.345%; 총보수·비용 0.345%; [p.11] 클래스 최초설정일 2020-06-05 (ESTABLISHED)"
CLASS000573,FUND000041,D6414,S-P,S-P,연금저축,오프라인,0,0,0.22,0.084,0.03,0,0.334,0.334,2020-06-05,ESTABLISHED,DOC000043,9|35|36|37|38|11,"[p.9,35,36,37,38] S-P; 코드 D6414; 운용 0.22%; 판매 0.084%; 수탁 0.03%; 사무관리 0%; 총보수 0.334%; 총보수·비용 0.334%; [p.11] 클래스 최초설정일 2020-06-05 (ESTABLISHED)"
CLASS000574,FUND000041,D6415,S-R,S-R,퇴직연금,오프라인,0,0,0.22,0.074,0.03,0,0.324,0.324,2020-06-05,ESTABLISHED,DOC000043,9|35|36|37|38|11,"[p.9,35,36,37,38] S-R; 코드 D6415; 운용 0.22%; 판매 0.074%; 수탁 0.03%; 사무관리 0%; 총보수 0.324%; 총보수·비용 0.324%; [p.11] 클래스 최초설정일 2020-06-05 (ESTABLISHED)"
CLASS000575,FUND000042,59921,A,A,일반,오프라인,0,0,0.1,0,0.0095,0.01,0.1195,0.1301,2006-09-05,ESTABLISHED,DOC000044,2|40|41|6,"[p.2,40-41] A; 코드 59921; 총보수 0.1195%; 총보수·비용 0.1301%; [p.6] 클래스 최초설정일 2006-09-05 (ESTABLISHED)"
CLASS000576,FUND000042,59922,C1,C1,일반,오프라인,0,0,0.1,0.3,0.0095,0.01,0.4195,0.4297,2006-09-05,ESTABLISHED,DOC000044,2|40|41|6,"[p.2,40-41] C1; 코드 59922; 총보수 0.4195%; 총보수·비용 0.4297%; [p.6] 클래스 최초설정일 2006-09-05 (ESTABLISHED)"
CLASS000577,FUND000042,92623,C2,C2,일반,오프라인,0,0,0.1,0.2,0.0095,0.01,0.3195,0.3289,2010-04-12,ESTABLISHED,DOC000044,2|40|41|6,"[p.2,40-41] C2; 코드 92623; 총보수 0.3195%; 총보수·비용 0.3289%; [p.6] 클래스 최초설정일 2010-04-12 (ESTABLISHED)"
CLASS000578,FUND000042,A5289,CW,CW,일반,랩,0,0,0.1,0,0.0095,0.01,0.1195,0.1301,2011-07-14,ESTABLISHED,DOC000044,2|40|41|6,"[p.2,40-41] CW; 코드 A5289; 총보수 0.1195%; 총보수·비용 0.1301%; [p.6] 클래스 최초설정일 2011-07-14 (ESTABLISHED)"
CLASS000579,FUND000042,92625,C4,C4,일반,오프라인,0,0,0.1,0.2,0.0095,0.01,0.3195,0.3195,,NOT_ESTABLISHED,DOC000044,2|40|41|60,"[p.2,40-41] C4; 코드 92625; 총보수 0.3195%; 총보수·비용 0.3195%; [p.60] 클래스 최초설정일 - (NOT_ESTABLISHED)"
CLASS000580,FUND000042,98776,CF,CF,일반,기관,0,0,0.1,0.05,0.0095,0.01,0.1695,0.1801,2013-04-29,ESTABLISHED,DOC000044,2|40|41|6,"[p.2,40-41] CF; 코드 98776; 총보수 0.1695%; 총보수·비용 0.1801%; [p.6] 클래스 최초설정일 2013-04-29 (ESTABLISHED)"
CLASS000581,FUND000042,A1038,CP,CP,일반,오프라인,0,0,0.1,0.2,0.0095,0.01,0.3195,0.3299,2012-01-02,ESTABLISHED,DOC000044,2|40|41|6,"[p.2,40-41] CP; 코드 A1038; 총보수 0.3195%; 총보수·비용 0.3299%; [p.6] 클래스 최초설정일 2012-01-02 (ESTABLISHED)"
CLASS000582,FUND000042,A8438,A-i,A-i,일반,기관,0,0,0.1,0.03,0.0095,0.01,0.1495,0.1601,2012-02-10,ESTABLISHED,DOC000044,2|40|41|6,"[p.2,40-41] A-i; 코드 A8438; 총보수 0.1495%; 총보수·비용 0.1601%; [p.6] 클래스 최초설정일 2012-02-10 (ESTABLISHED)"
CLASS000583,FUND000042,AH874,C-P2,C-P2,연금저축,오프라인,0,0,0.1,0.25,0.0095,0.01,0.3695,0.3802,2013-04-26,ESTABLISHED,DOC000044,2|40|41|7,"[p.2,40-41] C-P2; 코드 AH874; 총보수 0.3695%; 총보수·비용 0.3802%; [p.7] 클래스 최초설정일 2013-04-26 (ESTABLISHED)"
CLASS000584,FUND000042,AW807,A2,A2,일반,오프라인,0.3,0,0.1,0.2,0.0095,0.01,0.3195,0.3295,2014-10-21,ESTABLISHED,DOC000044,2|40|41|6,"[p.2,40-41] A2; 코드 AW807; 총보수 0.3195%; 총보수·비용 0.3295%; [p.6] 클래스 최초설정일 2014-10-21 (ESTABLISHED)"
CLASS000585,FUND000042,AW808,CE,CE,일반,온라인,0,0,0.1,0.15,0.0095,0.01,0.2695,0.2796,2014-10-29,ESTABLISHED,DOC000044,2|40|41|6,"[p.2,40-41] CE; 코드 AW808; 총보수 0.2695%; 총보수·비용 0.2796%; [p.6] 클래스 최초설정일 2014-10-29 (ESTABLISHED)"
CLASS000586,FUND000042,AW809,S,S,일반,온라인슈퍼,0,0.15,0.1,0.09,0.0095,0.01,0.2095,0.2198,2014-10-30,ESTABLISHED,DOC000044,2|40|41|7,"[p.2,40-41] S; 코드 AW809; 총보수 0.2095%; 총보수·비용 0.2198%; [p.7] 클래스 최초설정일 2014-10-30 (ESTABLISHED)"
CLASS000587,FUND000042,B8362,S-P,S-P,연금저축,온라인슈퍼,0,0,0.1,0.08,0.0095,0.01,0.1995,0.2102,2015-10-27,ESTABLISHED,DOC000044,2|40|41|7,"[p.2,40-41] S-P; 코드 B8362; 총보수 0.1995%; 총보수·비용 0.2102%; [p.7] 클래스 최초설정일 2015-10-27 (ESTABLISHED)"
CLASS000588,FUND000042,BH529,Ae,Ae,일반,온라인,0.15,0,0.1,0.1,0.0095,0.01,0.2195,0.2298,2016-09-13,ESTABLISHED,DOC000044,2|40|41|7,"[p.2,40-41] Ae; 코드 BH529; 총보수 0.2195%; 총보수·비용 0.2298%; [p.7] 클래스 최초설정일 2016-09-13 (ESTABLISHED)"
CLASS000589,FUND000042,BP518,CG,CG,일반,오프라인,0,0,0.1,0.21,0.0095,0.01,0.3295,0.3295,,NOT_ESTABLISHED,DOC000044,2|40|41|60,"[p.2,40-41] CG; 코드 BP518; 총보수 0.3295%; 총보수·비용 0.3295%; [p.60] 클래스 최초설정일 - (NOT_ESTABLISHED)"
CLASS000590,FUND000042,BU068,C-Pe,C-Pe,연금저축,온라인,0,0,0.1,0.1,0.0095,0.01,0.2195,0.2299,2017-08-17,ESTABLISHED,DOC000044,2|40|41|7,"[p.2,40-41] C-Pe; 코드 BU068; 총보수 0.2195%; 총보수·비용 0.2299%; [p.7] 클래스 최초설정일 2017-08-17 (ESTABLISHED)"
CLASS000591,FUND000042,BU069,C-P2e,C-P2e,연금저축,온라인,0,0,0.1,0.12,0.0095,0.01,0.2395,0.25,2017-11-20,ESTABLISHED,DOC000044,2|40|41|7,"[p.2,40-41] C-P2e; 코드 BU069; 총보수 0.2395%; 총보수·비용 0.25%; [p.7] 클래스 최초설정일 2017-11-20 (ESTABLISHED)"
CLASS000592,FUND000042,E5579,AG,AG,일반,오프라인,0.21,0,0.1,0.14,0.0095,0.01,0.2595,0.2595,,NOT_ESTABLISHED,DOC000044,2|40|41|60,"[p.2,40-41] AG; 코드 E5579; 총보수 0.2595%; 총보수·비용 0.2595%; [p.60] 클래스 최초설정일 - (NOT_ESTABLISHED)"
CLASS000593,FUND000043,DZ372,A,A,일반,오프라인,0.1,0,0.1,0.22,0.015,0.01,0.345,0.3471,2022-12-21,ESTABLISHED,DOC000045,2|40|41|6,"[p.2,40-41] A; 코드 DZ372; 총보수 0.345%; 총보수·비용 0.3471%; [p.6] 클래스 최초설정일 2022-12-21 (ESTABLISHED)"
CLASS000594,FUND000043,DZ373,Ae,Ae,일반,온라인,0.05,0,0.1,0.11,0.015,0.01,0.235,0.2365,2022-12-21,ESTABLISHED,DOC000045,2|40|41|6,"[p.2,40-41] Ae; 코드 DZ373; 총보수 0.235%; 총보수·비용 0.2365%; [p.6] 클래스 최초설정일 2022-12-21 (ESTABLISHED)"
CLASS000595,FUND000043,DZ374,C,C,일반,오프라인,0,0,0.1,0.3,0.015,0.01,0.425,0.4274,2022-12-21,ESTABLISHED,DOC000045,2|40|41|6,"[p.2,40-41] C; 코드 DZ374; 총보수 0.425%; 총보수·비용 0.4274%; [p.6] 클래스 최초설정일 2022-12-21 (ESTABLISHED)"
CLASS000596,FUND000043,DZ375,Ce,Ce,일반,온라인,0,0,0.1,0.15,0.015,0.01,0.275,0.2774,2022-12-21,ESTABLISHED,DOC000045,2|40|41|6,"[p.2,40-41] Ce; 코드 DZ375; 총보수 0.275%; 총보수·비용 0.2774%; [p.6] 클래스 최초설정일 2022-12-21 (ESTABLISHED)"
CLASS000597,FUND000043,DZ376,C-F,C-F,일반,기관,0,0,0.1,0.03,0.015,0.01,0.155,0.1574,2022-12-21,ESTABLISHED,DOC000045,2|40|41|58,"[p.2,40-41] C-F; 코드 DZ376; 총보수 0.155%; 총보수·비용 0.1574%; [p.58] 클래스 최초설정일 2022-12-21 (ESTABLISHED)"
CLASS000598,FUND000043,DZ377,C-W,C-W,일반,랩,0,0,0.1,0,0.015,0.01,0.125,0.125,,NOT_ESTABLISHED,DOC000045,2|40|41|61,"[p.2,40-41] C-W; 코드 DZ377; 총보수 0.125%; 총보수·비용 0.125%; [p.61] 클래스 최초설정일 - (NOT_ESTABLISHED)"
CLASS000599,FUND000043,DZ378,C-P,C-P,연금저축,오프라인,0,0,0.1,0.165,0.015,0.01,0.29,0.29,2022-12-21,ESTABLISHED,DOC000045,2|40|41|58,"[p.2,40-41] C-P; 코드 DZ378; 총보수 0.29%; 총보수·비용 0.29%; [p.58] 클래스 최초설정일 2022-12-21 (ESTABLISHED)"
CLASS000600,FUND000043,DZ379,C-Pe,C-Pe,연금저축,온라인,0,0,0.1,0.083,0.015,0.01,0.208,0.2101,2022-12-21,ESTABLISHED,DOC000045,2|40|41|58,"[p.2,40-41] C-Pe; 코드 DZ379; 총보수 0.208%; 총보수·비용 0.2101%; [p.58] 클래스 최초설정일 2022-12-21 (ESTABLISHED)"
CLASS000601,FUND000043,DZ380,C-R,C-R,퇴직연금,오프라인,0,0,0.1,0.15,0.015,0.01,0.275,0.2773,2022-12-21,ESTABLISHED,DOC000045,2|40|41|58,"[p.2,40-41] C-R; 코드 DZ380; 총보수 0.275%; 총보수·비용 0.2773%; [p.58] 클래스 최초설정일 2022-12-21 (ESTABLISHED)"
CLASS000602,FUND000043,DZ383,C-Re,C-Re,퇴직연금,온라인,0,0,0.1,0.075,0.015,0.01,0.2,0.2016,2022-12-21,ESTABLISHED,DOC000045,2|40|41|59,"[p.2,40-41] C-Re; 코드 DZ383; 총보수 0.2%; 총보수·비용 0.2016%; [p.59] 클래스 최초설정일 2022-12-21 (ESTABLISHED)"
CLASS000603,FUND000043,DZ384,AG,AG,일반,오프라인,0.07,0,0.1,0.139,0.015,0.01,0.264,0.264,,NOT_ESTABLISHED,DOC000045,2|40|41|61,"[p.2,40-41] AG; 코드 DZ384; 총보수 0.264%; 총보수·비용 0.264%; [p.61] 클래스 최초설정일 - (NOT_ESTABLISHED)"
CLASS000604,FUND000043,DZ387,CG,CG,일반,오프라인,0,0,0.1,0.189,0.015,0.01,0.314,0.314,,NOT_ESTABLISHED,DOC000045,2|40|41|61,"[p.2,40-41] CG; 코드 DZ387; 총보수 0.314%; 총보수·비용 0.314%; [p.61] 클래스 최초설정일 - (NOT_ESTABLISHED)"
CLASS000605,FUND000043,DZ389,S,S,일반,온라인슈퍼,0,0.15,0.1,0.1,0.015,0.01,0.225,0.2272,2022-12-21,ESTABLISHED,DOC000045,2|40|41|59,"[p.2,40-41] S; 코드 DZ389; 총보수 0.225%; 총보수·비용 0.2272%; [p.59] 클래스 최초설정일 2022-12-21 (ESTABLISHED)"
CLASS000606,FUND000043,DZ391,S-P,S-P,연금저축,온라인슈퍼,0,0,0.1,0.08,0.015,0.01,0.205,0.2073,2022-12-21,ESTABLISHED,DOC000045,2|40|41|59,"[p.2,40-41] S-P; 코드 DZ391; 총보수 0.205%; 총보수·비용 0.2073%; [p.59] 클래스 최초설정일 2022-12-21 (ESTABLISHED)"
CLASS000607,FUND000043,DZ393,S-R,S-R,퇴직연금,온라인슈퍼,0,0,0.1,0.07,0.015,0.01,0.195,0.1971,2022-12-23,ESTABLISHED,DOC000045,2|40|41|59,"[p.2,40-41] S-R; 코드 DZ393; 총보수 0.195%; 총보수·비용 0.1971%; [p.59] 클래스 최초설정일 2022-12-23 (ESTABLISHED)"
CLASS000608,FUND000043,ED974,C-I,C-I,일반,기관,0,0,0.1,0.06,0.015,0.01,0.185,0.185,,NOT_ESTABLISHED,DOC000045,2|40|41|61,"[p.2,40-41] C-I; 코드 ED974; 총보수 0.185%; 총보수·비용 0.185%; [p.61] 클래스 최초설정일 - (NOT_ESTABLISHED)"
CLASS000609,FUND000044,89524,A1,A1,일반,오프라인,0.8,0,0.15,0.48,0.01,0.005,0.645,0.6467,2008-12-19,ESTABLISHED,DOC000046,2|45|46|6,[p.2|45|46] A1; 코드 89524; 총보수 0.645%; 총보수·비용 0.6467%; [p.6] 클래스 최초설정일 2008-12-19 (ESTABLISHED)
CLASS000610,FUND000044,89525,C1,C1,일반,오프라인,0,0,0.15,1.12,0.01,0.005,1.285,1.2858,2008-12-19,ESTABLISHED,DOC000046,2|45|46|6,[p.2|45|46] C1; 코드 89525; 총보수 1.285%; 총보수·비용 1.2858%; [p.6] 클래스 최초설정일 2008-12-19 (ESTABLISHED)
CLASS000611,FUND000044,92659,C2,C2,일반,오프라인,0,0,0.15,1.01,0.01,0.005,1.175,1.1766,2009-12-29,ESTABLISHED,DOC000046,2|45|46|66,[p.2|45|46] C2; 코드 92659; 총보수 1.175%; 총보수·비용 1.1766%; [p.66] 클래스 최초설정일 2009-12-29 (ESTABLISHED)
CLASS000612,FUND000044,92660,C3,C3,일반,오프라인,0,0,0.15,0.91,0.01,0.005,1.075,1.0767,2011-01-17,ESTABLISHED,DOC000046,2|45|46|66,[p.2|45|46] C3; 코드 92660; 총보수 1.075%; 총보수·비용 1.0767%; [p.66] 클래스 최초설정일 2011-01-17 (ESTABLISHED)
CLASS000613,FUND000044,92661,C4,C4,일반,오프라인,0,0,0.15,0.82,0.01,0.005,0.985,0.9867,2011-12-29,ESTABLISHED,DOC000046,2|45|46|66,[p.2|45|46] C4; 코드 92661; 총보수 0.985%; 총보수·비용 0.9867%; [p.66] 클래스 최초설정일 2011-12-29 (ESTABLISHED)
CLASS000614,FUND000044,92662,Ch,Ch,일반,기관,0,0,0.15,0.25,0.01,0.005,0.415,0.415,,NOT_ESTABLISHED,DOC000046,2|45|46|67,[p.2|45|46] Ch; 코드 92662; 총보수 0.415%; 총보수·비용 0.415%; [p.67] 클래스 최초설정일 - (NOT_ESTABLISHED)
CLASS000615,FUND000044,89526,Ce,Ce,일반,온라인,0,0,0.15,0.2,0.01,0.005,0.365,0.3667,2008-12-19,ESTABLISHED,DOC000046,2|45|46|66,[p.2|45|46] Ce; 코드 89526; 총보수 0.365%; 총보수·비용 0.3667%; [p.66] 클래스 최초설정일 2008-12-19 (ESTABLISHED)
CLASS000616,FUND000044,92663,C-장마,C-장마,일반,오프라인,0,0,0.15,1,0.01,0.005,1.165,1.165,2009-06-17,ESTABLISHED,DOC000046,2|45|46|66,[p.2|45|46] C-장마; 코드 92663; 총보수 1.165%; 총보수·비용 1.165%; [p.66] 클래스 최초설정일 2009-06-17 (ESTABLISHED)
CLASS000617,FUND000044,92946,Af,Af,일반,기관,0,0,0.15,0,0.01,0.005,0.165,0.1667,2012-05-14,ESTABLISHED,DOC000046,2|45|46|67,[p.2|45|46] Af; 코드 92946; 총보수 0.165%; 총보수·비용 0.1667%; [p.67] 클래스 최초설정일 2012-05-14 (ESTABLISHED)
CLASS000618,FUND000044,A1036,CP,CP,퇴직연금,오프라인,0,0,0.15,0.6,0.01,0.005,0.765,0.7667,2015-06-29,ESTABLISHED,DOC000046,2|45|46|66,[p.2|45|46] CP; 코드 A1036; 총보수 0.765%; 총보수·비용 0.7667%; [p.66] 클래스 최초설정일 2015-06-29 (ESTABLISHED)
CLASS000619,FUND000044,AV313,S,S,일반,온라인슈퍼,0,0.15,0.15,0.15,0.01,0.005,0.315,0.3166,2014-09-02,ESTABLISHED,DOC000046,2|45|46|66,[p.2|45|46] S; 코드 AV313; 총보수 0.315%; 총보수·비용 0.3166%; [p.66] 클래스 최초설정일 2014-09-02 (ESTABLISHED)
CLASS000620,FUND000044,BC631,CW,CW,일반,랩,0,0,0.15,0,0.01,0.005,0.165,0.1667,2017-02-15,ESTABLISHED,DOC000046,2|45|46|66,[p.2|45|46] CW; 코드 BC631; 총보수 0.165%; 총보수·비용 0.1667%; [p.66] 클래스 최초설정일 2017-02-15 (ESTABLISHED)
CLASS000621,FUND000044,CH427,AG,AG,일반,오프라인,0.56,0,0.15,0.35,0.01,0.005,0.515,0.515,2018-11-01,ESTABLISHED,DOC000046,2|45|46|67,[p.2|45|46] AG; 코드 CH427; 총보수 0.515%; 총보수·비용 0.515%; [p.67] 클래스 최초설정일 2018-11-01 (ESTABLISHED)
CLASS000622,FUND000044,BP520,CG,CG,일반,오프라인,0,0,0.15,0.78,0.01,0.005,0.945,0.945,,NOT_ESTABLISHED,DOC000046,2|45|46|67,[p.2|45|46] CG; 코드 BP520; 총보수 0.945%; 총보수·비용 0.945%; [p.67] 클래스 최초설정일 - (NOT_ESTABLISHED)
CLASS000623,FUND000044,BU070,Ae,Ae,일반,온라인,0.4,0,0.15,0.24,0.01,0.005,0.405,0.4072,2017-11-21,ESTABLISHED,DOC000046,2|45|46|6,[p.2|45|46] Ae; 코드 BU070; 총보수 0.405%; 총보수·비용 0.4072%; [p.6] 클래스 최초설정일 2017-11-21 (ESTABLISHED)
CLASS000624,FUND000044,BU071,C-Pe,C-Pe,일반,온라인,0,0,0.15,0.3,0.01,0.005,0.465,0.467,2017-08-14,ESTABLISHED,DOC000046,2|45|46|67,[p.2|45|46] C-Pe; 코드 BU071; 총보수 0.465%; 총보수·비용 0.467%; [p.67] 클래스 최초설정일 2017-08-14 (ESTABLISHED)
CLASS000625,FUND000044,BZ900,C-P2,C-P2,연금저축,오프라인,0,0,0.15,0.62,0.01,0.005,0.785,0.7869,2018-07-09,ESTABLISHED,DOC000046,2|45|46|67,[p.2|45|46] C-P2; 코드 BZ900; 총보수 0.785%; 총보수·비용 0.7869%; [p.67] 클래스 최초설정일 2018-07-09 (ESTABLISHED)
CLASS000626,FUND000044,BZ901,C-P2e,C-P2e,연금저축,온라인,0,0,0.15,0.31,0.01,0.005,0.475,0.4771,2018-02-19,ESTABLISHED,DOC000046,2|45|46|67,[p.2|45|46] C-P2e; 코드 BZ901; 총보수 0.475%; 총보수·비용 0.4771%; [p.67] 클래스 최초설정일 2018-02-19 (ESTABLISHED)
CLASS000627,FUND000044,CN414,Cf,Cf,일반,기관,0,0,0.15,0.03,0.01,0.005,0.195,0.195,,NOT_ESTABLISHED,DOC000046,2|45|46|67,[p.2|45|46] Cf; 코드 CN414; 총보수 0.195%; 총보수·비용 0.195%; [p.67] 클래스 최초설정일 - (NOT_ESTABLISHED)
CLASS000628,FUND000044,D1844,S-P,S-P,퇴직연금,온라인슈퍼,0,0,0.15,0.13,0.01,0.005,0.295,0.2966,2020-06-30,ESTABLISHED,DOC000046,2|45|46|67,[p.2|45|46] S-P; 코드 D1844; 총보수 0.295%; 총보수·비용 0.2966%; [p.67] 클래스 최초설정일 2020-06-30 (ESTABLISHED)
CLASS000629,FUND000045,69890,A1,A1,일반,오프라인,0.8,0,0.15,0.22,0.01,0.005,0.385,0.3868,2007-06-04,ESTABLISHED,DOC000047,2|40|6,[p.2|40] A1; 코드 69890; 총보수 0.385%; 총보수·비용 0.3868%; [p.6] 클래스 최초설정일 2007-06-04 (ESTABLISHED)
CLASS000630,FUND000045,69891,C1,C1,일반,오프라인,0,0,0.15,1,0.01,0.005,1.165,1.1668,2007-06-04,ESTABLISHED,DOC000047,2|40|6,[p.2|40] C1; 코드 69891; 총보수 1.165%; 총보수·비용 1.1668%; [p.6] 클래스 최초설정일 2007-06-04 (ESTABLISHED)
CLASS000631,FUND000045,92626,Cw,Cw,일반,랩,0,0,0.15,0,0.01,0.005,0.165,0.165,,NOT_DISCLOSED,DOC000047,2|40|54,[p.2|40] Cw; 코드 92626; 총보수 0.165%; 총보수·비용 0.165%; [p.54] 클래스 최초설정일 - (NOT_DISCLOSED)
CLASS000632,FUND000045,92627,C-H,C-H,일반,오프라인,0,0,0.15,0.82,0.01,0.005,0.985,0.985,,NOT_DISCLOSED,DOC000047,2|40|54,[p.2|40] C-H; 코드 92627; 총보수 0.985%; 총보수·비용 0.985%; [p.54] 클래스 최초설정일 - (NOT_DISCLOSED)
CLASS000633,FUND000045,BJ179,Ae,Ae,일반,온라인,0.4,0,0.15,0.11,0.01,0.005,0.275,0.2753,2017-06-28,ESTABLISHED,DOC000047,2|40|6,[p.2|40] Ae; 코드 BJ179; 총보수 0.275%; 총보수·비용 0.2753%; [p.6] 클래스 최초설정일 2017-06-28 (ESTABLISHED)
CLASS000634,FUND000045,BJ180,Ce,Ce,일반,온라인,0,0,0.15,0.5,0.01,0.005,0.665,0.665,2017-06-30,ESTABLISHED,DOC000047,2|40|6,[p.2|40] Ce; 코드 BJ180; 총보수 0.665%; 총보수·비용 0.665%; [p.6] 클래스 최초설정일 2017-06-30 (ESTABLISHED)
CLASS000635,FUND000045,BT759,C-R,C-R,퇴직연금,오프라인,0,0,0.15,0.7,0.01,0.005,0.865,0.8671,2017-07-28,ESTABLISHED,DOC000047,2|40|54,[p.2|40] C-R; 코드 BT759; 총보수 0.865%; 총보수·비용 0.8671%; [p.54] 클래스 최초설정일 2017-07-28 (ESTABLISHED)
CLASS000636,FUND000045,BT760,C-Re,C-Re,퇴직연금,온라인,0,0,0.15,0.35,0.01,0.005,0.515,0.5171,2017-12-21,ESTABLISHED,DOC000047,2|40|54,[p.2|40] C-Re; 코드 BT760; 총보수 0.515%; 총보수·비용 0.5171%; [p.54] 클래스 최초설정일 2017-12-21 (ESTABLISHED)
CLASS000637,FUND000046,CJ763,Re,Re,일반,온라인,0,0,0.14,0.208,0.045,0,0.393,,2019-02-12,ESTABLISHED,DOC000048,11|18|19|52,"[p.11,18-19] Re; 코드 CJ763; 총보수 0.393%; [p.52] 클래스 최초설정일 2019-02-12 (ESTABLISHED)"
CLASS000638,FUND000046,CJ971,R-Ae,R-Ae,일반,온라인,0.15,0,0.14,0.108,0.045,0,0.293,,2019-02-08,ESTABLISHED,DOC000048,11|18|19|53,"[p.11,18-19] R-Ae; 코드 CJ971; 총보수 0.293%; [p.53] 클래스 최초설정일 2019-02-08 (ESTABLISHED)"
CLASS000639,FUND000046,48770,A,A,일반,오프라인,0,0,0.14,0.05,0.045,0,0.235,,2005-04-26,ESTABLISHED,DOC000048,11|18|19|54,"[p.11,18-19] A; 코드 48770; 총보수 0.235%; [p.54] 클래스 최초설정일 2005-04-26 (ESTABLISHED)"
CLASS000640,FUND000046,BO969,Ag,Ag,일반,오프라인,0.21,0,0.14,0.15,0.045,0,0.335,,,NOT_DISCLOSED,DOC000048,11|18|19|55,"[p.11,18-19] Ag; 코드 BO969; 총보수 0.335%; [p.55] 클래스 최초설정일 - (NOT_DISCLOSED)"
CLASS000641,FUND000046,BO970,Cg,Cg,일반,오프라인,0,0,0.14,0.28,0.045,0,0.465,,,NOT_DISCLOSED,DOC000048,11|18|19|55,"[p.11,18-19] Cg; 코드 BO970; 총보수 0.465%; [p.55] 클래스 최초설정일 - (NOT_DISCLOSED)"
CLASS000642,FUND000046,BH562,Cf,Cf,일반,오프라인,0,0,0.14,0.02,0.045,0,0.205,,2020-02-04,ESTABLISHED,DOC000048,11|18|19|55,"[p.11,18-19] Cf; 코드 BH562; 총보수 0.205%; [p.55] 클래스 최초설정일 2020-02-04 (ESTABLISHED)"
CLASS000643,FUND000046,99055,Cw,Cw,일반,랩,0,0,0.14,0,0.045,0,0.185,,2024-05-30,ESTABLISHED,DOC000048,11|18|19|56,"[p.11,18-19] Cw; 코드 99055; 총보수 0.185%; [p.56] 클래스 최초설정일 2024-05-30 (ESTABLISHED)"
CLASS000644,FUND000046,BC057,C-P,C-P,연금저축,오프라인,0,0,0.14,0.374,0.045,0,0.559,,2016-07-14,ESTABLISHED,DOC000048,11|18|19|57,"[p.11,18-19] C-P; 코드 BC057; 총보수 0.559%; [p.57] 클래스 최초설정일 2016-07-14 (ESTABLISHED)"
CLASS000645,FUND000046,BT466,C-Pe,C-Pe,연금저축,온라인,0,0,0.14,0.187,0.045,0,0.372,,2017-08-02,ESTABLISHED,DOC000048,11|18|19|58,"[p.11,18-19] C-Pe; 코드 BT466; 총보수 0.372%; [p.58] 클래스 최초설정일 2017-08-02 (ESTABLISHED)"
CLASS000646,FUND000046,A6073,Cp(퇴직연금),Cp(퇴직연금),퇴직연금,오프라인,0,0,0.14,0.32,0.045,0,0.505,,2012-10-22,ESTABLISHED,DOC000048,11|18|19|59,"[p.11,18-19] Cp(퇴직연금); 코드 A6073; 총보수 0.505%; [p.59] 클래스 최초설정일 2012-10-22 (ESTABLISHED)"
CLASS000647,FUND000046,BT467,Cpe(퇴직연금),Cpe(퇴직연금),퇴직연금,오프라인,0,0,0.14,0.16,0.045,0,0.345,,2017-08-02,ESTABLISHED,DOC000048,11|18|19|60,"[p.11,18-19] Cpe(퇴직연금); 코드 BT467; 총보수 0.345%; [p.60] 클래스 최초설정일 2017-08-02 (ESTABLISHED)"
CLASS000648,FUND000046,BZ273,Cp-f(퇴직연금),Cp-f(퇴직연금),퇴직연금,오프라인,0,0,0.14,0.01,0.045,0,0.195,,,NOT_DISCLOSED,DOC000048,11|18|19|61,"[p.11,18-19] Cp-f(퇴직연금); 코드 BZ273; 총보수 0.195%; [p.61] 클래스 최초설정일 - (NOT_DISCLOSED)"
CLASS000649,FUND000046,59289,I,I,일반,오프라인,0,0,0.14,0.05,0.045,0,0.235,,2006-08-17,ESTABLISHED,DOC000048,11|18|19|61,"[p.11,18-19] I; 코드 59289; 총보수 0.235%; [p.61] 클래스 최초설정일 2006-08-17 (ESTABLISHED)"
CLASS000650,FUND000046,60091,R,R,일반,오프라인,0,0,0.14,0.415,0.045,0,0.6,,2006-09-11,ESTABLISHED,DOC000048,11|18|19|62,"[p.11,18-19] R; 코드 60091; 총보수 0.6%; [p.62] 클래스 최초설정일 2006-09-11 (ESTABLISHED)"
CLASS000651,FUND000046,BC058,R-A,R-A,일반,오프라인,0.3,0,0.14,0.215,0.045,0,0.4,,2016-04-15,ESTABLISHED,DOC000048,11|18|19|63,"[p.11,18-19] R-A; 코드 BC058; 총보수 0.4%; [p.63] 클래스 최초설정일 2016-04-15 (ESTABLISHED)"
CLASS000652,FUND000046,BC059,S,S,일반,온라인슈퍼,0,0.15,0.14,0.15,0.045,0,0.335,,2016-08-09,ESTABLISHED,DOC000048,11|18|19|64,"[p.11,18-19] S; 코드 BC059; 총보수 0.335%; [p.64] 클래스 최초설정일 2016-08-09 (ESTABLISHED)"
CLASS000653,FUND000046,BC060,S-P,S-P,연금저축,온라인슈퍼,0,0,0.14,0.12,0.045,0,0.305,,2016-08-09,ESTABLISHED,DOC000048,11|18|19|65,"[p.11,18-19] S-P; 코드 BC060; 총보수 0.305%; [p.65] 클래스 최초설정일 2016-08-09 (ESTABLISHED)"
CLASS000654,FUND000046,D1337,S-P(퇴직연금),S-P(퇴직연금),퇴직연금,온라인슈퍼,0,0,0.14,0.11,0.045,0,0.295,,2020-02-20,ESTABLISHED,DOC000048,11|18|19|66,"[p.11,18-19] S-P(퇴직연금); 코드 D1337; 총보수 0.295%; [p.66] 클래스 최초설정일 2020-02-20 (ESTABLISHED)"
CLASS000655,FUND000046,D0664,직판,직판,일반,직판,0,0,0.14,0.005,0.045,0,0.19,,2020-01-28,ESTABLISHED,DOC000048,11|18|19|67,"[p.11,18-19] 직판; 코드 D0664; 총보수 0.19%; [p.67] 클래스 최초설정일 2020-01-28 (ESTABLISHED)"
CLASS000656,FUND000047,BH083,C,C,연금저축,오프라인,0,0,,,,,,0.9607,2001-02-07,ESTABLISHED,DOC000049,7|10|11|18|19|47,"[p.7,10-19] C; 코드 BH083; 원문 총보수 0.95%; [p.47] 클래스 최초설정일 2001-02-07 (ESTABLISHED)"
CLASS000657,FUND000047,BH088,Ce,Ce,연금저축,온라인,0,0,,,,,,0.6356,2017-08-10,ESTABLISHED,DOC000049,7|10|11|18|19|48,"[p.7,10-19] Ce; 코드 BH088; 원문 총보수 0.625%; [p.48] 클래스 최초설정일 2017-08-10 (ESTABLISHED)"
CLASS000658,FUND000047,BH089,S-P,S-P,연금저축,온라인슈퍼,0,0,,,,,,,2016-08-29,ESTABLISHED,DOC000049,7|10|11|18|19|49,"[p.7,10-19] S-P; 코드 BH089; 원문 총보수 미확인%; [p.49] 클래스 최초설정일 2016-08-29 (ESTABLISHED)"
CLASS000659,FUND000048,AF706,A,A,일반,오프라인,0.3,0,0.12,0.17,0.01,0,0.3,0.3144,2016-03-31,ESTABLISHED,DOC000050,7|10|11|18|19|49,"[p.7,10-19] A; 코드 AF706; 원문 총보수 0.3%; [p.49] 클래스 최초설정일 2016-03-31 (ESTABLISHED)"
CLASS000660,FUND000048,CS233,Ae,Ae,일반,온라인,0.15,0,0.12,0.085,0.01,0,0.215,0.2295,2019-07-30,ESTABLISHED,DOC000050,7|10|11|18|19|49,"[p.7,10-19] Ae; 코드 CS233; 원문 총보수 0.215%; [p.49] 클래스 최초설정일 2019-07-30 (ESTABLISHED)"
CLASS000661,FUND000048,AF707,C,C,일반,오프라인,0,0,0.12,0.32,0.01,0,0.45,0.4618,2015-10-02,ESTABLISHED,DOC000050,7|10|11|18|19|50,"[p.7,10-19] C; 코드 AF707; 원문 총보수 0.45%; [p.50] 클래스 최초설정일 2015-10-02 (ESTABLISHED)"
CLASS000662,FUND000048,CS234,Ce,Ce,일반,온라인,0,0,0.12,0.159,0.01,0,0.289,0.3035,2019-07-26,ESTABLISHED,DOC000050,7|10|11|18|19|51,"[p.7,10-19] Ce; 코드 CS234; 원문 총보수 0.289%; [p.51] 클래스 최초설정일 2019-07-26 (ESTABLISHED)"
CLASS000663,FUND000048,B6619,Cf,Cf,일반,오프라인,0,0,0.12,0.02,0.01,0,0.15,,2015-08-17,ESTABLISHED,DOC000050,7|10|11|18|19|52,"[p.7,10-19] Cf; 코드 B6619; 원문 총보수 0.15%; [p.52] 클래스 최초설정일 2015-08-17 (ESTABLISHED)"
CLASS000664,FUND000048,AF708,Ci,Ci,일반,오프라인,0,0,0.12,0.03,0.01,0,0.16,,,NOT_DISCLOSED,DOC000050,7|10|11|18|19|53,"[p.7,10-19] Ci; 코드 AF708; 원문 총보수 0.16%; [p.53] 클래스 최초설정일 - (NOT_DISCLOSED)"
CLASS000665,FUND000048,B5228,Cw,Cw,일반,랩,0,0,0.12,0,0.01,0,0.13,,,NOT_DISCLOSED,DOC000050,7|10|11|18|19|53,"[p.7,10-19] Cw; 코드 B5228; 원문 총보수 0.13%; [p.53] 클래스 최초설정일 - (NOT_DISCLOSED)"
CLASS000666,FUND000048,AH838,C-P,C-P,일반,오프라인,0,0,0.12,0.3,0.01,0,0.43,0.4444,2013-05-09,ESTABLISHED,DOC000050,7|10|11|18|19|53,"[p.7,10-19] C-P; 코드 AH838; 원문 총보수 0.43%; [p.53] 클래스 최초설정일 2013-05-09 (ESTABLISHED)"
CLASS000667,FUND000048,BS810,C-Pe,C-Pe,일반,온라인,0,0,0.12,0.16,0.01,0,0.29,0.3047,2019-02-11,ESTABLISHED,DOC000050,7|10|11|18|19|54,"[p.7,10-19] C-Pe; 코드 BS810; 원문 총보수 0.29%; [p.54] 클래스 최초설정일 2019-02-11 (ESTABLISHED)"
CLASS000668,FUND000048,D6125,Cp(퇴직연금),Cp(퇴직연금),퇴직연금,오프라인,0,0,0.12,0.22,0.01,0,0.35,0.35,,NOT_DISCLOSED,DOC000050,7|10|11|18|19|55,"[p.7,10-19] Cp(퇴직연금); 코드 D6125; 원문 총보수 0.35%; [p.55] 클래스 최초설정일 - (NOT_DISCLOSED)"
CLASS000669,FUND000048,D6126,Cpe(퇴직연금),Cpe(퇴직연금),퇴직연금,오프라인,0,0,0.12,0.11,0.01,0,0.24,0.2545,2021-01-27,ESTABLISHED,DOC000050,7|10|11|18|19|55,"[p.7,10-19] Cpe(퇴직연금); 코드 D6126; 원문 총보수 0.24%; [p.55] 클래스 최초설정일 2021-01-27 (ESTABLISHED)"
CLASS000670,FUND000048,D6124,CYe,CYe,일반,온라인,0,0,0.12,0.12,0.01,0,0.25,,2021-01-20,ESTABLISHED,DOC000050,7|10|11|18|19|56,"[p.7,10-19] CYe; 코드 D6124; 원문 총보수 0.25%; [p.56] 클래스 최초설정일 2021-01-20 (ESTABLISHED)"
CLASS000671,FUND000048,BC911,S,S,일반,온라인슈퍼,0,0.15,0.12,0.15,0.01,0,0.28,0.2918,2017-07-31,ESTABLISHED,DOC000050,7|10|11|18|19|57,"[p.7,10-19] S; 코드 BC911; 원문 총보수 0.28%; [p.57] 클래스 최초설정일 2017-07-31 (ESTABLISHED)"
CLASS000672,FUND000048,BW455,S-P,S-P,일반,온라인슈퍼,0,0,0.12,0.1,0.01,0,0.23,,2018-11-15,ESTABLISHED,DOC000050,7|10|11|18|19|58,"[p.7,10-19] S-P; 코드 BW455; 원문 총보수 0.23%; [p.58] 클래스 최초설정일 2018-11-15 (ESTABLISHED)"
CLASS000673,FUND000048,D0670,직판,직판,일반,직판,0,0,0.12,0.005,0.01,0,0.135,,2020-02-14,ESTABLISHED,DOC000050,7|10|11|18|19|59,"[p.7,10-19] 직판; 코드 D0670; 원문 총보수 0.135%; [p.59] 클래스 최초설정일 2020-02-14 (ESTABLISHED)"
CLASS000674,FUND000048,AF705,직판f,직판f,일반,직판,0,0,0.12,0,0.01,0,0.13,,,NOT_DISCLOSED,DOC000050,7|10|11|18|19|59,"[p.7,10-19] 직판f; 코드 AF705; 원문 총보수 0.13%; [p.59] 클래스 최초설정일 - (NOT_DISCLOSED)"
CLASS000675,FUND000049,BV572,C,C,퇴직연금,오프라인,0,0,,,,,,,2005-12-30,ESTABLISHED,DOC000051,7|10|11|18|19|40,"[p.7,10-19] C; 코드 BV572; 원문 총보수 미확인%; [p.40] 클래스 최초설정일 2005-12-30 (ESTABLISHED)"
CLASS000676,FUND000049,BV573,Ce,Ce,퇴직연금,온라인,0,0,,,,,,,2017-08-17,ESTABLISHED,DOC000051,7|10|11|18|19|40,"[p.7,10-19] Ce; 코드 BV573; 원문 총보수 미확인%; [p.40] 클래스 최초설정일 2017-08-17 (ESTABLISHED)"
CLASS000677,FUND000049,BV574,Cf,Cf,퇴직연금,오프라인,0,0,,,,,,,,NOT_DISCLOSED,DOC000051,7|10|11|18|19|41,"[p.7,10-19] Cf; 코드 BV574; 원문 총보수 미확인%; [p.41] 클래스 최초설정일 - (NOT_DISCLOSED)"
CLASS000678,FUND000050,BG693,C,C,연금저축,오프라인,0,0,,,,,,1.4742,2008-12-30,ESTABLISHED,DOC000052,7|10|11|18|19|51,"[p.7,10-19] C; 코드 BG693; 원문 총보수 1.47%; [p.51] 클래스 최초설정일 2008-12-30 (ESTABLISHED)"
CLASS000679,FUND000050,BG694,Ce,Ce,연금저축,온라인,0,0,,,,,,0.999,2016-08-31,ESTABLISHED,DOC000052,7|10|11|18|19|52,"[p.7,10-19] Ce; 코드 BG694; 원문 총보수 0.995%; [p.52] 클래스 최초설정일 2016-08-31 (ESTABLISHED)"
CLASS000680,FUND000050,BG766,S-P,S-P,연금저축,온라인슈퍼,0,0,,,,,,0.8022,2020-08-05,ESTABLISHED,DOC000052,7|10|11|18|19|53,"[p.7,10-19] S-P; 코드 BG766; 원문 총보수 0.8%; [p.53] 클래스 최초설정일 2020-08-05 (ESTABLISHED)"
CLASS000681,FUND000051,BU598,C,C,퇴직연금,오프라인,0,0,,,,,,0.6146,2006-03-28,ESTABLISHED,DOC000053,7|10|11|18|19|38,"[p.7,10-19] C; 코드 BU598; 원문 총보수 0.59%; [p.38] 클래스 최초설정일 2006-03-28 (ESTABLISHED)"
CLASS000682,FUND000051,BU599,Ce,Ce,퇴직연금,온라인,0,0,,,,,,0.4148,2017-08-22,ESTABLISHED,DOC000053,7|10|11|18|19|39,"[p.7,10-19] Ce; 코드 BU599; 원문 총보수 0.39%; [p.39] 클래스 최초설정일 2017-08-22 (ESTABLISHED)"
CLASS000683,FUND000051,BU600,Cf,Cf,퇴직연금,오프라인,0,0,,,,,,0.22,,NOT_DISCLOSED,DOC000053,7|10|11|18|19|40,"[p.7,10-19] Cf; 코드 BU600; 원문 총보수 0.22%; [p.40] 클래스 최초설정일 - (NOT_DISCLOSED)"
CLASS000684,FUND000051,D4482,Sp,Sp,퇴직연금,온라인슈퍼,0,0,,,,,,0.3741,2020-06-08,ESTABLISHED,DOC000053,7|10|11|18|19|40,"[p.7,10-19] Sp; 코드 D4482; 원문 총보수 0.35%; [p.40] 클래스 최초설정일 2020-06-08 (ESTABLISHED)"
CLASS000685,FUND000052,98292,A,A,일반,오프라인,1,0,0.72,0.7,0.03,0.02,1.47,1.47,2010-12-23,ESTABLISHED,DOC000054,9|27|28|13,"[p.9,27-28] A; 코드 98292; 총보수 1.47%; [p.13] 클래스 최초설정일 2010-12-23 (ESTABLISHED)"
CLASS000686,FUND000052,98293,A-e,A-e,일반,온라인,0.5,0,0.72,0.35,0.03,0.02,1.12,1.12,2010-12-23,ESTABLISHED,DOC000054,9|27|28|14,"[p.9,27-28] A-e; 코드 98293; 총보수 1.12%; [p.14] 클래스 최초설정일 2010-12-23 (ESTABLISHED)"
CLASS000687,FUND000052,98294,C1,C1,일반,오프라인,0,0,0.72,1.3,0.03,0.02,2.07,2.07,2010-12-23,ESTABLISHED,DOC000054,9|27|28|14,"[p.9,27-28] C1; 코드 98294; 총보수 2.07%; [p.14] 클래스 최초설정일 2010-12-23 (ESTABLISHED)"
CLASS000688,FUND000052,98295,C2,C2,일반,오프라인,0,0,0.72,1.1,0.03,0.02,1.87,1.87,2011-12-26,ESTABLISHED,DOC000054,9|27|28|14,"[p.9,27-28] C2; 코드 98295; 총보수 1.87%; [p.14] 클래스 최초설정일 2011-12-26 (ESTABLISHED)"
CLASS000689,FUND000052,98296,C3,C3,일반,오프라인,0,0,0.72,0.9,0.03,0.02,1.67,1.67,2012-12-27,ESTABLISHED,DOC000054,9|27|28|14,"[p.9,27-28] C3; 코드 98296; 총보수 1.67%; [p.14] 클래스 최초설정일 2012-12-27 (ESTABLISHED)"
CLASS000690,FUND000052,98297,C4,C4,일반,오프라인,0,0,0.72,0.7,0.03,0.02,1.47,1.47,2013-12-27,ESTABLISHED,DOC000054,9|27|28|14,"[p.9,27-28] C4; 코드 98297; 총보수 1.47%; [p.14] 클래스 최초설정일 2013-12-27 (ESTABLISHED)"
CLASS000691,FUND000052,C3381,C-e,C-e,일반,온라인,0,0,0.72,0.5,0.03,0.02,1.27,1.27,2018-02-27,ESTABLISHED,DOC000054,9|27|28|14,"[p.9,27-28] C-e; 코드 C3381; 총보수 1.27%; [p.14] 클래스 최초설정일 2018-02-27 (ESTABLISHED)"
CLASS000692,FUND000052,C3389,CG,CG,일반,오프라인,0,0,0.72,0.65,0.03,0.02,1.42,1.42,,NOT_ESTABLISHED,DOC000054,9|27|28|14,"[p.9,27-28] CG; 코드 C3389; 총보수 1.42%; [p.14] 클래스 최초설정일 - (NOT_ESTABLISHED)"
CLASS000693,FUND000052,98298,F,F,일반,랩,0,0,0.72,0,0.03,0.02,0.77,0.77,2011-01-17,ESTABLISHED,DOC000054,9|27|28|14,"[p.9,27-28] F; 코드 98298; 총보수 0.77%; [p.14] 클래스 최초설정일 2011-01-17 (ESTABLISHED)"
CLASS000694,FUND000052,AR020,S,S,일반,온라인슈퍼,0,0.15,0.72,0.34,0.03,0.02,1.11,1.11,2014-04-22,ESTABLISHED,DOC000054,9|27|28|14,"[p.9,27-28] S; 코드 AR020; 총보수 1.11%; [p.14] 클래스 최초설정일 2014-04-22 (ESTABLISHED)"
CLASS000695,FUND000052,E2574,C-P,C-P,연금저축,오프라인,0,0,0.72,0.8,0.03,0.02,1.57,1.57,,NOT_ESTABLISHED,DOC000054,9|27|28|14,"[p.9,27-28] C-P; 코드 E2574; 총보수 1.57%; [p.14] 클래스 최초설정일 - (NOT_ESTABLISHED)"
CLASS000696,FUND000052,E2575,C-Pe,C-Pe,연금저축,온라인,0,0,0.72,0.4,0.03,0.02,1.17,1.17,,NOT_ESTABLISHED,DOC000054,9|27|28|14,"[p.9,27-28] C-Pe; 코드 E2575; 총보수 1.17%; [p.14] 클래스 최초설정일 - (NOT_ESTABLISHED)"
CLASS000697,FUND000052,E2576,C-P2,C-P2,퇴직연금,오프라인,0,0,0.72,0.64,0.03,0.02,1.41,1.41,,NOT_ESTABLISHED,DOC000054,9|27|28|14,"[p.9,27-28] C-P2; 코드 E2576; 총보수 1.41%; [p.14] 클래스 최초설정일 - (NOT_ESTABLISHED)"
CLASS000698,FUND000052,E2577,C-P2e,C-P2e,퇴직연금,온라인,0,0,0.72,0.32,0.03,0.02,1.09,1.09,,NOT_ESTABLISHED,DOC000054,9|27|28|14,"[p.9,27-28] C-P2e; 코드 E2577; 총보수 1.09%; [p.14] 클래스 최초설정일 - (NOT_ESTABLISHED)"
CLASS000699,FUND000053,AK625,C,C,일반,오프라인,0,0,0.54,0.95,0.03,0.02,1.54,1.54,2013-08-19,ESTABLISHED,DOC000055,8|26|13,[p.8] 종류C; 코드 AK625; [p.26] 총보수 1.54%; [p.13] 클래스 최초설정일 2013-08-19 (ESTABLISHED)
CLASS000700,FUND000053,AK627,C-e,C-e,일반,온라인,0,0,0.54,0.475,0.03,0.02,1.065,1.065,2013-12-31,ESTABLISHED,DOC000055,8|26|13,[p.8] 종류C-e; 코드 AK627; [p.26] 총보수 1.065%; [p.13] 클래스 최초설정일 2013-12-31 (ESTABLISHED)
CLASS000701,FUND000053,B6300,C-F,C-F,일반,기관,0,0,0.54,0,0.03,0.02,0.59,0.59,2015-08-06,ESTABLISHED,DOC000055,8|26|13,[p.8] 종류C-F; 코드 B6300; [p.26] 총보수 0.59%; [p.13] 클래스 최초설정일 2015-08-06 (ESTABLISHED)
CLASS000702,FUND000054,AL439,C,C,일반,오프라인,0,0,0.54,0.95,0.03,0.02,1.54,1.54,2013-09-30,ESTABLISHED,DOC000056,9|28|15,[p.9] 종류C; 코드 AL439; [p.28] 총보수 1.54%; [p.15] 클래스 최초설정일 2013-09-30 (ESTABLISHED)
CLASS000703,FUND000054,AL440,C-e,C-e,일반,온라인,0,0,0.54,0.475,0.03,0.02,1.065,1.065,2013-12-31,ESTABLISHED,DOC000056,9|28|15,[p.9] 종류C-e; 코드 AL440; [p.28] 총보수 1.065%; [p.15] 클래스 최초설정일 2013-12-31 (ESTABLISHED)
CLASS000704,FUND000054,B6302,C-F,C-F,일반,기관,0,0,0.54,0,0.03,0.02,0.59,0.59,2015-08-06,ESTABLISHED,DOC000056,9|28|15,[p.9] 종류C-F; 코드 B6302; [p.28] 총보수 0.59%; [p.15] 클래스 최초설정일 2015-08-06 (ESTABLISHED)
CLASS000705,FUND000054,AT185,S-P,S-P,연금저축,오프라인,0,0,0.54,0.38,0.03,0.02,0.97,0.97,2014-07-21,ESTABLISHED,DOC000056,9|28|15,[p.9] 종류S-P; 코드 AT185; [p.28] 총보수 0.97%; [p.15] 클래스 최초설정일 2014-07-21 (ESTABLISHED)
CLASS000706,FUND000055,CO691,A,A,일반,오프라인,1,0,0.075,0.2,0.015,0.01,0.3,0.3,,NOT_ESTABLISHED,DOC000057,9|27|15,[p.9] 종류A; 코드 CO691; [p.27] 총보수 0.3%; [p.15] 클래스 최초설정일 - (NOT_ESTABLISHED)
CLASS000707,FUND000055,CO692,Ae,Ae,일반,온라인,0.5,0,0.075,0.1,0.015,0.01,0.2,0.21,2020-02-07,ESTABLISHED,DOC000057,9|27|15,[p.9] 종류Ae; 코드 CO692; [p.27] 총보수 0.2%; [p.15] 클래스 최초설정일 2020-02-07 (ESTABLISHED)
CLASS000708,FUND000055,CO693,AG,AG,일반,오프라인,0,0,0.075,0.14,0.015,0.01,0.24,0.24,,NOT_ESTABLISHED,DOC000057,9|27|15,[p.9] 종류AG; 코드 CO693; [p.27] 총보수 0.24%; [p.15] 클래스 최초설정일 - (NOT_ESTABLISHED)
CLASS000709,FUND000055,CO694,C,C,일반,오프라인,0,0,0.075,0.29,0.015,0.01,0.39,0.39,,NOT_ESTABLISHED,DOC000057,9|27|15,[p.9] 종류C; 코드 CO694; [p.27] 총보수 0.39%; [p.15] 클래스 최초설정일 - (NOT_ESTABLISHED)
CLASS000710,FUND000055,CO695,Ce,Ce,일반,온라인,0,0,0.075,0.145,0.015,0.01,0.245,0.245,,NOT_ESTABLISHED,DOC000057,9|27|15,[p.9] 종류Ce; 코드 CO695; [p.27] 총보수 0.245%; [p.15] 클래스 최초설정일 - (NOT_ESTABLISHED)
CLASS000711,FUND000055,CO696,CG,CG,일반,오프라인,0,0,0.075,0.203,0.015,0.01,0.303,0.303,,NOT_ESTABLISHED,DOC000057,9|27|15,[p.9] 종류CG; 코드 CO696; [p.27] 총보수 0.303%; [p.15] 클래스 최초설정일 - (NOT_ESTABLISHED)
CLASS000712,FUND000055,CO698,C-P,C-P,연금저축,오프라인,0,0,0.075,0.23,0.015,0.01,0.33,0.34,2019-09-26,ESTABLISHED,DOC000057,9|27|15,[p.9] 종류C-P; 코드 CO698; [p.27] 총보수 0.33%; [p.15] 클래스 최초설정일 2019-09-26 (ESTABLISHED)
CLASS000713,FUND000055,CO699,C-Pe,C-Pe,연금저축,온라인,0,0,0.075,0.11,0.015,0.01,0.21,0.22,2020-01-30,ESTABLISHED,DOC000057,9|27|15,[p.9] 종류C-Pe; 코드 CO699; [p.27] 총보수 0.21%; [p.15] 클래스 최초설정일 2020-01-30 (ESTABLISHED)
CLASS000714,FUND000055,CO700,S,S,일반,온라인슈퍼,0,0.15,0.075,0.08,0.015,0.01,0.18,0.18,,NOT_ESTABLISHED,DOC000057,9|27|16,[p.9] 종류S; 코드 CO700; [p.27] 총보수 0.18%; [p.16] 클래스 최초설정일 - (NOT_ESTABLISHED)
CLASS000715,FUND000055,CO701,S-P,S-P,연금저축,오프라인,0,0,0.075,0.06,0.015,0.01,0.16,0.16,,NOT_ESTABLISHED,DOC000057,9|27|16,[p.9] 종류S-P; 코드 CO701; [p.27] 총보수 0.16%; [p.16] 클래스 최초설정일 - (NOT_ESTABLISHED)
CLASS000716,FUND000055,CO702,Crp,Crp,퇴직연금,오프라인,0,0,0.075,0.22,0.015,0.01,0.32,0.33,2006-11-08,ESTABLISHED,DOC000057,9|27|16,[p.9] 종류Crp; 코드 CO702; [p.27] 총보수 0.32%; [p.16] 클래스 최초설정일 2006-11-08 (ESTABLISHED)
CLASS000717,FUND000055,CO703,Crp-e,Crp-e,퇴직연금,온라인,0,0,0.075,0.105,0.015,0.01,0.205,0.215,2021-02-26,ESTABLISHED,DOC000057,9|27|16,[p.9] 종류Crp-e; 코드 CO703; [p.27] 총보수 0.205%; [p.16] 클래스 최초설정일 2021-02-26 (ESTABLISHED)
CLASS000718,FUND000055,CO704,C-F,C-F,일반,기관,0,0,0.075,0,0.015,0.01,0.1,0.11,2025-02-17,ESTABLISHED,DOC000057,9|27|16,[p.9] 종류C-F; 코드 CO704; [p.27] 총보수 0.1%; [p.16] 클래스 최초설정일 2025-02-17 (ESTABLISHED)
CLASS000719,FUND000055,CO705,C-I,C-I,일반,기관,0,0,0.075,0.09,0.015,0.01,0.19,0.2,2025-05-02,ESTABLISHED,DOC000057,9|27|16,[p.9] 종류C-I; 코드 CO705; [p.27] 총보수 0.19%; [p.16] 클래스 최초설정일 2025-05-02 (ESTABLISHED)
CLASS000720,FUND000055,CO706,C-I2,C-I2,일반,기관,0,0,0.075,0.05,0.015,0.01,0.15,0.15,,NOT_ESTABLISHED,DOC000057,9|27|16,[p.9] 종류C-I2; 코드 CO706; [p.27] 총보수 0.15%; [p.16] 클래스 최초설정일 - (NOT_ESTABLISHED)
CLASS000721,FUND000056,90634,A,A,일반,오프라인,1,0,0.15,0.1,0.015,0.0125,0.2775,0.2775,2010-05-11,ESTABLISHED,DOC000058,9|28|15,[p.9] 종류A; 코드 90634; [p.28] 총보수 0.2775%; [p.15] 클래스 최초설정일 2010-05-11 (ESTABLISHED)
CLASS000722,FUND000056,15895,C,C,일반,오프라인,0,0,0.15,0.4,0.015,0.0125,0.5775,0.5775,2015-09-01,ESTABLISHED,DOC000058,9|28|15,[p.9] 종류C; 코드 15895; [p.28] 총보수 0.5775%; [p.15] 클래스 최초설정일 2015-09-01 (ESTABLISHED)
CLASS000723,FUND000056,BU909,Ae,Ae,일반,온라인,0.5,0,0.15,0.05,0.015,0.0125,0.2275,0.2275,2017-09-27,ESTABLISHED,DOC000058,9|28|15,[p.9] 종류Ae; 코드 BU909; [p.28] 총보수 0.2275%; [p.15] 클래스 최초설정일 2017-09-27 (ESTABLISHED)
CLASS000724,FUND000056,67267,Ce,Ce,일반,온라인,0,0,0.15,0.1,0.015,0.0125,0.2775,0.2775,2007-04-05,ESTABLISHED,DOC000058,9|28|15,[p.9] 종류Ce; 코드 67267; [p.28] 총보수 0.2775%; [p.15] 클래스 최초설정일 2007-04-05 (ESTABLISHED)
CLASS000725,FUND000056,AI002,C-P,C-P,연금저축,오프라인,0,0,0.15,0.305,0.015,0.0125,0.4825,0.4825,2014-04-23,ESTABLISHED,DOC000058,9|28|15,[p.9] 종류C-P; 코드 AI002; [p.28] 총보수 0.4825%; [p.15] 클래스 최초설정일 2014-04-23 (ESTABLISHED)
CLASS000726,FUND000056,BU910,C-Pe,C-Pe,연금저축,온라인,0,0,0.15,0.153,0.015,0.0125,0.3305,0.3305,2017-09-27,ESTABLISHED,DOC000058,9|28|15,[p.9] 종류C-Pe; 코드 BU910; [p.28] 총보수 0.3305%; [p.15] 클래스 최초설정일 2017-09-27 (ESTABLISHED)
CLASS000727,FUND000056,BI996,Crp,Crp,퇴직연금,오프라인,0,0,0.15,0.25,0.015,0.0125,0.4275,0.4275,2016-11-18,ESTABLISHED,DOC000058,9|28|15,[p.9] 종류Crp; 코드 BI996; [p.28] 총보수 0.4275%; [p.15] 클래스 최초설정일 2016-11-18 (ESTABLISHED)
CLASS000728,FUND000056,BU911,Crp-e,Crp-e,퇴직연금,온라인,0,0,0.15,0.125,0.015,0.0125,0.3025,0.3025,2018-05-28,ESTABLISHED,DOC000058,9|28|15,[p.9] 종류Crp-e; 코드 BU911; [p.28] 총보수 0.3025%; [p.15] 클래스 최초설정일 2018-05-28 (ESTABLISHED)
CLASS000729,FUND000056,B2878,S-P,S-P,연금저축,오프라인,0,0,0.15,0.04,0.015,0.0125,0.2175,0.2175,2015-07-22,ESTABLISHED,DOC000058,9|28|15,[p.9] 종류S-P; 코드 B2878; [p.28] 총보수 0.2175%; [p.15] 클래스 최초설정일 2015-07-22 (ESTABLISHED)
CLASS000730,FUND000056,15900,C-3,C-3,일반,오프라인,0,0,0.15,0.2,0.015,0.0125,0.3775,0.3775,,NOT_ESTABLISHED,DOC000058,9|28|15,[p.9] 종류C-3; 코드 15900; [p.28] 총보수 0.3775%; [p.15] 클래스 최초설정일 - (NOT_ESTABLISHED)
CLASS000731,FUND000056,15899,C-2,C-2,일반,오프라인,0,0,0.15,0,0.015,0.0125,0.1775,0.1775,,NOT_ESTABLISHED,DOC000058,9|28|16,[p.9] 종류C-2; 코드 15899; [p.28] 총보수 0.1775%; [p.16] 클래스 최초설정일 - (NOT_ESTABLISHED)
CLASS000732,FUND000056,15896,Cb,Cb,일반,오프라인,0,0,0.15,0.35,0.015,0.0125,0.5275,0.5275,2018-06-14,ESTABLISHED,DOC000058,9|28|16,[p.9] 종류Cb; 코드 15896; [p.28] 총보수 0.5275%; [p.16] 클래스 최초설정일 2018-06-14 (ESTABLISHED)
CLASS000733,FUND000056,A6242,CI,CI,일반,기관,0,0,0.15,0.03,0.015,0.0125,0.2075,0.2075,,NOT_ESTABLISHED,DOC000058,9|28|16,[p.9] 종류CI; 코드 A6242; [p.28] 총보수 0.2075%; [p.16] 클래스 최초설정일 - (NOT_ESTABLISHED)
CLASS000734,FUND000056,15897,Cc,Cc,일반,오프라인,0,0,0.15,0.3,0.015,0.0125,0.4775,0.4775,,NOT_ESTABLISHED,DOC000058,9|28|16,[p.9] 종류Cc; 코드 15897; [p.28] 총보수 0.4775%; [p.16] 클래스 최초설정일 - (NOT_ESTABLISHED)
CLASS000735,FUND000056,BP856,CG,CG,일반,오프라인,0,0,0.15,0.028,0.015,0.0125,0.2055,0.2055,,NOT_ESTABLISHED,DOC000058,9|28|16,[p.9] 종류CG; 코드 BP856; [p.28] 총보수 0.2055%; [p.16] 클래스 최초설정일 - (NOT_ESTABLISHED)
CLASS000736,FUND000056,AG490,Cd,Cd,일반,오프라인,0,0,0.15,0.25,0.015,0.0125,0.4275,0.4275,2013-02-26,ESTABLISHED,DOC000058,9|28|16,[p.9] 종류Cd; 코드 AG490; [p.28] 총보수 0.4275%; [p.16] 클래스 최초설정일 2013-02-26 (ESTABLISHED)
CLASS000737,FUND000056,BP855,AG,AG,일반,오프라인,0,0,0.15,0.007,0.015,0.0125,0.1845,0.1845,2017-05-26,ESTABLISHED,DOC000058,9|28|16,[p.9] 종류AG; 코드 BP855; [p.28] 총보수 0.1845%; [p.16] 클래스 최초설정일 2017-05-26 (ESTABLISHED)
CLASS000738,FUND000057,BV313,C,C,일반,오프라인,0,0,0.15,0.35,0.02,0.02,0.54,0.55,2005-10-28,ESTABLISHED,DOC000059,9|26|14,[p.9] 종류C; 코드 BV313; [p.26] 총보수 0.54%; [p.14] 클래스 최초설정일 2005-10-28 (ESTABLISHED)
CLASS000739,FUND000057,BV314,C-e,C-e,일반,온라인,0,0,0.15,0.17,0.02,0.02,0.36,0.37,2017-09-11,ESTABLISHED,DOC000059,9|26|14,[p.9] 종류C-e; 코드 BV314; [p.26] 총보수 0.36%; [p.14] 클래스 최초설정일 2017-09-11 (ESTABLISHED)
CLASS000740,FUND000058,59414,A,A,일반,오프라인,1,0,0.15,0.45,0.03,0.02,0.65,0.66,2003-12-30,ESTABLISHED,DOC000060,8|24|12,[p.8] 종류A; 코드 59414; [p.24] 총보수 0.65%; [p.12] 클래스 최초설정일 2003-12-30 (ESTABLISHED)
CLASS000741,FUND000058,AJ798,C-F,C-F,일반,기관,0,0,0.15,0,0.03,0.02,0.2,0.21,2013-07-08,ESTABLISHED,DOC000060,8|24|12,[p.8] 종류C-F; 코드 AJ798; [p.24] 검토 확정 총보수 0.2%; 총보수·비용 0.21%; [p.12] 클래스 최초설정일 2013-07-08 (ESTABLISHED)
CLASS000742,FUND000058,C0400,C-P,C-P,연금저축,오프라인,0,0,0.15,0.27,0.03,0.02,0.47,0.48,2018-06-08,ESTABLISHED,DOC000060,8|24|12,[p.8] 종류C-P; 코드 C0400; [p.24] 총보수 0.47%; [p.12] 클래스 최초설정일 2018-06-08 (ESTABLISHED)
CLASS000743,FUND000058,C0401,C-Pe,C-Pe,연금저축,온라인,0,0,0.15,0.13,0.03,0.02,0.33,0.34,2018-06-22,ESTABLISHED,DOC000060,8|24|12,[p.8] 종류C-Pe; 코드 C0401; [p.24] 총보수 0.33%; [p.12] 클래스 최초설정일 2018-06-22 (ESTABLISHED)
CLASS000744,FUND000058,BC596,C-P2,C-P2,퇴직연금,오프라인,0,0,0.15,0.26,0.03,0.02,0.46,0.47,2017-10-24,ESTABLISHED,DOC000060,8|24|12,[p.8] 종류C-P2; 코드 BC596; [p.24] 총보수 0.46%; [p.12] 클래스 최초설정일 2017-10-24 (ESTABLISHED)
CLASS000745,FUND000058,C0402,C-P2e,C-P2e,퇴직연금,온라인,0,0,0.15,0.12,0.03,0.02,0.32,0.33,2018-08-21,ESTABLISHED,DOC000060,8|24|13,[p.8] 종류C-P2e; 코드 C0402; [p.24] 총보수 0.32%; [p.13] 클래스 최초설정일 2018-08-21 (ESTABLISHED)
CLASS000746,FUND000058,60102,I,I,일반,기관,0,0,0.15,0.03,0.03,0.02,0.23,0.23,2006-09-12,ESTABLISHED,DOC000060,8|24|13,[p.8] 종류I; 코드 60102; [p.24] 검토 확정 총보수 0.23%; 총보수·비용 0.23%; [p.13] 클래스 최초설정일 2006-09-12 (ESTABLISHED)
CLASS000747,FUND000059,BP932,A,A,일반,오프라인,1,0,0.1,0.31,0.01,0.01,0.43,0.43,,NOT_ESTABLISHED,DOC000061,9|27|14,[p.9] 종류A; 코드 BP932; [p.27] 총보수 0.43%; [p.14] 클래스 최초설정일 - (NOT_ESTABLISHED)
CLASS000748,FUND000059,BP933,AG,AG,일반,오프라인,0,0,0.1,0.21,0.01,0.01,0.33,0.33,,NOT_ESTABLISHED,DOC000061,9|27|14,[p.9] 종류AG; 코드 BP933; [p.27] 총보수 0.33%; [p.14] 클래스 최초설정일 - (NOT_ESTABLISHED)
CLASS000749,FUND000059,EE810,A-e,A-e,일반,온라인,0.5,0,0.1,0.155,0.01,0.01,0.275,0.275,,NOT_ESTABLISHED,DOC000061,9|27|14,[p.9] 종류A-e; 코드 EE810; [p.27] 총보수 0.275%; [p.14] 클래스 최초설정일 - (NOT_ESTABLISHED)
CLASS000750,FUND000059,94378,C,C,일반,오프라인,0,0,0.1,0.45,0.01,0.01,0.57,0.58,2012-10-17,ESTABLISHED,DOC000061,9|27|14,[p.9] 종류C; 코드 94378; [p.27] 총보수 0.57%; [p.14] 클래스 최초설정일 2012-10-17 (ESTABLISHED)
CLASS000751,FUND000059,94380,C-e,C-e,일반,온라인,0,0,0.1,0.38,0.01,0.01,0.5,0.51,2012-10-17,ESTABLISHED,DOC000061,9|27|14,[p.9] 종류C-e; 코드 94380; [p.27] 총보수 0.5%; [p.14] 클래스 최초설정일 2012-10-17 (ESTABLISHED)
CLASS000752,FUND000059,94379,C-2,C-2,일반,오프라인,0,0,0.1,0.15,0.01,0.01,0.27,0.27,,NOT_ESTABLISHED,DOC000061,9|27|14,[p.9] 종류C-2; 코드 94379; [p.27] 총보수 0.27%; [p.14] 클래스 최초설정일 - (NOT_ESTABLISHED)
CLASS000753,FUND000059,AD654,C-I,C-I,일반,기관,0,0,0.1,0.03,0.01,0.01,0.15,0.16,2016-06-28,ESTABLISHED,DOC000061,9|27|14,[p.9] 종류C-I; 코드 AD654; [p.27] 총보수 0.15%; [p.14] 클래스 최초설정일 2016-06-28 (ESTABLISHED)
CLASS000754,FUND000059,B6303,C-PI,C-PI,연금저축,기관,0,0,0.1,0.01,0.01,0.01,0.13,0.13,2015-08-06,ESTABLISHED,DOC000061,9|27|14,[p.9] 종류C-PI; 코드 B6303; [p.27] 총보수 0.13%; [p.14] 클래스 최초설정일 2015-08-06 (ESTABLISHED)
CLASS000755,FUND000059,94381,F,F,일반,기관,0,0,0.1,0,0.01,0.01,0.12,0.13,2009-05-11,ESTABLISHED,DOC000061,9|27|14,[p.9] 종류F; 코드 94381; [p.27] 총보수 0.12%; [p.14] 클래스 최초설정일 2009-05-11 (ESTABLISHED)
CLASS000756,FUND000059,AW789,S,S,일반,온라인슈퍼,0,0.15,0.1,0.15,0.01,0.01,0.27,0.28,2014-11-27,ESTABLISHED,DOC000061,9|27|14,[p.9] 종류S; 코드 AW789; [p.27] 총보수 0.27%; [p.14] 클래스 최초설정일 2014-11-27 (ESTABLISHED)
CLASS000757,FUND000059,CG269,C-P,C-P,연금저축,오프라인,0,0,0.1,0.36,0.01,0.01,0.48,0.49,2019-01-02,ESTABLISHED,DOC000061,9|27|14,[p.9] 종류C-P; 코드 CG269; [p.27] 총보수 0.48%; [p.14] 클래스 최초설정일 2019-01-02 (ESTABLISHED)
CLASS000758,FUND000059,CG271,C-Pe,C-Pe,연금저축,온라인,0,0,0.1,0.18,0.01,0.01,0.3,0.31,2018-11-02,ESTABLISHED,DOC000061,9|27|15,[p.9] 종류C-Pe; 코드 CG271; [p.27] 총보수 0.3%; [p.15] 클래스 최초설정일 2018-11-02 (ESTABLISHED)
CLASS000759,FUND000059,CG272,C-P2,C-P2,퇴직연금,오프라인,0,0,0.1,0.29,0.01,0.01,0.41,0.42,2019-01-29,ESTABLISHED,DOC000061,9|27|15,[p.9] 종류C-P2; 코드 CG272; [p.27] 총보수 0.41%; [p.15] 클래스 최초설정일 2019-01-29 (ESTABLISHED)
CLASS000760,FUND000059,CG273,C-P2e,C-P2e,퇴직연금,온라인,0,0,0.1,0.14,0.01,0.01,0.26,0.27,2018-12-12,ESTABLISHED,DOC000061,9|27|15,[p.9] 종류C-P2e; 코드 CG273; [p.27] 총보수 0.26%; [p.15] 클래스 최초설정일 2018-12-12 (ESTABLISHED)
CLASS000761,FUND000060,BP717,A,A,일반,오프라인,1,0,0.12,0.19,0.02,0.02,0.35,0.36,2018-12-18,ESTABLISHED,DOC000062,9|27|14,[p.9] 종류A; 코드 BP717; [p.27] 총보수 0.35%; [p.14] 클래스 최초설정일 2018-12-18 (ESTABLISHED)
CLASS000762,FUND000060,EM580,A-e,A-e,일반,온라인,0.5,0,0.12,0.095,0.02,0.02,0.255,0.255,,NOT_ESTABLISHED,DOC000062,9|27|14,[p.9] 종류A-e; 코드 EM580; [p.27] 총보수 0.255%; [p.14] 클래스 최초설정일 - (NOT_ESTABLISHED)
CLASS000763,FUND000060,BP716,AG,AG,일반,오프라인,0,0,0.12,0.13,0.02,0.02,0.29,0.29,2019-12-09,ESTABLISHED,DOC000062,9|27|14,[p.9] 종류AG; 코드 BP716; [p.27] 총보수 0.29%; [p.14] 클래스 최초설정일 2019-12-09 (ESTABLISHED)
CLASS000764,FUND000060,92982,C,C,일반,오프라인,0,0,0.12,0.28,0.02,0.02,0.44,0.45,2009-02-27,ESTABLISHED,DOC000062,9|27|14,[p.9] 종류C; 코드 92982; [p.27] 총보수 0.44%; [p.14] 클래스 최초설정일 2009-02-27 (ESTABLISHED)
CLASS000765,FUND000060,93265,C-e,C-e,일반,온라인,0,0,0.12,0.24,0.02,0.02,0.4,0.41,2012-10-19,ESTABLISHED,DOC000062,9|27|14,[p.9] 종류C-e; 코드 93265; [p.27] 총보수 0.4%; [p.14] 클래스 최초설정일 2012-10-19 (ESTABLISHED)
CLASS000766,FUND000060,90226,C-a,C-a,일반,오프라인,0,0,0.12,0.08,0.02,0.02,0.24,0.24,2009-01-05,ESTABLISHED,DOC000062,9|27|14,[p.9] 종류C-a; 코드 90226; [p.27] 총보수 0.24%; [p.14] 클래스 최초설정일 2009-01-05 (ESTABLISHED)
CLASS000767,FUND000060,BC598,C-P,C-P,연금저축,오프라인,0,0,0.12,0.27,0.02,0.02,0.43,0.44,2016-06-27,ESTABLISHED,DOC000062,9|27|14,[p.9] 종류C-P; 코드 BC598; [p.27] 총보수 0.43%; [p.14] 클래스 최초설정일 2016-06-27 (ESTABLISHED)
CLASS000768,FUND000060,C3354,C-Pe,C-Pe,연금저축,온라인,0,0,0.12,0.13,0.02,0.02,0.29,0.3,2018-08-10,ESTABLISHED,DOC000062,9|27|14,[p.9] 종류C-Pe; 코드 C3354; [p.27] 총보수 0.29%; [p.14] 클래스 최초설정일 2018-08-10 (ESTABLISHED)
CLASS000769,FUND000060,BC599,C-P2,C-P2,퇴직연금,오프라인,0,0,0.12,0.26,0.02,0.02,0.42,0.43,2016-09-12,ESTABLISHED,DOC000062,9|27|14,[p.9] 종류C-P2; 코드 BC599; [p.27] 총보수 0.42%; [p.14] 클래스 최초설정일 2016-09-12 (ESTABLISHED)
CLASS000770,FUND000060,C3356,C-P2e,C-P2e,퇴직연금,온라인,0,0,0.12,0.12,0.02,0.02,0.28,0.29,2018-11-09,ESTABLISHED,DOC000062,9|27|14,[p.9] 종류C-P2e; 코드 C3356; [p.27] 총보수 0.28%; [p.14] 클래스 최초설정일 2018-11-09 (ESTABLISHED)
CLASS000771,FUND000060,B6930,C-PI,C-PI,연금저축,기관,0,0,0.12,0.01,0.02,0.02,0.17,0.18,2015-08-21,ESTABLISHED,DOC000062,9|27|14,[p.9] 종류C-PI; 코드 B6930; [p.27] 총보수 0.17%; [p.14] 클래스 최초설정일 2015-08-21 (ESTABLISHED)
CLASS000772,FUND000060,B1765,I,I,일반,기관,0,0,0.12,0.03,0.02,0.02,0.19,0.19,2016-07-11,ESTABLISHED,DOC000062,9|27|14,[p.9] 종류I; 코드 B1765; [p.27] 총보수 0.19%; [p.14] 클래스 최초설정일 2016-07-11 (ESTABLISHED)
CLASS000773,FUND000060,AR695,S,S,일반,온라인슈퍼,0,0.15,0.12,0.15,0.02,0.02,0.31,0.32,2014-05-07,ESTABLISHED,DOC000062,9|27|15,[p.9] 종류S; 코드 AR695; [p.27] 총보수 0.31%; [p.15] 클래스 최초설정일 2014-05-07 (ESTABLISHED)
CLASS000774,FUND000061,E4388,A,A,일반,오프라인,1,0,0.3,0.6,0.03,0.02,0.95,0.95,,NOT_ESTABLISHED,DOC000063,10|32|15,[p.10] 종류A; 코드 E4388; [p.32] 총보수 0.95%; [p.15] 클래스 최초설정일 - (NOT_ESTABLISHED)
CLASS000775,FUND000061,E4389,A-e,A-e,일반,온라인,0.5,0,0.3,0.3,0.03,0.02,0.65,0.7,2024-08-01,ESTABLISHED,DOC000063,10|32|15,[p.10] 종류A-e; 코드 E4389; [p.32] 총보수 0.65%; [p.15] 클래스 최초설정일 2024-08-01 (ESTABLISHED)
CLASS000776,FUND000061,E4390,AG,AG,일반,오프라인,0,0,0.3,0.42,0.03,0.02,0.77,0.77,,NOT_ESTABLISHED,DOC000063,10|32|15,[p.10] 종류AG; 코드 E4390; [p.32] 총보수 0.77%; [p.15] 클래스 최초설정일 - (NOT_ESTABLISHED)
CLASS000777,FUND000061,E4392,C,C,일반,오프라인,0,0,0.3,1,0.03,0.02,1.35,1.35,,NOT_ESTABLISHED,DOC000063,10|32|15,[p.10] 종류C; 코드 E4392; [p.32] 총보수 1.35%; [p.15] 클래스 최초설정일 - (NOT_ESTABLISHED)
CLASS000778,FUND000061,E4393,C-e,C-e,일반,온라인,0,0,0.3,0.5,0.03,0.02,0.85,0.9,2024-08-01,ESTABLISHED,DOC000063,10|32|15,[p.10] 종류C-e; 코드 E4393; [p.32] 총보수 0.85%; [p.15] 클래스 최초설정일 2024-08-01 (ESTABLISHED)
CLASS000779,FUND000061,E4394,CG,CG,일반,오프라인,0,0,0.3,0.7,0.03,0.02,1.05,1.05,,NOT_ESTABLISHED,DOC000063,10|32|16,[p.10] 종류CG; 코드 E4394; [p.32] 총보수 1.05%; [p.16] 클래스 최초설정일 - (NOT_ESTABLISHED)
CLASS000780,FUND000061,E4395,C-I,C-I,일반,기관,0,0,0.3,0.03,0.03,0.02,0.38,0.38,,NOT_ESTABLISHED,DOC000063,10|32|16,[p.10] 종류C-I; 코드 E4395; [p.32] 총보수 0.38%; [p.16] 클래스 최초설정일 - (NOT_ESTABLISHED)
CLASS000781,FUND000061,E4396,F,F,일반,기관,0,0,0.3,0,0.03,0.02,0.35,0.41,2024-08-01,ESTABLISHED,DOC000063,10|32|16,[p.10] 종류F; 코드 E4396; [p.32] 총보수 0.35%; [p.16] 클래스 최초설정일 2024-08-01 (ESTABLISHED)
CLASS000782,FUND000061,E4397,S,S,일반,온라인슈퍼,0,0.15,0.3,0.15,0.03,0.02,0.5,0.5,,NOT_ESTABLISHED,DOC000063,10|32|16,[p.10] 종류S; 코드 E4397; [p.32] 총보수 0.5%; [p.16] 클래스 최초설정일 - (NOT_ESTABLISHED)
CLASS000783,FUND000061,E4398,C-P,C-P,연금저축,오프라인,0,0,0.3,0.41,0.03,0.02,0.76,0.76,,NOT_ESTABLISHED,DOC000063,10|32|16,[p.10] 종류C-P; 코드 E4398; [p.32] 총보수 0.76%; [p.16] 클래스 최초설정일 - (NOT_ESTABLISHED)
CLASS000784,FUND000061,E4399,C-Pe,C-Pe,연금저축,온라인,0,0,0.3,0.2,0.03,0.02,0.55,0.6,2024-08-07,ESTABLISHED,DOC000063,10|32|16,[p.10] 종류C-Pe; 코드 E4399; [p.32] 총보수 0.55%; [p.16] 클래스 최초설정일 2024-08-07 (ESTABLISHED)
CLASS000785,FUND000061,E4400,C-P2,C-P2,퇴직연금,오프라인,0,0,0.3,0.36,0.03,0.02,0.71,0.71,,NOT_ESTABLISHED,DOC000063,10|32|16,[p.10] 종류C-P2; 코드 E4400; [p.32] 총보수 0.71%; [p.16] 클래스 최초설정일 - (NOT_ESTABLISHED)
CLASS000786,FUND000061,E4401,C-P2e,C-P2e,퇴직연금,온라인,0,0,0.3,0.18,0.03,0.02,0.53,0.58,2024-08-01,ESTABLISHED,DOC000063,10|32|16,[p.10] 종류C-P2e; 코드 E4401; [p.32] 총보수 0.53%; [p.16] 클래스 최초설정일 2024-08-01 (ESTABLISHED)
CLASS000787,FUND000062,EH102,A,A,일반,오프라인,1,0,0.04,0.12,0.01,0.01,0.18,0.18,,NOT_ESTABLISHED,DOC000064,10|29|13,[p.10] 종류A; 코드 EH102; [p.29] 검토 확정 총보수 0.18%; 총보수·비용 0.18%; [p.13] 클래스 최초설정일 - (NOT_ESTABLISHED)
CLASS000788,FUND000062,EH104,A-e,A-e,일반,온라인,0.5,0,0.04,0.06,0.01,0.01,0.12,0.12,,NOT_ESTABLISHED,DOC000064,10|29|13,[p.10] 종류A-e; 코드 EH104; [p.29] 검토 확정 총보수 0.12%; 총보수·비용 0.12%; [p.13] 클래스 최초설정일 - (NOT_ESTABLISHED)
CLASS000789,FUND000062,EH106,AG,AG,일반,오프라인,0,0,0.04,0.084,0.01,0.01,0.144,0.144,,NOT_ESTABLISHED,DOC000064,10|29|13,[p.10] 종류AG; 코드 EH106; [p.29] 검토 확정 총보수 0.144%; 총보수·비용 0.144%; [p.13] 클래스 최초설정일 - (NOT_ESTABLISHED)
CLASS000790,FUND000062,EH109,C,C,일반,오프라인,0,0,0.04,0.32,0.01,0.01,0.38,0.38,,NOT_ESTABLISHED,DOC000064,10|29|13,[p.10] 종류C; 코드 EH109; [p.29] 검토 확정 총보수 0.38%; 총보수·비용 0.38%; [p.13] 클래스 최초설정일 - (NOT_ESTABLISHED)
CLASS000791,FUND000062,EH111,C-e,C-e,일반,온라인,0,0,0.04,0.16,0.01,0.01,0.22,0.22,,NOT_ESTABLISHED,DOC000064,10|29|13,[p.10] 종류C-e; 코드 EH111; [p.29] 검토 확정 총보수 0.22%; 총보수·비용 0.22%; [p.13] 클래스 최초설정일 - (NOT_ESTABLISHED)
CLASS000792,FUND000062,EH112,CG,CG,일반,오프라인,0,0,0.04,0.224,0.01,0.01,0.284,0.284,,NOT_ESTABLISHED,DOC000064,10|29|14,[p.10] 종류CG; 코드 EH112; [p.29] 검토 확정 총보수 0.284%; 총보수·비용 0.284%; [p.14] 클래스 최초설정일 - (NOT_ESTABLISHED)
CLASS000793,FUND000062,EH114,C-I,C-I,일반,기관,0,0,0.04,0.03,0.01,0.01,0.09,0.09,,NOT_ESTABLISHED,DOC000064,10|29|14,[p.10] 종류C-I; 코드 EH114; [p.29] 검토 확정 총보수 0.09%; 총보수·비용 0.09%; [p.14] 클래스 최초설정일 - (NOT_ESTABLISHED)
CLASS000794,FUND000062,EH115,F,F,일반,기관,0,0,0.04,0,0.01,0.01,0.06,0.06,,NOT_ESTABLISHED,DOC000064,10|29|14,[p.10] 종류F; 코드 EH115; [p.29] 검토 확정 총보수 0.06%; 총보수·비용 0.06%; [p.14] 클래스 최초설정일 - (NOT_ESTABLISHED)
CLASS000795,FUND000062,EH116,S,S,일반,온라인슈퍼,0,0.15,0.04,0.05,0.01,0.01,0.11,0.11,,NOT_ESTABLISHED,DOC000064,10|29|14,[p.10] 종류S; 코드 EH116; [p.29] 검토 확정 총보수 0.11%; 총보수·비용 0.11%; [p.14] 클래스 최초설정일 - (NOT_ESTABLISHED)
CLASS000796,FUND000062,EH117,C-P,C-P,연금저축,오프라인,0,0,0.04,0.26,0.01,0.01,0.32,0.32,,NOT_ESTABLISHED,DOC000064,10|29|14,[p.10] 종류C-P; 코드 EH117; [p.29] 검토 확정 총보수 0.32%; 총보수·비용 0.32%; [p.14] 클래스 최초설정일 - (NOT_ESTABLISHED)
CLASS000797,FUND000062,EH118,C-Pe,C-Pe,연금저축,온라인,0,0,0.04,0.13,0.01,0.01,0.19,0.19,,NOT_ESTABLISHED,DOC000064,10|29|14,[p.10] 종류C-Pe; 코드 EH118; [p.29] 검토 확정 총보수 0.19%; 총보수·비용 0.19%; [p.14] 클래스 최초설정일 - (NOT_ESTABLISHED)
CLASS000798,FUND000062,EH119,C-P2,C-P2,퇴직연금,오프라인,0,0,0.04,0.2,0.01,0.01,0.26,0.26,,NOT_ESTABLISHED,DOC000064,10|29|14,[p.10] 종류C-P2; 코드 EH119; [p.29] 검토 확정 총보수 0.26%; 총보수·비용 0.26%; [p.14] 클래스 최초설정일 - (NOT_ESTABLISHED)
CLASS000799,FUND000062,EH120,C-P2e,C-P2e,퇴직연금,온라인,0,0,0.04,0.1,0.01,0.01,0.16,0.16,,NOT_ESTABLISHED,DOC000064,10|29|14,[p.10] 종류C-P2e; 코드 EH120; [p.29] 검토 확정 총보수 0.16%; 총보수·비용 0.16%; [p.14] 클래스 최초설정일 - (NOT_ESTABLISHED)
CLASS000800,FUND000063,A9503,C,C,일반,오프라인,0,0,0.4,0.5,0.03,0.02,0.95,0.95,2006-01-04,ESTABLISHED,DOC000065,8|21|11,[p.8] 종류C; 코드 A9503; [p.21] 총보수 0.95%; [p.11] 클래스 최초설정일 2006-01-04 (ESTABLISHED)
CLASS000801,FUND000063,A9504,C-F,C-F,일반,기관,0,0,0.4,0,0.03,0.02,0.45,0.45,2012-08-29,ESTABLISHED,DOC000065,8|21|12,[p.8] 종류C-F; 코드 A9504; [p.21] 총보수 0.45%; [p.12] 클래스 최초설정일 2012-08-29 (ESTABLISHED)
CLASS000802,FUND000063,BV266,C-P2e,C-P2e,퇴직연금,온라인,0,0,0.4,0.25,0.03,0.02,0.7,0.7,2017-10-24,ESTABLISHED,DOC000065,8|21|12,[p.8] 종류C-P2e; 코드 BV266; [p.21] 총보수 0.7%; [p.12] 클래스 최초설정일 2017-10-24 (ESTABLISHED)
CLASS000803,FUND000064,BV299,C,C,일반,오프라인,0,0,0.54,0.95,0.03,0.02,1.54,1.54,2005-10-26,ESTABLISHED,DOC000066,9|33|18,[p.9] 종류C; 코드 BV299; [p.33] 총보수 1.54%; [p.18] 클래스 최초설정일 2005-10-26 (ESTABLISHED)
CLASS000804,FUND000064,BV300,C-e,C-e,일반,온라인,0,0,0.54,0.47,0.03,0.02,1.06,1.06,2017-08-28,ESTABLISHED,DOC000066,9|33|18,[p.9] 종류C-e; 코드 BV300; [p.33] 총보수 1.06%; [p.18] 클래스 최초설정일 2017-08-28 (ESTABLISHED)
CLASS000805,FUND000065,A7483,C,C,일반,오프라인,0,0,0.345,0.805,0.03,0.02,1.2,1.2,2015-04-29,ESTABLISHED,DOC000067,8|22|11,[p.8] 종류C; 코드 A7483; [p.22] 총보수 1.2%; [p.11] 클래스 최초설정일 2015-04-29 (ESTABLISHED)
CLASS000806,FUND000065,BT795,C-P2e,C-P2e,퇴직연금,온라인,0,0,0.345,0.4,0.03,0.02,0.795,0.795,2017-08-17,ESTABLISHED,DOC000067,8|22|11,[p.8] 종류C-P2e; 코드 BT795; [p.22] 총보수 0.795%; [p.11] 클래스 최초설정일 2017-08-17 (ESTABLISHED)
CLASS000807,FUND000065,A7484,C-F,C-F,일반,기관,0,0,0.345,0,0.03,0.02,0.395,0.395,,NOT_ESTABLISHED,DOC000067,8|22|11,[p.8] 종류C-F; 코드 A7484; [p.22] 총보수 0.395%; [p.11] 클래스 최초설정일 - (NOT_ESTABLISHED)
CLASS000808,FUND000065,BT565,C-P2I,C-P2I,퇴직연금,기관,0,0,0.345,0.1,0.03,0.02,0.495,0.495,2017-08-08,ESTABLISHED,DOC000067,8|22|11,[p.8] 종류C-P2I; 코드 BT565; [p.22] 총보수 0.495%; [p.11] 클래스 최초설정일 2017-08-08 (ESTABLISHED)
CLASS000809,FUND000066,A7491,C,C,일반,오프라인,0,0,0.345,0.805,0.03,0.02,1.2,1.21,2015-07-01,ESTABLISHED,DOC000068,8|21|11,[p.8] 종류C; 코드 A7491; [p.21] 총보수 1.2%; [p.11] 클래스 최초설정일 2015-07-01 (ESTABLISHED)
CLASS000810,FUND000066,BW079,C-P2e,C-P2e,퇴직연금,온라인,0,0,0.345,0.4,0.03,0.02,0.795,0.805,2017-09-11,ESTABLISHED,DOC000068,8|21|11,[p.8] 종류C-P2e; 코드 BW079; [p.21] 총보수 0.795%; [p.11] 클래스 최초설정일 2017-09-11 (ESTABLISHED)
CLASS000811,FUND000066,A7492,C-F,C-F,일반,기관,0,0,0.345,0,0.03,0.02,0.395,0.395,2016-01-20,ESTABLISHED,DOC000068,8|21|11,[p.8] 종류C-F; 코드 A7492; [p.21] 총보수 0.395%; [p.11] 클래스 최초설정일 2016-01-20 (ESTABLISHED)
CLASS000812,FUND000067,AR144,A,A,일반,오프라인,1,0,0.55,0.55,0.03,0.02,1.15,1.15,2014-04-16,ESTABLISHED,DOC000069,9|29|13,[p.9] 종류A; 코드 AR144; [p.29] 총보수 1.15%; [p.13] 클래스 최초설정일 2014-04-16 (ESTABLISHED)
CLASS000813,FUND000067,AR145,A-e,A-e,일반,온라인,0.5,0,0.55,0.27,0.03,0.02,0.87,0.87,2014-04-16,ESTABLISHED,DOC000069,9|29|14,[p.9] 종류A-e; 코드 AR145; [p.29] 총보수 0.87%; [p.14] 클래스 최초설정일 2014-04-16 (ESTABLISHED)
CLASS000814,FUND000067,BP947,AG,AG,일반,오프라인,0,0,0.55,0.38,0.03,0.02,0.98,0.98,,NOT_ESTABLISHED,DOC000069,9|29|14,[p.9] 종류AG; 코드 BP947; [p.29] 총보수 0.98%; [p.14] 클래스 최초설정일 - (NOT_ESTABLISHED)
CLASS000815,FUND000067,AR146,C1,C1,일반,오프라인,0,0,0.55,1.3,0.03,0.02,1.9,1.9,2014-04-16,ESTABLISHED,DOC000069,9|29|14,[p.9] 종류C1; 코드 AR146; [p.29] 총보수 1.9%; [p.14] 클래스 최초설정일 2014-04-16 (ESTABLISHED)
CLASS000816,FUND000067,AR147,C2,C2,일반,오프라인,0,0,0.55,1.09,0.03,0.02,1.69,1.69,2015-04-17,ESTABLISHED,DOC000069,9|29|14,[p.9] 종류C2; 코드 AR147; [p.29] 총보수 1.69%; [p.14] 클래스 최초설정일 2015-04-17 (ESTABLISHED)
CLASS000817,FUND000067,AR148,C3,C3,일반,오프라인,0,0,0.55,0.9,0.03,0.02,1.5,1.5,2016-04-18,ESTABLISHED,DOC000069,9|29|14,[p.9] 종류C3; 코드 AR148; [p.29] 총보수 1.5%; [p.14] 클래스 최초설정일 2016-04-18 (ESTABLISHED)
CLASS000818,FUND000067,AR149,C4,C4,일반,오프라인,0,0,0.55,0.71,0.03,0.02,1.31,1.31,2017-04-17,ESTABLISHED,DOC000069,9|29|14,[p.9] 종류C4; 코드 AR149; [p.29] 총보수 1.31%; [p.14] 클래스 최초설정일 2017-04-17 (ESTABLISHED)
CLASS000819,FUND000067,AR150,C-e,C-e,일반,온라인,0,0,0.55,0.5,0.03,0.02,1.1,1.1,2014-04-16,ESTABLISHED,DOC000069,9|29|14,[p.9] 종류C-e; 코드 AR150; [p.29] 총보수 1.1%; [p.14] 클래스 최초설정일 2014-04-16 (ESTABLISHED)
CLASS000820,FUND000067,BP948,CG,CG,일반,오프라인,0,0,0.55,0.7,0.03,0.02,1.3,1.3,,NOT_ESTABLISHED,DOC000069,9|29|14,[p.9] 종류CG; 코드 BP948; [p.29] 총보수 1.3%; [p.14] 클래스 최초설정일 - (NOT_ESTABLISHED)
CLASS000821,FUND000067,AR153,F,F,일반,기관,0,0,0.55,0,0.03,0.02,0.6,0.6,2014-04-28,ESTABLISHED,DOC000069,9|29|14,[p.9] 종류F; 코드 AR153; [p.29] 총보수 0.6%; [p.14] 클래스 최초설정일 2014-04-28 (ESTABLISHED)
CLASS000822,FUND000067,CC460,S,S,일반,온라인슈퍼,0,0.15,0.55,0.22,0.03,0.02,0.82,0.82,2018-08-28,ESTABLISHED,DOC000069,9|29|14,[p.9] 종류S; 코드 CC460; [p.29] 총보수 0.82%; [p.14] 클래스 최초설정일 2018-08-28 (ESTABLISHED)
CLASS000823,FUND000067,AR151,C-a,C-a,일반,오프라인,0,0,0.55,0.55,0.03,0.02,1.15,1.15,,NOT_ESTABLISHED,DOC000069,9|29|14,[p.9] 종류C-a; 코드 AR151; [p.29] 총보수 1.15%; [p.14] 클래스 최초설정일 - (NOT_ESTABLISHED)
CLASS000824,FUND000067,AR152,C-I,C-I,일반,기관,0,0,0.55,0.03,0.03,0.02,0.63,0.63,2014-05-09,ESTABLISHED,DOC000069,9|29|14,[p.9] 종류C-I; 코드 AR152; [p.29] 총보수 0.63%; [p.14] 클래스 최초설정일 2014-05-09 (ESTABLISHED)
CLASS000825,FUND000067,B9809,C-P,C-P,연금저축,오프라인,0,0,0.55,0.94,0.03,0.02,1.54,1.54,2016-03-02,ESTABLISHED,DOC000069,9|29|14,[p.9] 종류C-P; 코드 B9809; [p.29] 총보수 1.54%; [p.14] 클래스 최초설정일 2016-03-02 (ESTABLISHED)
CLASS000826,FUND000067,B9810,C-Pe,C-Pe,연금저축,온라인,0,0,0.55,0.47,0.03,0.02,1.07,1.07,2016-01-15,ESTABLISHED,DOC000069,9|29|14,[p.9] 종류C-Pe; 코드 B9810; [p.29] 총보수 1.07%; [p.14] 클래스 최초설정일 2016-01-15 (ESTABLISHED)
CLASS000827,FUND000067,D8950,C-P2,C-P2,퇴직연금,오프라인,0,0,0.55,0.75,0.03,0.02,1.35,1.35,,NOT_ESTABLISHED,DOC000069,9|29|14,[p.9] 종류C-P2; 코드 D8950; [p.29] 총보수 1.35%; [p.14] 클래스 최초설정일 - (NOT_ESTABLISHED)
CLASS000828,FUND000067,D8951,C-P2e,C-P2e,퇴직연금,온라인,0,0,0.55,0.37,0.03,0.02,0.97,0.97,2020-12-31,ESTABLISHED,DOC000069,9|29|14,[p.9] 종류C-P2e; 코드 D8951; [p.29] 총보수 0.97%; [p.14] 클래스 최초설정일 2020-12-31 (ESTABLISHED)
CLASS000829,FUND000068,BU349,C,C,일반,오프라인,0,0,0.15,0.64,0.015,0.01,0.815,0.815,2012-05-08,ESTABLISHED,DOC000070,9|26|14,[p.9] 종류C; 코드 BU349; [p.26] 총보수 0.815%; [p.14] 클래스 최초설정일 2012-05-08 (ESTABLISHED)
CLASS000830,FUND000068,BU338,C-e,C-e,일반,온라인,0,0,0.15,0.32,0.015,0.01,0.495,0.495,2017-09-25,ESTABLISHED,DOC000070,9|26|14,[p.9] 종류C-e; 코드 BU338; [p.26] 총보수 0.495%; [p.14] 클래스 최초설정일 2017-09-25 (ESTABLISHED)
CLASS000831,FUND000069,BX429,A,A,일반,오프라인,1,0,0.1,0.2,0.01,0.01,0.32,0.32,2017-11-17,ESTABLISHED,DOC000071,11|30|15,[p.11] 종류A; 코드 BX429; [p.30] 총보수 0.32%; [p.15] 클래스 최초설정일 2017-11-17 (ESTABLISHED)
CLASS000832,FUND000069,BX430,A-e,A-e,일반,온라인,0.5,0,0.1,0.1,0.01,0.01,0.22,0.23,2017-10-27,ESTABLISHED,DOC000071,11|30|15,[p.11] 종류A-e; 코드 BX430; [p.30] 총보수 0.22%; [p.15] 클래스 최초설정일 2017-10-27 (ESTABLISHED)
CLASS000833,FUND000069,BX431,AG,AG,일반,오프라인,0,0,0.1,0.14,0.01,0.01,0.26,0.26,,NOT_ESTABLISHED,DOC000071,11|30|15,[p.11] 종류AG; 코드 BX431; [p.30] 총보수 0.26%; [p.15] 클래스 최초설정일 - (NOT_ESTABLISHED)
CLASS000834,FUND000069,BX432,C1,C1,일반,오프라인,0,0,0.1,0.33,0.01,0.01,0.45,0.45,2017-10-23,ESTABLISHED,DOC000071,11|30|15,[p.11] 종류C1; 코드 BX432; [p.30] 총보수 0.45%; [p.15] 클래스 최초설정일 2017-10-23 (ESTABLISHED)
CLASS000835,FUND000069,BX433,C2,C2,일반,오프라인,0,0,0.1,0.31,0.01,0.01,0.43,0.43,2018-11-05,ESTABLISHED,DOC000071,11|30|16,[p.11] 종류C2; 코드 BX433; [p.30] 총보수 0.43%; [p.16] 클래스 최초설정일 2018-11-05 (ESTABLISHED)
CLASS000836,FUND000069,BX434,C3,C3,일반,오프라인,0,0,0.1,0.29,0.01,0.01,0.41,0.41,2019-11-22,ESTABLISHED,DOC000071,11|30|16,[p.11] 종류C3; 코드 BX434; [p.30] 총보수 0.41%; [p.16] 클래스 최초설정일 2019-11-22 (ESTABLISHED)
CLASS000837,FUND000069,BX435,C4,C4,일반,오프라인,0,0,0.1,0.27,0.01,0.01,0.39,0.39,2020-11-23,ESTABLISHED,DOC000071,11|30|16,[p.11] 종류C4; 코드 BX435; [p.30] 총보수 0.39%; [p.16] 클래스 최초설정일 2020-11-23 (ESTABLISHED)
CLASS000838,FUND000069,BX436,C-e,C-e,일반,온라인,0,0,0.1,0.17,0.01,0.01,0.29,0.3,2020-05-20,ESTABLISHED,DOC000071,11|30|16,[p.11] 종류C-e; 코드 BX436; [p.30] 총보수 0.29%; [p.16] 클래스 최초설정일 2020-05-20 (ESTABLISHED)
CLASS000839,FUND000069,BX437,CG,CG,일반,오프라인,0,0,0.1,0.21,0.01,0.01,0.33,0.33,,NOT_ESTABLISHED,DOC000071,11|30|16,[p.11] 종류CG; 코드 BX437; [p.30] 총보수 0.33%; [p.16] 클래스 최초설정일 - (NOT_ESTABLISHED)
CLASS000840,FUND000069,BX438,C-I,C-I,일반,기관,0,0,0.1,0.03,0.01,0.01,0.15,0.15,,NOT_ESTABLISHED,DOC000071,11|30|16,[p.11] 종류C-I; 코드 BX438; [p.30] 총보수 0.15%; [p.16] 클래스 최초설정일 - (NOT_ESTABLISHED)
CLASS000841,FUND000069,BX439,F,F,일반,기관,0,0,0.1,0,0.01,0.01,0.12,0.12,2017-10-23,ESTABLISHED,DOC000071,11|30|16,[p.11] 종류F; 코드 BX439; [p.30] 총보수 0.12%; [p.16] 클래스 최초설정일 2017-10-23 (ESTABLISHED)
CLASS000842,FUND000069,BX440,S,S,일반,온라인슈퍼,0,0.15,0.1,0.09,0.01,0.01,0.21,0.21,2017-11-22,ESTABLISHED,DOC000071,11|30|16,[p.11] 종류S; 코드 BX440; [p.30] 총보수 0.21%; [p.16] 클래스 최초설정일 2017-11-22 (ESTABLISHED)
CLASS000843,FUND000069,BX458,C-P,C-P,연금저축,오프라인,0,0,0.1,0.28,0.01,0.01,0.4,0.4,2017-10-27,ESTABLISHED,DOC000071,11|30|16,[p.11] 종류C-P; 코드 BX458; [p.30] 총보수 0.4%; [p.16] 클래스 최초설정일 2017-10-27 (ESTABLISHED)
CLASS000844,FUND000069,BX460,C-Pe,C-Pe,연금저축,온라인,0,0,0.1,0.14,0.01,0.01,0.26,0.27,2017-10-26,ESTABLISHED,DOC000071,11|30|16,[p.11] 종류C-Pe; 코드 BX460; [p.30] 총보수 0.26%; [p.16] 클래스 최초설정일 2017-10-26 (ESTABLISHED)
CLASS000845,FUND000069,BX461,C-P2,C-P2,퇴직연금,오프라인,0,0,0.1,0.26,0.01,0.01,0.38,0.39,2017-11-06,ESTABLISHED,DOC000071,11|30|16,[p.11] 종류C-P2; 코드 BX461; [p.30] 총보수 0.38%; [p.16] 클래스 최초설정일 2017-11-06 (ESTABLISHED)
CLASS000846,FUND000069,BX462,C-P2e,C-P2e,퇴직연금,온라인,0,0,0.1,0.13,0.01,0.01,0.25,0.26,2017-10-26,ESTABLISHED,DOC000071,11|30|16,[p.11] 종류C-P2e; 코드 BX462; [p.30] 총보수 0.25%; [p.16] 클래스 최초설정일 2017-10-26 (ESTABLISHED)
CLASS000847,FUND000070,94803,A,A,일반,오프라인,1,0,0.3,0.35,0.03,0.02,0.7,0.75,2009-06-05,ESTABLISHED,DOC000072,9|29|14,[p.9] 종류A; 코드 94803; [p.29] 총보수 0.7%; [p.14] 클래스 최초설정일 2009-06-05 (ESTABLISHED)
CLASS000848,FUND000070,CA317,A-e,A-e,일반,온라인,0.5,0,0.3,0.17,0.03,0.02,0.52,0.57,2020-11-11,ESTABLISHED,DOC000072,9|29|14,[p.9] 종류A-e; 코드 CA317; [p.29] 총보수 0.52%; [p.14] 클래스 최초설정일 2020-11-11 (ESTABLISHED)
CLASS000849,FUND000070,CA318,AG,AG,일반,오프라인,0,0,0.3,0.24,0.03,0.02,0.59,0.59,,NOT_ESTABLISHED,DOC000072,9|29|14,[p.9] 종류AG; 코드 CA318; [p.29] 총보수 0.59%; [p.14] 클래스 최초설정일 - (NOT_ESTABLISHED)
CLASS000850,FUND000070,95189,C,C,일반,오프라인,0,0,0.3,0.85,0.03,0.02,1.2,1.25,2009-06-05,ESTABLISHED,DOC000072,9|29|14,[p.9] 종류C; 코드 95189; [p.29] 총보수 1.2%; [p.14] 클래스 최초설정일 2009-06-05 (ESTABLISHED)
CLASS000851,FUND000070,94804,C-e,C-e,일반,온라인,0,0,0.3,0.42,0.03,0.02,0.77,0.82,2009-06-05,ESTABLISHED,DOC000072,9|29|14,[p.9] 종류C-e; 코드 94804; [p.29] 총보수 0.77%; [p.14] 클래스 최초설정일 2009-06-05 (ESTABLISHED)
CLASS000852,FUND000070,94805,C-I,C-I,일반,기관,0,0,0.3,0.03,0.03,0.02,0.38,0.38,2021-01-14,ESTABLISHED,DOC000072,9|29|14,[p.9] 종류C-I; 코드 94805; [p.29] 총보수 0.38%; [p.14] 클래스 최초설정일 2021-01-14 (ESTABLISHED)
CLASS000853,FUND000070,94806,C-W,C-W,일반,오프라인,0,0,0.3,0,0.03,0.02,0.35,0.35,,NOT_ESTABLISHED,DOC000072,9|29|14,[p.9] 종류C-W; 코드 94806; [p.29] 총보수 0.35%; [p.14] 클래스 최초설정일 - (NOT_ESTABLISHED)
CLASS000854,FUND000070,DD028,C-P,C-P,연금저축,오프라인,0,0,0.3,0.68,0.03,0.02,1.03,1.08,2020-12-17,ESTABLISHED,DOC000072,9|29|14,[p.9] 종류C-P; 코드 DD028; [p.29] 총보수 1.03%; [p.14] 클래스 최초설정일 2020-12-17 (ESTABLISHED)
CLASS000855,FUND000070,DD029,C-Pe,C-Pe,연금저축,온라인,0,0,0.3,0.34,0.03,0.02,0.69,0.74,2020-12-14,ESTABLISHED,DOC000072,9|29|14,[p.9] 종류C-Pe; 코드 DD029; [p.29] 총보수 0.69%; [p.14] 클래스 최초설정일 2020-12-14 (ESTABLISHED)
CLASS000856,FUND000070,DD030,C-P2,C-P2,퇴직연금,오프라인,0,0,0.3,0.54,0.03,0.02,0.89,0.94,2020-12-28,ESTABLISHED,DOC000072,9|29|14,[p.9] 종류C-P2; 코드 DD030; [p.29] 총보수 0.89%; [p.14] 클래스 최초설정일 2020-12-28 (ESTABLISHED)
CLASS000857,FUND000070,DD031,C-P2e,C-P2e,퇴직연금,온라인,0,0,0.3,0.27,0.03,0.02,0.62,0.67,2020-12-14,ESTABLISHED,DOC000072,9|29|14,[p.9] 종류C-P2e; 코드 DD031; [p.29] 총보수 0.62%; [p.14] 클래스 최초설정일 2020-12-14 (ESTABLISHED)
CLASS000858,FUND000070,DH134,S,S,일반,온라인슈퍼,0,0.15,0.3,0.16,0.03,0.02,0.51,0.56,2021-03-24,ESTABLISHED,DOC000072,9|29|15,[p.9] 종류S; 코드 DH134; [p.29] 총보수 0.51%; [p.15] 클래스 최초설정일 2021-03-24 (ESTABLISHED)
CLASS000859,FUND000071,CW638,A,A,일반,오프라인,1,0,0.72,0.68,0.02,0.015,1.435,1.435,2019-10-23,ESTABLISHED,DOC000073,10|29|14,[p.10] 종류A; 코드 CW638; [p.29] 총보수 1.435%; [p.14] 클래스 최초설정일 2019-10-23 (ESTABLISHED)
CLASS000860,FUND000071,CW639,A-e,A-e,일반,온라인,0.5,0,0.72,0.34,0.02,0.015,1.095,1.095,2019-10-23,ESTABLISHED,DOC000073,10|29|14,[p.10] 종류A-e; 코드 CW639; [p.29] 총보수 1.095%; [p.14] 클래스 최초설정일 2019-10-23 (ESTABLISHED)
CLASS000861,FUND000071,CW640,AG,AG,일반,오프라인,0,0,0.72,0.47,0.02,0.015,1.225,1.225,2020-11-18,ESTABLISHED,DOC000073,10|29|15,[p.10] 종류AG; 코드 CW640; [p.29] 총보수 1.225%; [p.15] 클래스 최초설정일 2020-11-18 (ESTABLISHED)
CLASS000862,FUND000071,CW641,C,C,일반,오프라인,0,0,0.72,1,0.02,0.015,1.755,1.755,2019-10-23,ESTABLISHED,DOC000073,10|29|15,[p.10] 종류C; 코드 CW641; [p.29] 총보수 1.755%; [p.15] 클래스 최초설정일 2019-10-23 (ESTABLISHED)
CLASS000863,FUND000071,CW642,C-e,C-e,일반,온라인,0,0,0.72,0.5,0.02,0.015,1.255,1.255,2019-10-23,ESTABLISHED,DOC000073,10|29|15,[p.10] 종류C-e; 코드 CW642; [p.29] 총보수 1.255%; [p.15] 클래스 최초설정일 2019-10-23 (ESTABLISHED)
CLASS000864,FUND000071,CW643,CG,CG,일반,오프라인,0,0,0.72,0.7,0.02,0.015,1.455,1.455,2019-11-28,ESTABLISHED,DOC000073,10|29|15,[p.10] 종류CG; 코드 CW643; [p.29] 총보수 1.455%; [p.15] 클래스 최초설정일 2019-11-28 (ESTABLISHED)
CLASS000865,FUND000071,CW644,C-I,C-I,일반,기관,0,0,0.72,0.03,0.02,0.015,0.785,0.785,2019-10-29,ESTABLISHED,DOC000073,10|29|15,[p.10] 종류C-I; 코드 CW644; [p.29] 총보수 0.785%; [p.15] 클래스 최초설정일 2019-10-29 (ESTABLISHED)
CLASS000866,FUND000071,CW645,F,F,일반,기관,0,0,0.72,0,0.02,0.015,0.755,0.755,2019-10-21,ESTABLISHED,DOC000073,10|29|15,[p.10] 종류F; 코드 CW645; [p.29] 총보수 0.755%; [p.15] 클래스 최초설정일 2019-10-21 (ESTABLISHED)
CLASS000867,FUND000071,CW646,S,S,일반,온라인슈퍼,0,0.15,0.72,0.33,0.02,0.015,1.085,1.085,2020-02-14,ESTABLISHED,DOC000073,10|29|15,[p.10] 종류S; 코드 CW646; [p.29] 총보수 1.085%; [p.15] 클래스 최초설정일 2020-02-14 (ESTABLISHED)
CLASS000868,FUND000071,CW647,C-P,C-P,연금저축,오프라인,0,0,0.72,0.8,0.02,0.015,1.555,1.555,2019-10-23,ESTABLISHED,DOC000073,10|29|15,[p.10] 종류C-P; 코드 CW647; [p.29] 총보수 1.555%; [p.15] 클래스 최초설정일 2019-10-23 (ESTABLISHED)
CLASS000869,FUND000071,CW648,C-Pe,C-Pe,연금저축,온라인,0,0,0.72,0.4,0.02,0.015,1.155,1.155,2019-10-23,ESTABLISHED,DOC000073,10|29|15,[p.10] 종류C-Pe; 코드 CW648; [p.29] 총보수 1.155%; [p.15] 클래스 최초설정일 2019-10-23 (ESTABLISHED)
CLASS000870,FUND000071,CW649,C-P2,C-P2,퇴직연금,오프라인,0,0,0.72,0.64,0.02,0.015,1.395,1.395,2019-10-23,ESTABLISHED,DOC000073,10|29|15,[p.10] 종류C-P2; 코드 CW649; [p.29] 총보수 1.395%; [p.15] 클래스 최초설정일 2019-10-23 (ESTABLISHED)
CLASS000871,FUND000071,CW650,C-P2e,C-P2e,퇴직연금,온라인,0,0,0.72,0.32,0.02,0.015,1.075,1.075,2019-10-23,ESTABLISHED,DOC000073,10|29|15,[p.10] 종류C-P2e; 코드 CW650; [p.29] 총보수 1.075%; [p.15] 클래스 최초설정일 2019-10-23 (ESTABLISHED)
CLASS000872,FUND000072,AO190,C,C,일반,오프라인,0,0,0.21,0.49,0.03,0.02,0.75,0.77,2015-06-17,ESTABLISHED,DOC000074,8|21|11,[p.8] 종류C; 코드 AO190; [p.21] 총보수 0.75%; [p.11] 클래스 최초설정일 2015-06-17 (ESTABLISHED)
CLASS000873,FUND000072,BV305,C-P2e,C-P2e,퇴직연금,온라인,0,0,0.21,0.24,0.03,0.02,0.5,0.52,2018-01-09,ESTABLISHED,DOC000074,8|21|11,[p.8] 종류C-P2e; 코드 BV305; [p.21] 총보수 0.5%; [p.11] 클래스 최초설정일 2018-01-09 (ESTABLISHED)
CLASS000874,FUND000072,AO191,C-F,C-F,일반,기관,0,0,0.21,0,0.03,0.02,0.26,0.26,2014-01-15,ESTABLISHED,DOC000074,8|21|11,[p.8] 종류C-F; 코드 AO191; [p.21] 총보수 0.26%; [p.11] 클래스 최초설정일 2014-01-15 (ESTABLISHED)
CLASS000875,FUND000073,B5754,C-P,C-P,연금저축,오프라인,0,0,0.66,0.96,0.04,0.02,1.68,1.75,2015-09-22,ESTABLISHED,DOC000075,9|27|14,[p.9] 종류C-P; 코드 B5754; [p.27] 총보수 1.68%; [p.14] 클래스 최초설정일 2015-09-22 (ESTABLISHED)
CLASS000876,FUND000073,B5759,C-Pe,C-Pe,연금저축,온라인,0,0,0.66,0.48,0.04,0.02,1.2,1.27,2015-11-26,ESTABLISHED,DOC000075,9|27|14,[p.9] 종류C-Pe; 코드 B5759; [p.27] 총보수 1.2%; [p.14] 클래스 최초설정일 2015-11-26 (ESTABLISHED)
CLASS000877,FUND000073,B5760,C-P2,C-P2,퇴직연금,오프라인,0,0,0.66,0.85,0.04,0.02,1.57,1.64,2019-05-23,ESTABLISHED,DOC000075,9|27|14,[p.9] 종류C-P2; 코드 B5760; [p.27] 총보수 1.57%; [p.14] 클래스 최초설정일 2019-05-23 (ESTABLISHED)
CLASS000878,FUND000073,BZ164,C-P2e,C-P2e,퇴직연금,온라인,0,0,0.66,0.42,0.04,0.02,1.14,1.21,2019-03-07,ESTABLISHED,DOC000075,9|27|14,[p.9] 종류C-P2e; 코드 BZ164; [p.27] 총보수 1.14%; [p.14] 클래스 최초설정일 2019-03-07 (ESTABLISHED)
CLASS000879,FUND000073,B5761,C-F,C-F,일반,기관,0,0,0.66,0,0.04,0.02,0.72,0.77,,NOT_ESTABLISHED,DOC000075,9|27|14,[p.9] 종류C-F; 코드 B5761; [p.27] 총보수 0.72%; [p.14] 클래스 최초설정일 - (NOT_ESTABLISHED)
CLASS000880,FUND000074,A9498,C,C,일반,오프라인,0,0,0.15,0.2,0.02,0.01,0.38,0.39,2006-01-31,ESTABLISHED,DOC000076,8|22|12,[p.8] 종류C; 코드 A9498; [p.22] 총보수 0.38%; [p.12] 클래스 최초설정일 2006-01-31 (ESTABLISHED)
CLASS000881,FUND000074,BU301,C-P2e,C-P2e,퇴직연금,온라인,0,0,0.15,0.1,0.02,0.01,0.28,0.29,2017-08-17,ESTABLISHED,DOC000076,8|22|12,[p.8] 종류C-P2e; 코드 BU301; [p.22] 총보수 0.28%; [p.12] 클래스 최초설정일 2017-08-17 (ESTABLISHED)
CLASS000882,FUND000074,A9499,C-F,C-F,일반,기관,0,0,0.15,0,0.02,0.01,0.18,0.19,2012-04-18,ESTABLISHED,DOC000076,8|22|12,[p.8] 종류C-F; 코드 A9499; [p.22] 총보수 0.18%; [p.12] 클래스 최초설정일 2012-04-18 (ESTABLISHED)
CLASS000883,FUND000075,A9496,C,C,일반,오프라인,0,0,0.15,0.2,0.02,0.01,0.38,0.39,2006-01-02,ESTABLISHED,DOC000077,8|22|12,[p.8] 종류C; 코드 A9496; [p.22] 총보수 0.38%; [p.12] 클래스 최초설정일 2006-01-02 (ESTABLISHED)
CLASS000884,FUND000075,A9497,C-F,C-F,일반,기관,0,0,0.15,0,0.02,0.01,0.18,0.18,2012-08-29,ESTABLISHED,DOC000077,8|22|12,[p.8] 종류C-F; 코드 A9497; [p.22] 총보수 0.18%; [p.12] 클래스 최초설정일 2012-08-29 (ESTABLISHED)
CLASS000885,FUND000075,BV264,C-P2e,C-P2e,퇴직연금,온라인,0,0,0.15,0.1,0.02,0.01,0.28,0.28,,NOT_ESTABLISHED,DOC000077,8|22|12,[p.8] 종류C-P2e; 코드 BV264; [p.22] 총보수 0.28%; [p.12] 클래스 최초설정일 - (NOT_ESTABLISHED)
CLASS000886,FUND000075,D1083,C-P2I,C-P2I,퇴직연금,기관,0,0,0.15,0.05,0.02,0.01,0.23,0.23,2020-06-22,ESTABLISHED,DOC000077,8|22|12,[p.8] 종류C-P2I; 코드 D1083; [p.22] 총보수 0.23%; [p.12] 클래스 최초설정일 2020-06-22 (ESTABLISHED)
CLASS000887,FUND000076,48779,A,A,일반,오프라인,0,0,0.16,0.398,0.02,0.012,0.59,0.5923,2005-04-27,ESTABLISHED,DOC000078,9|36|37|38|52|53,"[p.9,36-38] A; 코드 48779; 총보수 0.59%; 총보수·비용 0.5923%; [p.52|53] 클래스 최초설정일 2005-04-27 (ESTABLISHED)"
CLASS000888,FUND000076,B4949,A-e,A-e,일반,온라인,0,0,0.16,0.199,0.02,0.012,0.391,0.3933,2015-06-22,ESTABLISHED,DOC000078,9|36|37|38|52|53,"[p.9,36-38] A-e; 코드 B4949; 총보수 0.391%; 총보수·비용 0.3933%; [p.52|53] 클래스 최초설정일 2015-06-22 (ESTABLISHED)"
CLASS000889,FUND000076,BP334,A-G,A-G,일반,오프라인,0,0,0.16,0.2985,0.02,0.012,0.4905,0.4905,2017-09-18,ESTABLISHED,DOC000078,9|36|37|38|52|53,"[p.9,36-38] A-G; 코드 BP334; 총보수 0.4905%; 총보수·비용 0.4905%; [p.52|53] 클래스 최초설정일 2017-09-18 (ESTABLISHED)"
CLASS000890,FUND000076,59042,B,B,일반,오프라인,0.3,0,0.16,0.2,0.02,0.012,0.392,0.3943,2006-08-04,ESTABLISHED,DOC000078,9|36|37|38|52|53,"[p.9,36-38] B; 코드 59042; 총보수 0.392%; 총보수·비용 0.3943%; [p.52|53] 클래스 최초설정일 2006-08-04 (ESTABLISHED)"
CLASS000891,FUND000076,E8606,B2,B2,일반,오프라인,0.4,0,0.16,0.1,0.02,0.012,0.292,0.2941,2024-03-20,ESTABLISHED,DOC000078,9|36|37|38|52|53,"[p.9,36-38] B2; 코드 E8606; 총보수 0.292%; 총보수·비용 0.2941%; [p.52|53] 클래스 최초설정일 2024-03-20 (ESTABLISHED)"
CLASS000892,FUND000076,CK371,B-e,B-e,일반,온라인,0.15,0,0.16,0.1,0.02,0.012,0.292,0.2944,2019-03-08,ESTABLISHED,DOC000078,9|36|37|38|52|53,"[p.9,36-38] B-e; 코드 CK371; 총보수 0.292%; 총보수·비용 0.2944%; [p.52|53] 클래스 최초설정일 2019-03-08 (ESTABLISHED)"
CLASS000893,FUND000076,BP339,B-G,B-G,일반,오프라인,0.225,0,0.16,0.15,0.02,0.012,0.342,0.3443,,NOT_DISCLOSED,DOC000078,9|36|37|38|52|53,"[p.9,36-38] B-G; 코드 BP339; 총보수 0.342%; 총보수·비용 0.3443%; [p.52|53] 클래스 최초설정일 - (NOT_DISCLOSED)"
CLASS000894,FUND000076,63114,I,I,일반,기관,0,0,0.16,0,0.02,0.012,0.192,0.1943,2006-12-15,ESTABLISHED,DOC000078,9|36|37|38|52|53,"[p.9,36-38] I; 코드 63114; 총보수 0.192%; 총보수·비용 0.1943%; [p.52|53] 클래스 최초설정일 2006-12-15 (ESTABLISHED)"
CLASS000895,FUND000076,AE960,C-I,C-I,일반,기관,0,0,0.16,0.02,0.02,0.012,0.212,0.2143,2015-06-24,ESTABLISHED,DOC000078,9|36|37|38|52|53,"[p.9,36-38] C-I; 코드 AE960; 총보수 0.212%; 총보수·비용 0.2143%; [p.52|53] 클래스 최초설정일 2015-06-24 (ESTABLISHED)"
CLASS000896,FUND000076,BB898,C-W,C-W,일반,랩,0,0,0.16,0,0.02,0.012,0.192,0.1943,2016-04-14,ESTABLISHED,DOC000078,9|36|37|38|52|53,"[p.9,36-38] C-W; 코드 BB898; 총보수 0.192%; 총보수·비용 0.1943%; [p.52|53] 클래스 최초설정일 2016-04-14 (ESTABLISHED)"
CLASS000897,FUND000076,B9535,C-P,C-P,퇴직연금,오프라인,0,0,0.16,0.16,0.02,0.012,0.352,0.3543,2015-12-09,ESTABLISHED,DOC000078,9|36|37|38|52|53,"[p.9,36-38] C-P; 코드 B9535; 총보수 0.352%; 총보수·비용 0.3543%; [p.52|53] 클래스 최초설정일 2015-12-09 (ESTABLISHED)"
CLASS000898,FUND000076,BU024,C-Pe,C-Pe,퇴직연금,온라인,0,0,0.16,0.08,0.02,0.012,0.272,0.2744,2017-08-17,ESTABLISHED,DOC000078,9|36|37|38|52|53,"[p.9,36-38] C-Pe; 코드 BU024; 총보수 0.272%; 총보수·비용 0.2744%; [p.52|53] 클래스 최초설정일 2017-08-17 (ESTABLISHED)"
CLASS000899,FUND000076,AO985,S,S,일반,온라인슈퍼,0,0.15,0.16,0.1,0.02,0.012,0.292,0.2939,2014-04-22,ESTABLISHED,DOC000078,9|36|37|38|52|53,"[p.9,36-38] S; 코드 AO985; 총보수 0.292%; 총보수·비용 0.2939%; [p.52|53] 클래스 최초설정일 2014-04-22 (ESTABLISHED)"
CLASS000900,FUND000076,AW579,C-P1,C-P1,연금저축,오프라인,0,0,0.16,0.279,0.02,0.012,0.471,0.4734,2014-11-10,ESTABLISHED,DOC000078,9|36|37|38|52|53,"[p.9,36-38] C-P1; 코드 AW579; 총보수 0.471%; 총보수·비용 0.4734%; [p.52|53] 클래스 최초설정일 2014-11-10 (ESTABLISHED)"
CLASS000901,FUND000076,BU025,C-P1e,C-P1e,연금저축,온라인,0,0,0.16,0.1395,0.02,0.012,0.3315,0.3339,2017-09-11,ESTABLISHED,DOC000078,9|36|37|38|52|53,"[p.9,36-38] C-P1e; 코드 BU025; 총보수 0.3315%; 총보수·비용 0.3339%; [p.52|53] 클래스 최초설정일 2017-09-11 (ESTABLISHED)"
CLASS000902,FUND000076,B1602,S-P,S-P,연금저축,온라인슈퍼,0,0,0.16,0.0837,0.02,0.012,0.2757,0.2778,2015-04-14,ESTABLISHED,DOC000078,9|36|37|38|52|53,"[p.9,36-38] S-P; 코드 B1602; 총보수 0.2757%; 총보수·비용 0.2778%; [p.52|53] 클래스 최초설정일 2015-04-14 (ESTABLISHED)"
CLASS000903,FUND000076,D9392,S-P(퇴직),S-P(퇴직),퇴직연금,온라인슈퍼,0,0,0.16,0.0737,0.02,0.012,0.2657,0.2671,2020-08-27,ESTABLISHED,DOC000078,9|36|37|38|52|53,"[p.9,36-38] S-P(퇴직); 코드 D9392; 총보수 0.2657%; 총보수·비용 0.2671%; [p.52|53] 클래스 최초설정일 2020-08-27 (ESTABLISHED)"
CLASS000904,FUND000077,EA910,A1,A1,일반,오프라인,0.3,0,0.075,0.1,0.015,0.01,0.2,0.2095,2024-05-08,ESTABLISHED,DOC000079,9|30|31|32|44|45,[p.9|30|31|32] A1; 코드 EA910; 총보수 0.2%; 총보수·비용 0.2095%; [p.44|45] 클래스 최초설정일 2024-05-08 (ESTABLISHED)
CLASS000905,FUND000077,EA911,A2,A2,일반,오프라인,0.2,0,0.075,0.2,0.015,0.01,0.3,0.3095,2024-05-20,ESTABLISHED,DOC000079,9|30|31|32|44|45,[p.9|30|31|32] A2; 코드 EA911; 총보수 0.3%; 총보수·비용 0.3095%; [p.44|45] 클래스 최초설정일 2024-05-20 (ESTABLISHED)
CLASS000906,FUND000077,EA912,A-e,A-e,일반,온라인,0.15,0,0.075,0.05,0.015,0.01,0.15,0.1595,2024-05-08,ESTABLISHED,DOC000079,9|30|31|32|44|45,[p.9|30|31|32] A-e; 코드 EA912; 총보수 0.15%; 총보수·비용 0.1595%; [p.44|45] 클래스 최초설정일 2024-05-08 (ESTABLISHED)
CLASS000907,FUND000077,EA913,C,C,일반,오프라인,0,0,0.075,0.3,0.015,0.01,0.4,0.4095,2024-05-08,ESTABLISHED,DOC000079,9|30|31|32|44|45,[p.9|30|31|32] C; 코드 EA913; 총보수 0.4%; 총보수·비용 0.4095%; [p.44|45] 클래스 최초설정일 2024-05-08 (ESTABLISHED)
CLASS000908,FUND000077,EA914,C-e,C-e,일반,온라인,0,0,0.075,0.15,0.015,0.01,0.25,0.2595,2024-05-08,ESTABLISHED,DOC000079,9|30|31|32|44|45,[p.9|30|31|32] C-e; 코드 EA914; 총보수 0.25%; 총보수·비용 0.2595%; [p.44|45] 클래스 최초설정일 2024-05-08 (ESTABLISHED)
CLASS000909,FUND000077,EA915,C-F,C-F,일반,기관,0,0,0.075,0.01,0.015,0.01,0.11,0.1195,2024-04-22,ESTABLISHED,DOC000079,9|30|31|32|44|45,[p.9|30|31|32] C-F; 코드 EA915; 총보수 0.11%; 총보수·비용 0.1195%; [p.44|45] 클래스 최초설정일 2024-04-22 (ESTABLISHED)
CLASS000910,FUND000077,EA916,C-I,C-I,일반,기관,0,0,0.075,0.03,0.015,0.01,0.13,0.1395,2024-04-22,ESTABLISHED,DOC000079,9|30|31|32|44|45,[p.9|30|31|32] C-I; 코드 EA916; 총보수 0.13%; 총보수·비용 0.1395%; [p.44|45] 클래스 최초설정일 2024-04-22 (ESTABLISHED)
CLASS000911,FUND000077,EA917,C-W,C-W,일반,랩,0,0,0.075,0,0.015,0.01,0.1,0.1095,2024-08-02,ESTABLISHED,DOC000079,9|30|31|32|44|45,[p.9|30|31|32] C-W; 코드 EA917; 총보수 0.1%; 총보수·비용 0.1095%; [p.44|45] 클래스 최초설정일 2024-08-02 (ESTABLISHED)
CLASS000912,FUND000077,EA918,S,S,일반,온라인슈퍼,0,0.15,0.075,0.04,0.015,0.01,0.14,0.1495,2024-06-20,ESTABLISHED,DOC000079,9|30|31|32|44|45,[p.9|30|31|32] S; 코드 EA918; 총보수 0.14%; 총보수·비용 0.1495%; [p.44|45] 클래스 최초설정일 2024-06-20 (ESTABLISHED)
CLASS000913,FUND000077,EA919,C-P,C-P,퇴직연금,오프라인,0,0,0.075,0.2,0.015,0.01,0.3,0.3095,2024-05-20,ESTABLISHED,DOC000079,9|30|31|32|44|45,[p.9|30|31|32] C-P; 코드 EA919; 총보수 0.3%; 총보수·비용 0.3095%; [p.44|45] 클래스 최초설정일 2024-05-20 (ESTABLISHED)
CLASS000914,FUND000077,EA920,C-Pe,C-Pe,퇴직연금,온라인,0,0,0.075,0.1,0.015,0.01,0.2,0.2095,2024-05-23,ESTABLISHED,DOC000079,9|30|31|32|44|45,[p.9|30|31|32] C-Pe; 코드 EA920; 총보수 0.2%; 총보수·비용 0.2095%; [p.44|45] 클래스 최초설정일 2024-05-23 (ESTABLISHED)
CLASS000915,FUND000077,EA921,C-Pi,C-Pi,퇴직연금,기관,0,0,0.075,0.04,0.015,0.01,0.14,0.14,,NOT_DISCLOSED,DOC000079,9|30|31|32|44|45,[p.9|30|31|32] C-Pi; 코드 EA921; 총보수 0.14%; 총보수·비용 0.14%; [p.44|45] 클래스 최초설정일 - (NOT_DISCLOSED)
CLASS000916,FUND000077,EA922,S-P(퇴직),S-P(퇴직),퇴직연금,온라인슈퍼,0,0,0.075,0.05,0.015,0.01,0.15,0.1595,2024-06-21,ESTABLISHED,DOC000079,9|30|31|32|44|45,[p.9|30|31|32] S-P(퇴직); 코드 EA922; 총보수 0.15%; 총보수·비용 0.1595%; [p.44|45] 클래스 최초설정일 2024-06-21 (ESTABLISHED)
CLASS000917,FUND000077,EA923,C-P1,C-P1,연금저축,오프라인,0,0,0.075,0.14,0.015,0.01,0.24,0.2495,2025-01-31,ESTABLISHED,DOC000079,9|30|31|32|44|45,[p.9|30|31|32] C-P1; 코드 EA923; 총보수 0.24%; 총보수·비용 0.2495%; [p.44|45] 클래스 최초설정일 2025-01-31 (ESTABLISHED)
CLASS000918,FUND000077,EA924,C-P1e,C-P1e,연금저축,온라인,0,0,0.075,0.07,0.015,0.01,0.17,0.1795,2024-05-08,ESTABLISHED,DOC000079,9|30|31|32|44|45,[p.9|30|31|32] C-P1e; 코드 EA924; 총보수 0.17%; 총보수·비용 0.1795%; [p.44|45] 클래스 최초설정일 2024-05-08 (ESTABLISHED)
CLASS000919,FUND000077,EA925,S-P,S-P,연금저축,온라인슈퍼,0,0,0.075,0.055,0.015,0.01,0.155,0.1645,2024-06-20,ESTABLISHED,DOC000079,9|30|31|32|44|45,[p.9|30|31|32] S-P; 코드 EA925; 총보수 0.155%; 총보수·비용 0.1645%; [p.44|45] 클래스 최초설정일 2024-06-20 (ESTABLISHED)
CLASS000920,FUND000078,98749,C,C,일반,오프라인,0,0,0.15,0.398,0.01,0.01,0.568,0.5703,2011-01-17,ESTABLISHED,DOC000080,11|40|41|54|55,[p.11|40|41] C; 코드 98749; 총보수 0.568%; 총보수·비용 0.5703%; [p.54|55] 클래스 최초설정일 2011-01-17 (ESTABLISHED)
CLASS000921,FUND000078,98750,C-e,C-e,일반,온라인,0,0,0.15,0.32,0.01,0.01,0.49,0.4923,2011-01-17,ESTABLISHED,DOC000080,11|40|41|54|55,[p.11|40|41] C-e; 코드 98750; 총보수 0.49%; 총보수·비용 0.4923%; [p.54|55] 클래스 최초설정일 2011-01-17 (ESTABLISHED)
CLASS000922,FUND000078,CC030,C-G,C-G,일반,오프라인,0,0,0.15,0.2985,0.01,0.01,0.4685,0.4685,,NOT_DISCLOSED,DOC000080,11|40|41|54|55,[p.11|40|41] C-G; 코드 CC030; 총보수 0.4685%; 총보수·비용 0.4685%; [p.54|55] 클래스 최초설정일 - (NOT_DISCLOSED)
CLASS000923,FUND000078,98751,C-F,C-F,일반,기관,0,0,0.15,0,0.01,0.01,0.17,0.1723,,NOT_DISCLOSED,DOC000080,11|40|41|54|55,[p.11|40|41] C-F; 코드 98751; 총보수 0.17%; 총보수·비용 0.1723%; [p.54|55] 클래스 최초설정일 - (NOT_DISCLOSED)
CLASS000924,FUND000078,A0185,C-I,C-I,일반,기관,0,0,0.15,0.01,0.01,0.01,0.18,0.1823,,NOT_DISCLOSED,DOC000080,11|40|41|54|55,[p.11|40|41] C-I; 코드 A0185; 총보수 0.18%; 총보수·비용 0.1823%; [p.54|55] 클래스 최초설정일 - (NOT_DISCLOSED)
CLASS000925,FUND000078,BJ308,A,A,일반,오프라인,0.2,0,0.15,0.05,0.01,0.01,0.22,0.2223,2017-01-19,ESTABLISHED,DOC000080,11|40|41|54|55,[p.11|40|41] A; 코드 BJ308; 총보수 0.22%; 총보수·비용 0.2223%; [p.54|55] 클래스 최초설정일 2017-01-19 (ESTABLISHED)
CLASS000926,FUND000078,BJ311,A-e,A-e,일반,온라인,0.1,0,0.15,0.03,0.01,0.01,0.2,0.2023,2017-01-18,ESTABLISHED,DOC000080,11|40|41|54|55,[p.11|40|41] A-e; 코드 BJ311; 총보수 0.2%; 총보수·비용 0.2023%; [p.54|55] 클래스 최초설정일 2017-01-18 (ESTABLISHED)
CLASS000927,FUND000078,CC029,A-G,A-G,일반,오프라인,0.15,0,0.15,0.0375,0.01,0.01,0.2075,0.2075,,NOT_DISCLOSED,DOC000080,11|40|41|54|55,[p.11|40|41] A-G; 코드 CC029; 총보수 0.2075%; 총보수·비용 0.2075%; [p.54|55] 클래스 최초설정일 - (NOT_DISCLOSED)
CLASS000928,FUND000078,CC031,C-P,C-P,퇴직연금,오프라인,0,0,0.15,0.16,0.01,0.01,0.33,0.3322,2018-10-15,ESTABLISHED,DOC000080,11|40|41|54|55,[p.11|40|41] C-P; 코드 CC031; 총보수 0.33%; 총보수·비용 0.3322%; [p.54|55] 클래스 최초설정일 2018-10-15 (ESTABLISHED)
CLASS000929,FUND000078,CC033,C-Pe,C-Pe,퇴직연금,온라인,0,0,0.15,0.08,0.01,0.01,0.25,0.252,2018-10-02,ESTABLISHED,DOC000080,11|40|41|54|55,[p.11|40|41] C-Pe; 코드 CC033; 총보수 0.25%; 총보수·비용 0.252%; [p.54|55] 클래스 최초설정일 2018-10-02 (ESTABLISHED)
CLASS000930,FUND000078,CC034,C-P1,C-P1,연금저축,오프라인,0,0,0.15,0.279,0.01,0.01,0.449,0.449,2018-12-26,ESTABLISHED,DOC000080,11|40|41|54|55,[p.11|40|41] C-P1; 코드 CC034; 총보수 0.449%; 총보수·비용 0.449%; [p.54|55] 클래스 최초설정일 2018-12-26 (ESTABLISHED)
CLASS000931,FUND000078,CC032,C-P1e,C-P1e,연금저축,온라인,0,0,0.15,0.1395,0.01,0.01,0.3095,0.3095,2018-08-16,ESTABLISHED,DOC000080,11|40|41|54|55,[p.11|40|41] C-P1e; 코드 CC032; 총보수 0.3095%; 총보수·비용 0.3095%; [p.54|55] 클래스 최초설정일 2018-08-16 (ESTABLISHED)
CLASS000932,FUND000078,BJ312,S,S,일반,온라인슈퍼,0,0.15,0.15,0.03,0.01,0.01,0.2,0.2,2016-12-13,ESTABLISHED,DOC000080,11|40|41|54|55,[p.11|40|41] S; 코드 BJ312; 총보수 0.2%; 총보수·비용 0.2%; [p.54|55] 클래스 최초설정일 2016-12-13 (ESTABLISHED)
CLASS000933,FUND000078,CC321,S-P,S-P,연금저축,온라인슈퍼,0,0,0.15,0.024,0.01,0.01,0.194,0.194,2018-07-18,ESTABLISHED,DOC000080,11|40|41|54|55,[p.11|40|41] S-P; 코드 CC321; 총보수 0.194%; 총보수·비용 0.194%; [p.54|55] 클래스 최초설정일 2018-07-18 (ESTABLISHED)
CLASS000934,FUND000078,D4450,S-P(퇴직),S-P(퇴직),퇴직연금,온라인슈퍼,0,0,0.15,0.02,0.01,0.01,0.19,0.19,2020-08-05,ESTABLISHED,DOC000080,11|40|41|54|55,[p.11|40|41] S-P(퇴직); 코드 D4450; 총보수 0.19%; 총보수·비용 0.19%; [p.54|55] 클래스 최초설정일 2020-08-05 (ESTABLISHED)
CLASS000935,FUND000079,BB039,A,A,일반,오프라인,0.05,0,0.075,0.15,0.015,0.01,0.25,0.2594,2016-03-16,ESTABLISHED,DOC000081,8|29|30|31|44,[p.8|29|30|31] A; 코드 BB039; 총보수 0.25%; 총보수·비용 0.2594%; [p.44] 클래스 최초설정일 2016-03-16 (ESTABLISHED)
CLASS000936,FUND000079,BF762,A2,A2,일반,오프라인,0.15,0,0.075,0,0.015,0.01,0.1,0.1095,2016-08-10,ESTABLISHED,DOC000081,8|29|30|31|44,[p.8|29|30|31] A2; 코드 BF762; 총보수 0.1%; 총보수·비용 0.1095%; [p.44] 클래스 최초설정일 2016-08-10 (ESTABLISHED)
CLASS000937,FUND000079,BB040,A-e,A-e,일반,온라인,0.03,0,0.075,0.1,0.015,0.01,0.2,0.2094,2016-04-21,ESTABLISHED,DOC000081,8|29|30|31|44,[p.8|29|30|31] A-e; 코드 BB040; 총보수 0.2%; 총보수·비용 0.2094%; [p.44] 클래스 최초설정일 2016-04-21 (ESTABLISHED)
CLASS000938,FUND000079,BP340,A-G,A-G,일반,오프라인,0.0375,0,0.075,0.1125,0.015,0.01,0.2125,0.2195,2018-06-08,ESTABLISHED,DOC000081,8|29|30|31|44,[p.8|29|30|31] A-G; 코드 BP340; 총보수 0.2125%; 총보수·비용 0.2195%; [p.44] 클래스 최초설정일 2018-06-08 (ESTABLISHED)
CLASS000939,FUND000079,BB021,C,C,일반,오프라인,0,0,0.075,0.35,0.015,0.01,0.45,0.4594,2016-03-16,ESTABLISHED,DOC000081,8|29|30|31|44,[p.8|29|30|31] C; 코드 BB021; 총보수 0.45%; 총보수·비용 0.4594%; [p.44] 클래스 최초설정일 2016-03-16 (ESTABLISHED)
CLASS000940,FUND000079,BB022,C-e,C-e,일반,온라인,0,0,0.075,0.175,0.015,0.01,0.275,0.2844,2016-04-19,ESTABLISHED,DOC000081,8|29|30|31|44,[p.8|29|30|31] C-e; 코드 BB022; 총보수 0.275%; 총보수·비용 0.2844%; [p.44] 클래스 최초설정일 2016-04-19 (ESTABLISHED)
CLASS000941,FUND000079,BP341,C-G,C-G,일반,오프라인,0,0,0.075,0.2625,0.015,0.01,0.3625,0.3701,2017-06-09,ESTABLISHED,DOC000081,8|29|30|31|44,[p.8|29|30|31] C-G; 코드 BP341; 총보수 0.3625%; 총보수·비용 0.3701%; [p.44] 클래스 최초설정일 2017-06-09 (ESTABLISHED)
CLASS000942,FUND000079,BH601,C-F,C-F,일반,기관,0,0,0.075,0.018,0.015,0.01,0.118,0.1275,2016-09-07,ESTABLISHED,DOC000081,8|29|30|31|44,[p.8|29|30|31] C-F; 코드 BH601; 총보수 0.118%; 총보수·비용 0.1275%; [p.44] 클래스 최초설정일 2016-09-07 (ESTABLISHED)
CLASS000943,FUND000079,BB025,C-P,C-P,퇴직연금,오프라인,0,0,0.075,0.23,0.015,0.01,0.33,0.3394,2017-04-10,ESTABLISHED,DOC000081,8|29|30|31|44,[p.8|29|30|31] C-P; 코드 BB025; 총보수 0.33%; 총보수·비용 0.3394%; [p.44] 클래스 최초설정일 2017-04-10 (ESTABLISHED)
CLASS000944,FUND000079,BU014,C-Pe,C-Pe,퇴직연금,온라인,0,0,0.075,0.115,0.015,0.01,0.215,0.2245,2017-08-29,ESTABLISHED,DOC000081,8|29|30|31|44,[p.8|29|30|31] C-Pe; 코드 BU014; 총보수 0.215%; 총보수·비용 0.2245%; [p.44] 클래스 최초설정일 2017-08-29 (ESTABLISHED)
CLASS000945,FUND000079,BB024,C-W,C-W,일반,랩,0,0,0.075,0,0.015,0.01,0.1,0.1094,2017-02-13,ESTABLISHED,DOC000081,8|29|30|31|44,[p.8|29|30|31] C-W; 코드 BB024; 총보수 0.1%; 총보수·비용 0.1094%; [p.44] 클래스 최초설정일 2017-02-13 (ESTABLISHED)
CLASS000946,FUND000079,BB026,C-P1,C-P1,연금저축,오프라인,0,0,0.075,0.28,0.015,0.01,0.38,0.3895,2017-02-02,ESTABLISHED,DOC000081,8|29|30|31|44,[p.8|29|30|31] C-P1; 코드 BB026; 총보수 0.38%; 총보수·비용 0.3895%; [p.44] 클래스 최초설정일 2017-02-02 (ESTABLISHED)
CLASS000947,FUND000079,BU015,C-P1e,C-P1e,연금저축,온라인,0,0,0.075,0.14,0.015,0.01,0.24,0.2495,2017-10-20,ESTABLISHED,DOC000081,8|29|30|31|44,[p.8|29|30|31] C-P1e; 코드 BU015; 총보수 0.24%; 총보수·비용 0.2495%; [p.44] 클래스 최초설정일 2017-10-20 (ESTABLISHED)
CLASS000948,FUND000079,D9389,S,S,일반,온라인슈퍼,0,0.15,0.075,0.09,0.015,0.01,0.19,0.1994,2024-12-16,ESTABLISHED,DOC000081,8|29|30|31|44,[p.8|29|30|31] S; 코드 D9389; 총보수 0.19%; 총보수·비용 0.1994%; [p.44] 클래스 최초설정일 2024-12-16 (ESTABLISHED)
CLASS000949,FUND000079,D9390,S-P,S-P,연금저축,온라인슈퍼,0,0,0.075,0.07,0.015,0.01,0.17,0.1794,2024-12-13,ESTABLISHED,DOC000081,8|29|30|31|44,[p.8|29|30|31] S-P; 코드 D9390; 총보수 0.17%; 총보수·비용 0.1794%; [p.44] 클래스 최초설정일 2024-12-13 (ESTABLISHED)
CLASS000950,FUND000079,D9391,S-P(퇴직),S-P(퇴직),퇴직연금,온라인슈퍼,0,0,0.075,0.06,0.015,0.01,0.16,0.1692,2020-09-04,ESTABLISHED,DOC000081,8|29|30|31|44,[p.8|29|30|31] S-P(퇴직); 코드 D9391; 총보수 0.16%; 총보수·비용 0.1692%; [p.44] 클래스 최초설정일 2020-09-04 (ESTABLISHED)
CLASS000951,FUND000080,31638,투자신탁,투자신탁,연금저축,오프라인,0,0,0.09,0.2,0.02,0,0.31,0.3174,2001-02-23,ESTABLISHED,DOC000082,3|23|3|32,"[p.3,23] 단일 투자신탁; 총보수 0.3100%; 기타비용 0.0074%; 총보수·비용 0.3174%; [p.3|32] 클래스 최초설정일 2001-02-23 (ESTABLISHED)"
CLASS000952,FUND000081,AS325,A1,A1,일반,오프라인,0.1,0,0.1,0.15,0.015,0.01,0.275,0.288,2014-08-13,ESTABLISHED,DOC000083,8|26|27|28|40|41|42,"[p.8,26-28] A1; 코드 AS325; 총보수 0.275%; 총보수·비용 0.288%; [p.40|41|42] 클래스 최초설정일 2014-08-13 (ESTABLISHED)"
CLASS000953,FUND000081,AS326,C1,C1,일반,오프라인,0,0,0.1,0.25,0.015,0.01,0.375,0.388,2014-05-13,ESTABLISHED,DOC000083,8|26|27|28|40|41|42,"[p.8,26-28] C1; 코드 AS326; 총보수 0.375%; 총보수·비용 0.388%; [p.40|41|42] 클래스 최초설정일 2014-05-13 (ESTABLISHED)"
CLASS000954,FUND000081,B2588,C-F,C-F,일반,기관,0,0,0.1,0.02,0.015,0.01,0.145,0.158,2016-01-20,ESTABLISHED,DOC000083,8|26|27|28|40|41|42,"[p.8,26-28] C-F; 코드 B2588; 총보수 0.145%; 총보수·비용 0.158%; [p.40|41|42] 클래스 최초설정일 2016-01-20 (ESTABLISHED)"
CLASS000955,FUND000081,BB609,A-e,A-e,일반,온라인,0.05,0,0.1,0.075,0.015,0.01,0.2,0.2129,2016-03-15,ESTABLISHED,DOC000083,8|26|27|28|40|41|42,"[p.8,26-28] A-e; 코드 BB609; 총보수 0.2%; 총보수·비용 0.2129%; [p.40|41|42] 클래스 최초설정일 2016-03-15 (ESTABLISHED)"
CLASS000956,FUND000081,BB610,C-e,C-e,일반,온라인,0,0,0.1,0.125,0.015,0.01,0.25,0.263,2016-03-15,ESTABLISHED,DOC000083,8|26|27|28|40|41|42,"[p.8,26-28] C-e; 코드 BB610; 총보수 0.25%; 총보수·비용 0.263%; [p.40|41|42] 클래스 최초설정일 2016-03-15 (ESTABLISHED)"
CLASS000957,FUND000081,BB611,C-W,C-W,일반,랩,0,0,0.1,0,0.015,0.01,0.125,0.138,2016-03-15,ESTABLISHED,DOC000083,8|26|27|28|40|41|42,"[p.8,26-28] C-W; 코드 BB611; 총보수 0.125%; 총보수·비용 0.138%; [p.40|41|42] 클래스 최초설정일 2016-03-15 (ESTABLISHED)"
CLASS000958,FUND000081,BB612,S,S,일반,온라인슈퍼,0,0.15,0.1,0.075,0.015,0.01,0.2,0.2107,2018-09-21,ESTABLISHED,DOC000083,8|26|27|28|40|41|42,"[p.8,26-28] S; 코드 BB612; 총보수 0.2%; 총보수·비용 0.2107%; [p.40|41|42] 클래스 최초설정일 2018-09-21 (ESTABLISHED)"
CLASS000959,FUND000081,BE012,C-P,C-P,연금저축,오프라인,0,0,0.1,0.21,0.015,0.01,0.335,0.3481,2018-02-09,ESTABLISHED,DOC000083,8|26|27|28|40|41|42,"[p.8,26-28] C-P; 코드 BE012; 총보수 0.335%; 총보수·비용 0.3481%; [p.40|41|42] 클래스 최초설정일 2018-02-09 (ESTABLISHED)"
CLASS000960,FUND000081,BE013,C-P2(퇴직연금),C-P2(퇴직연금),퇴직연금,오프라인,0,0,0.1,0.2,0.015,0.01,0.325,0.3373,2016-06-08,ESTABLISHED,DOC000083,8|26|27|28|40|41|42,"[p.8,26-28] C-P2(퇴직연금); 코드 BE013; 총보수 0.325%; 총보수·비용 0.3373%; [p.40|41|42] 클래스 최초설정일 2016-06-08 (ESTABLISHED)"
CLASS000961,FUND000081,BJ693,C-I,C-I,일반,기관,0,0,0.1,0.03,0.015,0.01,0.155,0.155,,NOT_DISCLOSED,DOC000083,8|26|27|28|40|41|42,"[p.8,26-28] C-I; 코드 BJ693; 총보수 0.155%; 총보수·비용 0.155%; [p.40|41|42] 클래스 최초설정일 - (NOT_DISCLOSED)"
CLASS000962,FUND000081,BJ694,C-I2,C-I2,일반,기관,0,0,0.1,0.06,0.015,0.01,0.185,0.185,,NOT_DISCLOSED,DOC000083,8|26|27|28|40|41|42,"[p.8,26-28] C-I2; 코드 BJ694; 총보수 0.185%; 총보수·비용 0.185%; [p.40|41|42] 클래스 최초설정일 - (NOT_DISCLOSED)"
CLASS000963,FUND000081,DW245,C-Pe,C-Pe,연금저축,온라인,0,0,0.1,0.105,0.015,0.01,0.23,0.2424,2022-10-25,ESTABLISHED,DOC000083,8|26|27|28|40|41|42,"[p.8,26-28] C-Pe; 코드 DW245; 총보수 0.23%; 총보수·비용 0.2424%; [p.40|41|42] 클래스 최초설정일 2022-10-25 (ESTABLISHED)"
CLASS000964,FUND000081,DW246,C-P2e(퇴직연금),C-P2e(퇴직연금),퇴직연금,온라인,0,0,0.1,0.1,0.015,0.01,0.225,0.2381,2022-10-27,ESTABLISHED,DOC000083,8|26|27|28|40|41|42,"[p.8,26-28] C-P2e(퇴직연금); 코드 DW246; 총보수 0.225%; 총보수·비용 0.2381%; [p.40|41|42] 클래스 최초설정일 2022-10-27 (ESTABLISHED)"
CLASS000965,FUND000082,CW278,C,C,퇴직연금,오프라인,0,0,0.15,0.2,0.02,0,0.37,0.3821,2019-09-20,ESTABLISHED,DOC000084,11|12|31|39|40,"[p.11-12,31] C; 코드 CW278; 총보수 0.37%; 총보수·비용 0.3821%; [p.39|40] 클래스 최초설정일 2019-09-20 (ESTABLISHED)"
CLASS000966,FUND000082,CW279,C-e,C-e,퇴직연금,온라인,0,0,0.15,0.1,0.02,0,0.27,0.282,2019-11-06,ESTABLISHED,DOC000084,11|12|31|39|40,"[p.11-12,31] C-e; 코드 CW279; 총보수 0.27%; 총보수·비용 0.282%; [p.39|40] 클래스 최초설정일 2019-11-06 (ESTABLISHED)"
CLASS000967,FUND000082,D0998,C-I,C-I,퇴직연금,기관,0,0,0.15,0.05,0.02,0,0.22,0.22,,NOT_DISCLOSED,DOC000084,11|12|31|39|40,"[p.11-12,31] C-I; 코드 D0998; 총보수 0.22%; 총보수·비용 0.22%; [p.39|40] 클래스 최초설정일 - (NOT_DISCLOSED)"
CLASS000968,FUND000083,BN895,A,A,일반,오프라인,0.1,0,0.05,0.2,0.015,0.01,0.275,0.2847,2017-12-15,ESTABLISHED,DOC000085,8|24|25|26|39|40|41,"[p.8,24-26] A; 코드 BN895; 총보수 0.275%; 총보수·비용 0.2847%; [p.39|40|41] 클래스 최초설정일 2017-12-15 (ESTABLISHED)"
CLASS000969,FUND000083,BN896,A-e,A-e,일반,온라인,0.05,0,0.05,0.1,0.015,0.01,0.175,0.1847,2017-12-15,ESTABLISHED,DOC000085,8|24|25|26|39|40|41,"[p.8,24-26] A-e; 코드 BN896; 총보수 0.175%; 총보수·비용 0.1847%; [p.39|40|41] 클래스 최초설정일 2017-12-15 (ESTABLISHED)"
CLASS000970,FUND000083,BN897,C,C,일반,오프라인,0,0,0.05,0.25,0.015,0.01,0.325,0.3347,2017-12-15,ESTABLISHED,DOC000085,8|24|25|26|39|40|41,"[p.8,24-26] C; 코드 BN897; 총보수 0.325%; 총보수·비용 0.3347%; [p.39|40|41] 클래스 최초설정일 2017-12-15 (ESTABLISHED)"
CLASS000971,FUND000083,BN898,C-e,C-e,일반,온라인,0,0,0.05,0.125,0.015,0.01,0.2,0.2097,2017-12-15,ESTABLISHED,DOC000085,8|24|25|26|39|40|41,"[p.8,24-26] C-e; 코드 BN898; 총보수 0.2%; 총보수·비용 0.2097%; [p.39|40|41] 클래스 최초설정일 2017-12-15 (ESTABLISHED)"
CLASS000972,FUND000083,BN899,C-I,C-I,일반,기관,0,0,0.05,0.05,0.015,0.01,0.125,0.1347,2024-08-21,ESTABLISHED,DOC000085,8|24|25|26|39|40|41,"[p.8,24-26] C-I; 코드 BN899; 총보수 0.125%; 총보수·비용 0.1347%; [p.39|40|41] 클래스 최초설정일 2024-08-21 (ESTABLISHED)"
CLASS000973,FUND000083,BN900,C-F,C-F,일반,기관,0,0,0.05,0.02,0.015,0.01,0.095,0.1047,2017-12-13,ESTABLISHED,DOC000085,8|24|25|26|39|40|41,"[p.8,24-26] C-F; 코드 BN900; 총보수 0.095%; 총보수·비용 0.1047%; [p.39|40|41] 클래스 최초설정일 2017-12-13 (ESTABLISHED)"
CLASS000974,FUND000083,BN901,C-W,C-W,일반,랩,0,0,0.05,0,0.015,0.01,0.075,0.0844,2018-09-19,ESTABLISHED,DOC000085,8|24|25|26|39|40|41,"[p.8,24-26] C-W; 코드 BN901; 총보수 0.075%; 총보수·비용 0.0844%; [p.39|40|41] 클래스 최초설정일 2018-09-19 (ESTABLISHED)"
CLASS000975,FUND000083,BN902,C-P,C-P,연금저축,오프라인,0,0,0.05,0.22,0.015,0.01,0.295,0.3046,2017-12-21,ESTABLISHED,DOC000085,8|24|25|26|39|40|41,"[p.8,24-26] C-P; 코드 BN902; 총보수 0.295%; 총보수·비용 0.3046%; [p.39|40|41] 클래스 최초설정일 2017-12-21 (ESTABLISHED)"
CLASS000976,FUND000083,BN903,C-P2(퇴직연금),C-P2(퇴직연금),퇴직연금,오프라인,0,0,0.05,0.21,0.015,0.01,0.285,0.2947,2018-04-03,ESTABLISHED,DOC000085,8|24|25|26|39|40|41,"[p.8,24-26] C-P2(퇴직연금); 코드 BN903; 총보수 0.285%; 총보수·비용 0.2947%; [p.39|40|41] 클래스 최초설정일 2018-04-03 (ESTABLISHED)"
CLASS000977,FUND000083,BN904,S,S,일반,온라인슈퍼,0,0.15,0.05,0.08,0.015,0.01,0.155,0.1644,2023-09-12,ESTABLISHED,DOC000085,8|24|25|26|39|40|41,"[p.8,24-26] S; 코드 BN904; 총보수 0.155%; 총보수·비용 0.1644%; [p.39|40|41] 클래스 최초설정일 2023-09-12 (ESTABLISHED)"
CLASS000978,FUND000083,C1127,C-Pe,C-Pe,연금저축,온라인,0,0,0.05,0.11,0.015,0.01,0.185,0.1947,2017-12-15,ESTABLISHED,DOC000085,8|24|25|26|39|40|41,"[p.8,24-26] C-Pe; 코드 C1127; 총보수 0.185%; 총보수·비용 0.1947%; [p.39|40|41] 클래스 최초설정일 2017-12-15 (ESTABLISHED)"
CLASS000979,FUND000083,C1128,C-P2e(퇴직연금),C-P2e(퇴직연금),퇴직연금,온라인,0,0,0.05,0.1,0.015,0.01,0.175,0.1847,2018-06-25,ESTABLISHED,DOC000085,8|24|25|26|39|40|41,"[p.8,24-26] C-P2e(퇴직연금); 코드 C1128; 총보수 0.175%; 총보수·비용 0.1847%; [p.39|40|41] 클래스 최초설정일 2018-06-25 (ESTABLISHED)"
CLASS000980,FUND000083,C1129,AG,AG,일반,오프라인,0.07,0,0.05,0.15,0.015,0.01,0.225,0.225,,NOT_DISCLOSED,DOC000085,8|24|25|26|39|40|41,"[p.8,24-26] AG; 코드 C1129; 총보수 0.225%; 총보수·비용 0.225%; [p.39|40|41] 클래스 최초설정일 - (NOT_DISCLOSED)"
CLASS000981,FUND000083,C1130,CG,CG,일반,오프라인,0,0,0.05,0.18,0.015,0.01,0.255,0.255,,NOT_DISCLOSED,DOC000085,8|24|25|26|39|40|41,"[p.8,24-26] CG; 코드 C1130; 총보수 0.255%; 총보수·비용 0.255%; [p.39|40|41] 클래스 최초설정일 - (NOT_DISCLOSED)"
CLASS000982,FUND000084,A9257,A1,A1,일반,오프라인,0.8,0,0.4,0.4,0.03,0.015,0.845,0.847,2012-04-09,ESTABLISHED,DOC000086,10|11|34|35|36|49|50|51,[p.10|11|34|35|36] A1; 코드 A9257; 총보수 0.845%; 총보수·비용 0.847%; [p.49|50|51] 클래스 최초설정일 2012-04-09 (ESTABLISHED)
CLASS000983,FUND000084,A9796,A-e,A-e,일반,온라인,0.4,0,0.4,0.2,0.03,0.015,0.645,0.6469,2012-04-09,ESTABLISHED,DOC000086,10|11|34|35|36|49|50|51,[p.10|11|34|35|36] A-e; 코드 A9796; 총보수 0.645%; 총보수·비용 0.6469%; [p.49|50|51] 클래스 최초설정일 2012-04-09 (ESTABLISHED)
CLASS000984,FUND000084,A9258,C1,C1,일반,오프라인,0,0,0.4,0.8,0.03,0.015,1.245,1.2468,2012-04-09,ESTABLISHED,DOC000086,10|11|34|35|36|49|50|51,[p.10|11|34|35|36] C1; 코드 A9258; 총보수 1.245%; 총보수·비용 1.2468%; [p.49|50|51] 클래스 최초설정일 2012-04-09 (ESTABLISHED)
CLASS000985,FUND000084,A9259,C-e,C-e,일반,온라인,0,0,0.4,0.4,0.03,0.015,0.845,0.8468,2012-04-09,ESTABLISHED,DOC000086,10|11|34|35|36|49|50|51,[p.10|11|34|35|36] C-e; 코드 A9259; 총보수 0.845%; 총보수·비용 0.8468%; [p.49|50|51] 클래스 최초설정일 2012-04-09 (ESTABLISHED)
CLASS000986,FUND000084,A9260,C-F,C-F,일반,기관,0,0,0.4,0.03,0.03,0.015,0.475,0.475,,NOT_DISCLOSED,DOC000086,10|11|34|35|36|49|50|51,[p.10|11|34|35|36] C-F; 코드 A9260; 총보수 0.475%; 총보수·비용 0.475%; [p.49|50|51] 클래스 최초설정일 - (NOT_DISCLOSED)
CLASS000987,FUND000084,A9261,C-W,C-W,일반,랩,0,0,0.4,0.1,0.03,0.015,0.545,0.545,2012-04-19,ESTABLISHED,DOC000086,10|11|34|35|36|49|50|51,[p.10|11|34|35|36] C-W; 코드 A9261; 총보수 0.545%; 총보수·비용 0.545%; [p.49|50|51] 클래스 최초설정일 2012-04-19 (ESTABLISHED)
CLASS000988,FUND000084,AL731,C-P,C-P,연금저축,오프라인,0,0,0.4,0.5,0.03,0.015,0.945,0.9468,2013-12-02,ESTABLISHED,DOC000086,10|11|34|35|36|49|50|51,[p.10|11|34|35|36] C-P; 코드 AL731; 총보수 0.945%; 총보수·비용 0.9468%; [p.49|50|51] 클래스 최초설정일 2013-12-02 (ESTABLISHED)
CLASS000989,FUND000084,AQ740,S,S,일반,온라인슈퍼,0,0.15,0.4,0.2,0.03,0.015,0.645,0.6463,2014-04-22,ESTABLISHED,DOC000086,10|11|34|35|36|49|50|51,[p.10|11|34|35|36] S; 코드 AQ740; 총보수 0.645%; 총보수·비용 0.6463%; [p.49|50|51] 클래스 최초설정일 2014-04-22 (ESTABLISHED)
CLASS000990,FUND000084,BI295,C-P2(퇴직연금),C-P2(퇴직연금),퇴직연금,오프라인,0,0,0.4,0.45,0.03,0.015,0.895,0.8971,2016-11-24,ESTABLISHED,DOC000086,10|11|34|35|36|49|50|51,[p.10|11|34|35|36] C-P2(퇴직연금); 코드 BI295; 총보수 0.895%; 총보수·비용 0.8971%; [p.49|50|51] 클래스 최초설정일 2016-11-24 (ESTABLISHED)
CLASS000991,FUND000084,BV783,C-Pe,C-Pe,연금저축,온라인,0,0,0.4,0.25,0.03,0.015,0.695,0.6966,2017-09-04,ESTABLISHED,DOC000086,10|11|34|35|36|49|50|51,[p.10|11|34|35|36] C-Pe; 코드 BV783; 총보수 0.695%; 총보수·비용 0.6966%; [p.49|50|51] 클래스 최초설정일 2017-09-04 (ESTABLISHED)
CLASS000992,FUND000084,BV784,C-P2e(퇴직연금),C-P2e(퇴직연금),퇴직연금,온라인,0,0,0.4,0.22,0.03,0.015,0.665,0.6672,2017-09-29,ESTABLISHED,DOC000086,10|11|34|35|36|49|50|51,[p.10|11|34|35|36] C-P2e(퇴직연금); 코드 BV784; 총보수 0.665%; 총보수·비용 0.6672%; [p.49|50|51] 클래스 최초설정일 2017-09-29 (ESTABLISHED)
CLASS000993,FUND000084,BV785,AG,AG,일반,오프라인,0.6,0,0.4,0.3,0.03,0.015,0.745,0.745,,NOT_DISCLOSED,DOC000086,10|11|34|35|36|49|50|51,[p.10|11|34|35|36] AG; 코드 BV785; 총보수 0.745%; 총보수·비용 0.745%; [p.49|50|51] 클래스 최초설정일 - (NOT_DISCLOSED)
CLASS000994,FUND000084,BV786,CG,CG,일반,오프라인,0,0,0.4,0.6,0.03,0.015,1.045,1.045,,NOT_DISCLOSED,DOC000086,10|11|34|35|36|49|50|51,[p.10|11|34|35|36] CG; 코드 BV786; 총보수 1.045%; 총보수·비용 1.045%; [p.49|50|51] 클래스 최초설정일 - (NOT_DISCLOSED)
CLASS000995,FUND000084,D3378,S-P,S-P,연금저축,온라인슈퍼,0,0,0.4,0.15,0.03,0.015,0.595,0.595,,NOT_DISCLOSED,DOC000086,10|11|34|35|36|49|50|51,[p.10|11|34|35|36] S-P; 코드 D3378; 총보수 0.595%; 총보수·비용 0.595%; [p.49|50|51] 클래스 최초설정일 - (NOT_DISCLOSED)
CLASS000996,FUND000084,D3379,S-P2(퇴직연금),S-P2(퇴직연금),퇴직연금,온라인슈퍼,0,0,0.4,0.14,0.03,0.015,0.585,0.585,2020-07-20,ESTABLISHED,DOC000086,10|11|34|35|36|49|50|51,[p.10|11|34|35|36] S-P2(퇴직연금); 코드 D3379; 총보수 0.585%; 총보수·비용 0.585%; [p.49|50|51] 클래스 최초설정일 2020-07-20 (ESTABLISHED)
CLASS000997,FUND000085,A3165,A1,A1,일반,오프라인,1,0,0.7,0.98,0.03,0.02,1.73,1.7367,2011-05-23,ESTABLISHED,DOC000087,8|9|26|27|28|29|43|44|45,[p.8|9|26|27|28|29] A1; 코드 A3165; 총보수 1.73%; 총보수·비용 1.7367%; [p.43|44|45] 클래스 최초설정일 2011-05-23 (ESTABLISHED)
CLASS000998,FUND000085,A3166,C1,C1,일반,오프라인,0,0,0.7,1.5,0.03,0.02,2.25,2.2548,2011-05-23,ESTABLISHED,DOC000087,8|9|26|27|28|29|43|44|45,[p.8|9|26|27|28|29] C1; 코드 A3166; 총보수 2.25%; 총보수·비용 2.2548%; [p.43|44|45] 클래스 최초설정일 2011-05-23 (ESTABLISHED)
CLASS000999,FUND000085,A3167,C2,C2,일반,오프라인,0,0,0.7,1.35,0.03,0.02,2.1,2.1059,2012-05-23,ESTABLISHED,DOC000087,8|9|26|27|28|29|43|44|45,[p.8|9|26|27|28|29] C2; 코드 A3167; 총보수 2.1%; 총보수·비용 2.1059%; [p.43|44|45] 클래스 최초설정일 2012-05-23 (ESTABLISHED)
CLASS001000,FUND000085,A3168,C3,C3,일반,오프라인,0,0,0.7,0.99,0.03,0.02,1.74,1.7454,2013-05-23,ESTABLISHED,DOC000087,8|9|26|27|28|29|43|44|45,[p.8|9|26|27|28|29] C3; 코드 A3168; 총보수 1.74%; 총보수·비용 1.7454%; [p.43|44|45] 클래스 최초설정일 2013-05-23 (ESTABLISHED)
CLASS001001,FUND000085,A3169,C4,C4,일반,오프라인,0,0,0.7,0.89,0.03,0.02,1.64,1.6462,2014-05-26,ESTABLISHED,DOC000087,8|9|26|27|28|29|43|44|45,[p.8|9|26|27|28|29] C4; 코드 A3169; 총보수 1.64%; 총보수·비용 1.6462%; [p.43|44|45] 클래스 최초설정일 2014-05-26 (ESTABLISHED)
CLASS001002,FUND000085,A3170,C-e,C-e,일반,온라인,0,0,0.7,0.97,0.03,0.02,1.72,1.7267,2011-05-23,ESTABLISHED,DOC000087,8|9|26|27|28|29|43|44|45,[p.8|9|26|27|28|29] C-e; 코드 A3170; 총보수 1.72%; 총보수·비용 1.7267%; [p.43|44|45] 클래스 최초설정일 2011-05-23 (ESTABLISHED)
CLASS001003,FUND000085,A3171,C-F,C-F,일반,기관,0,0,0.7,0.06,0.03,0.02,0.81,0.81,,NOT_DISCLOSED,DOC000087,8|9|26|27|28|29|43|44|45,[p.8|9|26|27|28|29] C-F; 코드 A3171; 총보수 0.81%; 총보수·비용 0.81%; [p.43|44|45] 클래스 최초설정일 - (NOT_DISCLOSED)
CLASS001004,FUND000085,A3172,C-W,C-W,일반,랩,0,0,0.7,0,0.03,0.02,0.75,0.75,,NOT_DISCLOSED,DOC000087,8|9|26|27|28|29|43|44|45,[p.8|9|26|27|28|29] C-W; 코드 A3172; 총보수 0.75%; 총보수·비용 0.75%; [p.43|44|45] 클래스 최초설정일 - (NOT_DISCLOSED)
CLASS001005,FUND000085,AQ735,A-e,A-e,일반,온라인,0.5,0,0.7,0.35,0.03,0.02,1.1,1.1061,2014-07-28,ESTABLISHED,DOC000087,8|9|26|27|28|29|43|44|45,[p.8|9|26|27|28|29] A-e; 코드 AQ735; 총보수 1.1%; 총보수·비용 1.1061%; [p.43|44|45] 클래스 최초설정일 2014-07-28 (ESTABLISHED)
CLASS001006,FUND000085,AQ736,S,S,일반,온라인슈퍼,0,0.15,0.7,0.35,0.03,0.02,1.1,1.1054,2014-04-22,ESTABLISHED,DOC000087,8|9|26|27|28|29|43|44|45,[p.8|9|26|27|28|29] S; 코드 AQ736; 총보수 1.1%; 총보수·비용 1.1054%; [p.43|44|45] 클래스 최초설정일 2014-04-22 (ESTABLISHED)
CLASS001007,FUND000085,B4898,C-P,C-P,연금저축,오프라인,0,0,0.7,0.9,0.03,0.02,1.65,1.6554,2015-07-23,ESTABLISHED,DOC000087,8|9|26|27|28|29|43|44|45,[p.8|9|26|27|28|29] C-P; 코드 B4898; 총보수 1.65%; 총보수·비용 1.6554%; [p.43|44|45] 클래스 최초설정일 2015-07-23 (ESTABLISHED)
CLASS001008,FUND000085,BP779,AG,AG,일반,오프라인,0.75,0,0.7,0.73,0.03,0.02,1.48,1.48,,NOT_DISCLOSED,DOC000087,8|9|26|27|28|29|43|44|45,[p.8|9|26|27|28|29] AG; 코드 BP779; 총보수 1.48%; 총보수·비용 1.48%; [p.43|44|45] 클래스 최초설정일 - (NOT_DISCLOSED)
CLASS001009,FUND000085,BU255,C-Pe,C-Pe,연금저축,온라인,0,0,0.7,0.45,0.03,0.02,1.2,1.2053,2018-01-29,ESTABLISHED,DOC000087,8|9|26|27|28|29|43|44|45,[p.8|9|26|27|28|29] C-Pe; 코드 BU255; 총보수 1.2%; 총보수·비용 1.2053%; [p.43|44|45] 클래스 최초설정일 2018-01-29 (ESTABLISHED)
CLASS001010,FUND000085,DD262,C-P2(퇴직연금),C-P2(퇴직연금),퇴직연금,오프라인,0,0,0.7,0.82,0.03,0.02,1.57,1.575,2020-12-09,ESTABLISHED,DOC000087,8|9|26|27|28|29|43|44|45,[p.8|9|26|27|28|29] C-P2(퇴직연금); 코드 DD262; 총보수 1.57%; 총보수·비용 1.575%; [p.43|44|45] 클래스 최초설정일 2020-12-09 (ESTABLISHED)
CLASS001011,FUND000085,DD263,C-P2e(퇴직연금),C-P2e(퇴직연금),퇴직연금,온라인,0,0,0.7,0.41,0.03,0.02,1.16,1.166,2021-02-09,ESTABLISHED,DOC000087,8|9|26|27|28|29|43|44|45,[p.8|9|26|27|28|29] C-P2e(퇴직연금); 코드 DD263; 총보수 1.16%; 총보수·비용 1.166%; [p.43|44|45] 클래스 최초설정일 2021-02-09 (ESTABLISHED)
CLASS001012,FUND000085,DD264,S-P,S-P,연금저축,온라인슈퍼,0,0,0.7,0.27,0.03,0.02,1.02,1.02,,NOT_DISCLOSED,DOC000087,8|9|26|27|28|29|43|44|45,[p.8|9|26|27|28|29] S-P; 코드 DD264; 총보수 1.02%; 총보수·비용 1.02%; [p.43|44|45] 클래스 최초설정일 - (NOT_DISCLOSED)
CLASS001013,FUND000085,DD265,S-P2(퇴직연금),S-P2(퇴직연금),퇴직연금,온라인슈퍼,0,0,0.7,0.26,0.03,0.02,1.01,1.01,,NOT_DISCLOSED,DOC000087,8|9|26|27|28|29|43|44|45,[p.8|9|26|27|28|29] S-P2(퇴직연금); 코드 DD265; 총보수 1.01%; 총보수·비용 1.01%; [p.43|44|45] 클래스 최초설정일 - (NOT_DISCLOSED)
CLASS001014,FUND000086,AQ443,C,C,연금저축,오프라인,0,0,0.11,0.39,0.03,0.014,0.544,0.5517,2001-01-31,ESTABLISHED,DOC000088,10|40|6,"[p.10,40] C; 코드 AQ443; 총보수 0.544%; 총보수·비용 0.5517%; [p.6] 클래스 최초설정일 2001-01-31 (ESTABLISHED)"
CLASS001015,FUND000086,AT356,C-e,C-e,연금저축,온라인,0,0,0.11,0.195,0.03,0.014,0.349,0.3564,,NOT_DISCLOSED,DOC000088,10|40|6,"[p.10,40] C-e; 코드 AT356; 총보수 0.349%; 총보수·비용 0.3564%; [p.6] 클래스 최초설정일 - (NOT_DISCLOSED)"
CLASS001016,FUND000086,AQ442,S-P,S-P,연금저축,온라인슈퍼,0,0,0.11,0.12,0.03,0.014,0.274,0.2793,,NOT_DISCLOSED,DOC000088,10|40|6,"[p.10,40] S-P; 코드 AQ442; 총보수 0.274%; 총보수·비용 0.2793%; [p.6] 클래스 최초설정일 - (NOT_DISCLOSED)"
CLASS001017,FUND000087,AQ445,C,C,연금저축,오프라인,0,0,0.11,0.39,0.03,0.014,0.544,0.5468,2001-01-31,ESTABLISHED,DOC000089,10|12|45|46|6,"[p.10,12,45-46] C; 코드 AQ445; 총보수 0.544%; 총보수·비용 0.5468%; [p.6] 클래스 최초설정일 2001-01-31 (ESTABLISHED)"
CLASS001018,FUND000087,AT359,C-e,C-e,연금저축,온라인,0,0,0.11,0.195,0.03,0.014,0.349,0.3517,,NOT_DISCLOSED,DOC000089,10|12|45|46|6,"[p.10,12,45-46] C-e; 코드 AT359; 총보수 0.349%; 총보수·비용 0.3517%; [p.6] 클래스 최초설정일 - (NOT_DISCLOSED)"
CLASS001019,FUND000087,B6845,C-F,C-F,연금저축,기관,0,0,0.11,0.03,0.03,0.014,0.184,0.184,,NOT_DISCLOSED,DOC000089,10|12|45|46|6,"[p.10,12,45-46] C-F; 코드 B6845; 총보수 0.184%; 총보수·비용 0.184%; [p.6] 클래스 최초설정일 - (NOT_DISCLOSED)"
CLASS001020,FUND000087,B6846,C-R,C-R,퇴직연금,오프라인,0,0,0.11,0.385,0.03,0.014,0.539,0.539,,NOT_DISCLOSED,DOC000089,10|12|45|46|6,"[p.10,12,45-46] C-R; 코드 B6846; 총보수 0.539%; 총보수·비용 0.539%; [p.6] 클래스 최초설정일 - (NOT_DISCLOSED)"
CLASS001021,FUND000087,B6847,C-RF,C-RF,퇴직연금,기관,0,0,0.11,0.02,0.03,0.014,0.174,0.174,,NOT_DISCLOSED,DOC000089,10|12|45|46|6,"[p.10,12,45-46] C-RF; 코드 B6847; 총보수 0.174%; 총보수·비용 0.174%; [p.6] 클래스 최초설정일 - (NOT_DISCLOSED)"
CLASS001022,FUND000087,B6848,C-RJ,C-RJ,퇴직연금,직판,0,0,0.11,0,0.03,0.014,0.154,0.154,,NOT_DISCLOSED,DOC000089,10|12|45|46|6,"[p.10,12,45-46] C-RJ; 코드 B6848; 총보수 0.154%; 총보수·비용 0.154%; [p.6] 클래스 최초설정일 - (NOT_DISCLOSED)"
CLASS001023,FUND000087,AQ444,S-P,S-P,연금저축,온라인슈퍼,0,0,0.11,0.12,0.03,0.014,0.274,0.2746,,NOT_DISCLOSED,DOC000089,10|12|45|46|6,"[p.10,12,45-46] S-P; 코드 AQ444; 총보수 0.274%; 총보수·비용 0.2746%; [p.6] 클래스 최초설정일 - (NOT_DISCLOSED)"
CLASS001024,FUND000088,88837,A,A,일반,오프라인,0.02,0,0.15,0.21,0.02,0.011,0.391,0.3934,,NOT_DISCLOSED,DOC000090,11|13|41|42|43|7,"[p.11,13,41-43] A; 코드 88837; 총보수 0.391%; 총보수·비용 0.3934%; [p.7] 클래스 최초설정일 - (NOT_DISCLOSED)"
CLASS001025,FUND000088,E1702,A1,A1,일반,오프라인,0.1,0,0.15,0.13,0.02,0.011,0.311,0.3134,,NOT_DISCLOSED,DOC000090,11|13|41|42|43|7,"[p.11,13,41-43] A1; 코드 E1702; 총보수 0.311%; 총보수·비용 0.3134%; [p.7] 클래스 최초설정일 - (NOT_DISCLOSED)"
CLASS001026,FUND000088,BV952,A-e,A-e,일반,온라인,0.01,0,0.15,0.105,0.02,0.011,0.286,0.2885,,NOT_DISCLOSED,DOC000090,11|13|41|42|43|7,"[p.11,13,41-43] A-e; 코드 BV952; 총보수 0.286%; 총보수·비용 0.2885%; [p.7] 클래스 최초설정일 - (NOT_DISCLOSED)"
CLASS001027,FUND000088,BV953,A-G,A-G,일반,오프라인,0.014,0,0.15,0.147,0.02,0.011,0.328,0.328,,NOT_DISCLOSED,DOC000090,11|13|41|42|43|7,"[p.11,13,41-43] A-G; 코드 BV953; 총보수 0.328%; 총보수·비용 0.328%; [p.7] 클래스 최초설정일 - (NOT_DISCLOSED)"
CLASS001028,FUND000088,88838,C,C,일반,오프라인,0,0,0.15,0.23,0.02,0.011,0.411,0.4134,2008-11-03,ESTABLISHED,DOC000090,11|13|41|42|43|7,"[p.11,13,41-43] C; 코드 88838; 총보수 0.411%; 총보수·비용 0.4134%; [p.7] 클래스 최초설정일 2008-11-03 (ESTABLISHED)"
CLASS001029,FUND000088,88839,C-e,C-e,일반,온라인,0,0,0.15,0.15,0.02,0.011,0.331,0.3334,,NOT_DISCLOSED,DOC000090,11|13|41|42|43|7,"[p.11,13,41-43] C-e; 코드 88839; 총보수 0.331%; 총보수·비용 0.3334%; [p.7] 클래스 최초설정일 - (NOT_DISCLOSED)"
CLASS001030,FUND000088,88861,C-F,C-F,일반,기관,0,0,0.15,0.03,0.02,0.011,0.211,0.2134,,NOT_DISCLOSED,DOC000090,11|13|41|42|43|7,"[p.11,13,41-43] C-F; 코드 88861; 총보수 0.211%; 총보수·비용 0.2134%; [p.7] 클래스 최초설정일 - (NOT_DISCLOSED)"
CLASS001031,FUND000088,BV954,C-G,C-G,일반,오프라인,0,0,0.15,0.16,0.02,0.011,0.341,0.341,,NOT_DISCLOSED,DOC000090,11|13|41|42|43|7,"[p.11,13,41-43] C-G; 코드 BV954; 총보수 0.341%; 총보수·비용 0.341%; [p.7] 클래스 최초설정일 - (NOT_DISCLOSED)"
CLASS001032,FUND000088,CH625,C-P,C-P,연금저축,오프라인,0,0,0.15,0.225,0.02,0.011,0.406,0.4084,,NOT_DISCLOSED,DOC000090,11|13|41|42|43|7,"[p.11,13,41-43] C-P; 코드 CH625; 총보수 0.406%; 총보수·비용 0.4084%; [p.7] 클래스 최초설정일 - (NOT_DISCLOSED)"
CLASS001033,FUND000088,CH626,C-Pe,C-Pe,연금저축,온라인,0,0,0.15,0.113,0.02,0.011,0.294,0.2964,,NOT_DISCLOSED,DOC000090,11|13|41|42|43|7,"[p.11,13,41-43] C-Pe; 코드 CH626; 총보수 0.294%; 총보수·비용 0.2964%; [p.7] 클래스 최초설정일 - (NOT_DISCLOSED)"
CLASS001034,FUND000088,BV956,C-R,C-R,퇴직연금,오프라인,0,0,0.15,0.22,0.02,0.011,0.401,0.4034,,NOT_DISCLOSED,DOC000090,11|13|41|42|43|7,"[p.11,13,41-43] C-R; 코드 BV956; 총보수 0.401%; 총보수·비용 0.4034%; [p.7] 클래스 최초설정일 - (NOT_DISCLOSED)"
CLASS001035,FUND000088,BV957,C-Re,C-Re,퇴직연금,온라인,0,0,0.15,0.11,0.02,0.011,0.291,0.2935,,NOT_DISCLOSED,DOC000090,11|13|41|42|43|7,"[p.11,13,41-43] C-Re; 코드 BV957; 총보수 0.291%; 총보수·비용 0.2935%; [p.7] 클래스 최초설정일 - (NOT_DISCLOSED)"
CLASS001036,FUND000088,BV958,C-W,C-W,일반,랩,0,0,0.15,0,0.02,0.011,0.181,0.1834,,NOT_DISCLOSED,DOC000090,11|13|41|42|43|7,"[p.11,13,41-43] C-W; 코드 BV958; 총보수 0.181%; 총보수·비용 0.1834%; [p.7] 클래스 최초설정일 - (NOT_DISCLOSED)"
CLASS001037,FUND000088,AP094,S,S,일반,온라인슈퍼,0,0.15,0.15,0.1,0.02,0.011,0.281,0.2834,,NOT_DISCLOSED,DOC000090,11|13|41|42|43|7,"[p.11,13,41-43] S; 코드 AP094; 총보수 0.281%; 총보수·비용 0.2834%; [p.7] 클래스 최초설정일 - (NOT_DISCLOSED)"
CLASS001038,FUND000088,CH638,S-P,S-P,연금저축,온라인슈퍼,0,0,0.15,0.09,0.02,0.011,0.271,0.2734,,NOT_DISCLOSED,DOC000090,11|13|41|42|43|7,"[p.11,13,41-43] S-P; 코드 CH638; 총보수 0.271%; 총보수·비용 0.2734%; [p.7] 클래스 최초설정일 - (NOT_DISCLOSED)"
CLASS001039,FUND000088,D1885,S-R,S-R,퇴직연금,온라인슈퍼,0,0,0.15,0.08,0.02,0.011,0.261,0.2633,,NOT_DISCLOSED,DOC000090,11|13|41|42|43|7,"[p.11,13,41-43] S-R; 코드 D1885; 총보수 0.261%; 총보수·비용 0.2633%; [p.7] 클래스 최초설정일 - (NOT_DISCLOSED)"
CLASS001040,FUND000089,AQ448,C,C,연금저축,오프라인,0,0,0.188,0.95,0.03,0.014,1.182,1.1856,2001-01-31,ESTABLISHED,DOC000091,11|40|41|6,"[p.11,40-41] C; 코드 AQ448; 총보수 1.182%; 총보수·비용 1.1856%; [p.6] 클래스 최초설정일 2001-01-31 (ESTABLISHED)"
CLASS001041,FUND000089,AT357,C-e,C-e,연금저축,온라인,0,0,0.188,0.475,0.03,0.014,0.707,0.7104,,NOT_DISCLOSED,DOC000091,11|40|41|6,"[p.11,40-41] C-e; 코드 AT357; 총보수 0.707%; 총보수·비용 0.7104%; [p.6] 클래스 최초설정일 - (NOT_DISCLOSED)"
CLASS001042,FUND000089,AQ446,S-P,S-P,연금저축,온라인슈퍼,0,0,0.188,0.28,0.03,0.014,0.512,0.5145,,NOT_DISCLOSED,DOC000091,11|40|41|6,"[p.11,40-41] S-P; 코드 AQ446; 총보수 0.512%; 총보수·비용 0.5145%; [p.6] 클래스 최초설정일 - (NOT_DISCLOSED)"
CLASS001043,FUND000090,71771,A,A,일반,오프라인,0.5,0,0.526,0.73,0.03,0.014,1.3,1.302,,NOT_DISCLOSED,DOC000092,11|13|41|42|43|7,"[p.11,13,41-43] A; 코드 71771; 총보수 1.3%; 총보수·비용 1.302%; [p.7] 클래스 최초설정일 - (NOT_DISCLOSED)"
CLASS001044,FUND000090,AJ473,A1,A1,일반,오프라인,1,0,0.526,0.23,0.03,0.014,0.8,0.8019,,NOT_DISCLOSED,DOC000092,11|13|41|42|43|7,"[p.11,13,41-43] A1; 코드 AJ473; 총보수 0.8%; 총보수·비용 0.8019%; [p.7] 클래스 최초설정일 - (NOT_DISCLOSED)"
CLASS001045,FUND000090,AJ496,A-e,A-e,일반,온라인,0.5,0,0.526,0.11,0.03,0.014,0.68,0.6819,,NOT_DISCLOSED,DOC000092,11|13|41|42|43|7,"[p.11,13,41-43] A-e; 코드 AJ496; 총보수 0.68%; 총보수·비용 0.6819%; [p.7] 클래스 최초설정일 - (NOT_DISCLOSED)"
CLASS001046,FUND000090,BP224,A-G,A-G,일반,오프라인,0.5,0,0.526,0.51,0.03,0.014,1.08,1.08,,NOT_DISCLOSED,DOC000092,11|13|41|42|43|7,"[p.11,13,41-43] A-G; 코드 BP224; 총보수 1.08%; 총보수·비용 1.08%; [p.7] 클래스 최초설정일 - (NOT_DISCLOSED)"
CLASS001047,FUND000090,71772,C,C,일반,오프라인,0,0,0.526,1,0.03,0.014,1.57,1.5719,2007-07-23,ESTABLISHED,DOC000092,11|13|41|42|43|7,"[p.11,13,41-43] C; 코드 71772; 총보수 1.57%; 총보수·비용 1.5719%; [p.7] 클래스 최초설정일 2007-07-23 (ESTABLISHED)"
CLASS001048,FUND000090,71773,C-e,C-e,일반,온라인,0,0,0.526,0.43,0.03,0.014,1,1.002,,NOT_DISCLOSED,DOC000092,11|13|41|42|43|7,"[p.11,13,41-43] C-e; 코드 71773; 총보수 1%; 총보수·비용 1.002%; [p.7] 클래스 최초설정일 - (NOT_DISCLOSED)"
CLASS001049,FUND000090,AB720,C-F,C-F,일반,기관,0,0,0.526,0.03,0.03,0.014,0.6,0.6028,,NOT_DISCLOSED,DOC000092,11|13|41|42|43|7,"[p.11,13,41-43] C-F; 코드 AB720; 총보수 0.6%; 총보수·비용 0.6028%; [p.7] 클래스 최초설정일 - (NOT_DISCLOSED)"
CLASS001050,FUND000090,BP226,C-G,C-G,일반,오프라인,0,0,0.526,0.7,0.03,0.014,1.27,1.2702,,NOT_DISCLOSED,DOC000092,11|13|41|42|43|7,"[p.11,13,41-43] C-G; 코드 BP226; 총보수 1.27%; 총보수·비용 1.2702%; [p.7] 클래스 최초설정일 - (NOT_DISCLOSED)"
CLASS001051,FUND000090,AH289,C-P,C-P,연금저축,오프라인,0,0,0.526,0.95,0.03,0.014,1.52,1.5219,,NOT_DISCLOSED,DOC000092,11|13|41|42|43|7,"[p.11,13,41-43] C-P; 코드 AH289; 총보수 1.52%; 총보수·비용 1.5219%; [p.7] 클래스 최초설정일 - (NOT_DISCLOSED)"
CLASS001052,FUND000090,AU047,C-Pe,C-Pe,연금저축,온라인,0,0,0.526,0.475,0.03,0.014,1.045,1.047,,NOT_DISCLOSED,DOC000092,11|13|41|42|43|7,"[p.11,13,41-43] C-Pe; 코드 AU047; 총보수 1.045%; 총보수·비용 1.047%; [p.7] 클래스 최초설정일 - (NOT_DISCLOSED)"
CLASS001053,FUND000090,BM035,C-R,C-R,퇴직연금,오프라인,0,0,0.526,0.63,0.03,0.014,1.2,1.2019,,NOT_DISCLOSED,DOC000092,11|13|41|42|43|7,"[p.11,13,41-43] C-R; 코드 BM035; 총보수 1.2%; 총보수·비용 1.2019%; [p.7] 클래스 최초설정일 - (NOT_DISCLOSED)"
CLASS001054,FUND000090,BT748,C-Re,C-Re,퇴직연금,온라인,0,0,0.526,0.315,0.03,0.014,0.885,0.8872,,NOT_DISCLOSED,DOC000092,11|13|41|42|43|7,"[p.11,13,41-43] C-Re; 코드 BT748; 총보수 0.885%; 총보수·비용 0.8872%; [p.7] 클래스 최초설정일 - (NOT_DISCLOSED)"
CLASS001055,FUND000090,A8858,C-W,C-W,일반,랩,0,0,0.526,0,0.03,0.014,0.57,0.572,,NOT_DISCLOSED,DOC000092,11|13|41|42|43|7,"[p.11,13,41-43] C-W; 코드 A8858; 총보수 0.57%; 총보수·비용 0.572%; [p.7] 클래스 최초설정일 - (NOT_DISCLOSED)"
CLASS001056,FUND000090,AQ501,S,S,일반,온라인슈퍼,0,0.15,0.526,0.35,0.03,0.014,0.92,0.9215,,NOT_DISCLOSED,DOC000092,11|13|41|42|43|7,"[p.11,13,41-43] S; 코드 AQ501; 총보수 0.92%; 총보수·비용 0.9215%; [p.7] 클래스 최초설정일 - (NOT_DISCLOSED)"
CLASS001057,FUND000090,AQ502,S-P,S-P,연금저축,온라인슈퍼,0,0,0.526,0.28,0.03,0.014,0.85,0.8518,,NOT_DISCLOSED,DOC000092,11|13|41|42|43|7,"[p.11,13,41-43] S-P; 코드 AQ502; 총보수 0.85%; 총보수·비용 0.8518%; [p.7] 클래스 최초설정일 - (NOT_DISCLOSED)"
CLASS001058,FUND000091,61853,A,A,일반,오프라인,0.9,0,0.1,0.4,0.03,0.014,0.544,0.5717,,NOT_DISCLOSED,DOC000093,10|12|37|38|6,"[p.10,12,37-38] A; 코드 61853; 총보수 0.544%; 총보수·비용 0.5717%; [p.6] 클래스 최초설정일 - (NOT_DISCLOSED)"
CLASS001059,FUND000091,BW530,A-e,A-e,일반,온라인,0.45,0,0.1,0.2,0.03,0.014,0.344,0.372,,NOT_DISCLOSED,DOC000093,10|12|37|38|6,"[p.10,12,37-38] A-e; 코드 BW530; 총보수 0.344%; 총보수·비용 0.372%; [p.6] 클래스 최초설정일 - (NOT_DISCLOSED)"
CLASS001060,FUND000091,73952,A-H,A-H,주택마련,오프라인,0.9,0,0.1,0.39,0.03,0.014,0.534,0.5599,,NOT_DISCLOSED,DOC000093,10|12|37|38|6,"[p.10,12,37-38] A-H; 코드 73952; 총보수 0.534%; 총보수·비용 0.5599%; [p.6] 클래스 최초설정일 - (NOT_DISCLOSED)"
CLASS001061,FUND000091,61287,C,C,일반,오프라인,0,0,0.1,1,0.03,0.014,1.144,1.1716,2006-10-23,ESTABLISHED,DOC000093,10|12|37|38|6,"[p.10,12,37-38] C; 코드 61287; 총보수 1.144%; 총보수·비용 1.1716%; [p.6] 클래스 최초설정일 2006-10-23 (ESTABLISHED)"
CLASS001062,FUND000091,62270,C-e,C-e,일반,온라인,0,0,0.1,0.5,0.03,0.014,0.644,0.6717,,NOT_DISCLOSED,DOC000093,10|12|37|38|6,"[p.10,12,37-38] C-e; 코드 62270; 총보수 0.644%; 총보수·비용 0.6717%; [p.6] 클래스 최초설정일 - (NOT_DISCLOSED)"
CLASS001063,FUND000091,99928,C-F,C-F,일반,기관,0,0,0.1,0.03,0.03,0.014,0.174,0.174,,NOT_DISCLOSED,DOC000093,10|12|37|38|6,"[p.10,12,37-38] C-F; 코드 99928; 총보수 0.174%; 총보수·비용 0.174%; [p.6] 클래스 최초설정일 - (NOT_DISCLOSED)"
CLASS001064,FUND000091,AJ114,C-P,C-P,연금저축,오프라인,0,0,0.1,0.49,0.03,0.014,0.634,0.6615,,NOT_DISCLOSED,DOC000093,10|12|37|38|6,"[p.10,12,37-38] C-P; 코드 AJ114; 총보수 0.634%; 총보수·비용 0.6615%; [p.6] 클래스 최초설정일 - (NOT_DISCLOSED)"
CLASS001065,FUND000091,AU008,C-Pe,C-Pe,연금저축,온라인,0,0,0.1,0.245,0.03,0.014,0.389,0.4167,,NOT_DISCLOSED,DOC000093,10|12|37|38|6,"[p.10,12,37-38] C-Pe; 코드 AU008; 총보수 0.389%; 총보수·비용 0.4167%; [p.6] 클래스 최초설정일 - (NOT_DISCLOSED)"
CLASS001066,FUND000091,EB377,C-W,C-W,일반,랩,0,0,0.1,0,0.03,0.014,0.144,0.144,,NOT_DISCLOSED,DOC000093,10|12|37|38|6,"[p.10,12,37-38] C-W; 코드 EB377; 총보수 0.144%; 총보수·비용 0.144%; [p.6] 클래스 최초설정일 - (NOT_DISCLOSED)"
CLASS001067,FUND000091,AP483,S,S,일반,온라인슈퍼,0,0.15,0.1,0.19,0.03,0.014,0.334,0.361,,NOT_DISCLOSED,DOC000093,10|12|37|38|6,"[p.10,12,37-38] S; 코드 AP483; 총보수 0.334%; 총보수·비용 0.361%; [p.6] 클래스 최초설정일 - (NOT_DISCLOSED)"
CLASS001068,FUND000091,AP485,S-P,S-P,연금저축,온라인슈퍼,0,0,0.1,0.147,0.03,0.014,0.291,0.3169,,NOT_DISCLOSED,DOC000093,10|12|37|38|6,"[p.10,12,37-38] S-P; 코드 AP485; 총보수 0.291%; 총보수·비용 0.3169%; [p.6] 클래스 최초설정일 - (NOT_DISCLOSED)"
CLASS001069,FUND000092,BT578,C,C,퇴직연금,오프라인,0,0,0.11,0.395,0.02,0.015,0.54,0.5517,2006-01-02,ESTABLISHED,DOC000094,11|35|36|6,"[p.11,35-36] C; 코드 BT578; 총보수 0.54%; 합성 총보수·비용 0.5517%; [p.6] 클래스 최초설정일 2006-01-02 (ESTABLISHED)"
CLASS001070,FUND000092,BT579,C-e,C-e,퇴직연금,온라인,0,0,0.11,0.198,0.02,0.015,0.343,0.3546,,NOT_DISCLOSED,DOC000094,11|35|36|6,"[p.11,35-36] C-e; 코드 BT579; 총보수 0.343%; 합성 총보수·비용 0.3546%; [p.6] 클래스 최초설정일 - (NOT_DISCLOSED)"
CLASS001071,FUND000092,D0674,S-R,S-R,퇴직연금,온라인슈퍼,0,0,0.11,0.1,0.02,0.015,0.245,0.2538,,NOT_DISCLOSED,DOC000094,11|35|36|6,"[p.11,35-36] S-R; 코드 D0674; 총보수 0.245%; 합성 총보수·비용 0.2538%; [p.6] 클래스 최초설정일 - (NOT_DISCLOSED)"
