class_id,fund_id,period,return_pct,benchmark_return_pct,as_of_date,source_doc_id,source_page,source_text
,FUND000001,1Y,5.13,4.14,2025-07-29,DOC000001,46,"[p.46] 마이다스 우량채권 증권 자투자신탁 기간 ( 출자지분수 2022/07/30~2023/07/29 2023/07/30~2024/07/29 ( 주 1) 이익분배에 의한 재투자분을 3. 집합투자기구의 운용실적 ( 세전 투자실적 추이는 투자자의 투자판단에 수익률을 , 연도별 수익률은 기간별 운용 실적으로 투자자의 투자시기에 보장하지 않습니다 . 가 . 연평균 수익률 종류 마이다스 우량채권 증권 자투자신탁 제 1 호 ( 채권 )( 운용 ); 최초설정일 2019-07-30; 1Y 수익률 5.13%"
,FUND000001,2Y,5.71,4.71,2025-07-29,DOC000001,46,"[p.46] 마이다스 우량채권 증권 자투자신탁 기간 ( 출자지분수 2022/07/30~2023/07/29 2023/07/30~2024/07/29 ( 주 1) 이익분배에 의한 재투자분을 3. 집합투자기구의 운용실적 ( 세전 투자실적 추이는 투자자의 투자판단에 수익률을 , 연도별 수익률은 기간별 운용 실적으로 투자자의 투자시기에 보장하지 않습니다 . 가 . 연평균 수익률 종류 마이다스 우량채권 증권 자투자신탁 제 1 호 ( 채권 )( 운용 ); 최초설정일 2019-07-30; 2Y 수익률 5.71%"
,FUND000001,3Y,5.41,4.27,2025-07-29,DOC000001,46,"[p.46] 마이다스 우량채권 증권 자투자신탁 기간 ( 출자지분수 2022/07/30~2023/07/29 2023/07/30~2024/07/29 ( 주 1) 이익분배에 의한 재투자분을 3. 집합투자기구의 운용실적 ( 세전 투자실적 추이는 투자자의 투자판단에 수익률을 , 연도별 수익률은 기간별 운용 실적으로 투자자의 투자시기에 보장하지 않습니다 . 가 . 연평균 수익률 종류 마이다스 우량채권 증권 자투자신탁 제 1 호 ( 채권 )( 운용 ); 최초설정일 2019-07-30; 3Y 수익률 5.41%"
,FUND000001,5Y,3.53,2.51,2025-07-29,DOC000001,46,"[p.46] 마이다스 우량채권 증권 자투자신탁 기간 ( 출자지분수 2022/07/30~2023/07/29 2023/07/30~2024/07/29 ( 주 1) 이익분배에 의한 재투자분을 3. 집합투자기구의 운용실적 ( 세전 투자실적 추이는 투자자의 투자판단에 수익률을 , 연도별 수익률은 기간별 운용 실적으로 투자자의 투자시기에 보장하지 않습니다 . 가 . 연평균 수익률 종류 마이다스 우량채권 증권 자투자신탁 제 1 호 ( 채권 )( 운용 ); 최초설정일 2019-07-30; 5Y 수익률 3.53%"
,FUND000001,SINCE_INCEPTION,3.39,2.46,2025-07-29,DOC000001,46,"[p.46] 마이다스 우량채권 증권 자투자신탁 기간 ( 출자지분수 2022/07/30~2023/07/29 2023/07/30~2024/07/29 ( 주 1) 이익분배에 의한 재투자분을 3. 집합투자기구의 운용실적 ( 세전 투자실적 추이는 투자자의 투자판단에 수익률을 , 연도별 수익률은 기간별 운용 실적으로 투자자의 투자시기에 보장하지 않습니다 . 가 . 연평균 수익률 종류 마이다스 우량채권 증권 자투자신탁 제 1 호 ( 채권 )( 운용 ); 최초설정일 2019-07-30; SINCE_INCEPTION 수익률 3.39%"
CLASS000001,FUND000001,1Y,4.81,4.14,2025-07-29,DOC000001,46,[p.46] 마이다스 우량채권 증권 자투자신탁 제 1 호 ( 채권 )A; 최초설정일 2019-07-30; 1Y 수익률 4.81%
CLASS000001,FUND000001,2Y,5.38,4.71,2025-07-29,DOC000001,46,[p.46] 마이다스 우량채권 증권 자투자신탁 제 1 호 ( 채권 )A; 최초설정일 2019-07-30; 2Y 수익률 5.38%
CLASS000001,FUND000001,3Y,5.09,4.27,2025-07-29,DOC000001,46,[p.46] 마이다스 우량채권 증권 자투자신탁 제 1 호 ( 채권 )A; 최초설정일 2019-07-30; 3Y 수익률 5.09%
CLASS000001,FUND000001,5Y,3.21,2.51,2025-07-29,DOC000001,46,[p.46] 마이다스 우량채권 증권 자투자신탁 제 1 호 ( 채권 )A; 최초설정일 2019-07-30; 5Y 수익률 3.21%
CLASS000001,FUND000001,SINCE_INCEPTION,3.07,2.46,2025-07-29,DOC000001,46,[p.46] 마이다스 우량채권 증권 자투자신탁 제 1 호 ( 채권 )A; 최초설정일 2019-07-30; SINCE_INCEPTION 수익률 3.07%
CLASS000002,FUND000001,1Y,4.91,4.14,2025-07-29,DOC000001,46,[p.46] 마이다스 우량채권 증권 자투자신탁 제 1 호 ( 채권 )Ae; 최초설정일 2019-08-01; 1Y 수익률 4.91%
CLASS000002,FUND000001,2Y,5.48,4.71,2025-07-29,DOC000001,46,[p.46] 마이다스 우량채권 증권 자투자신탁 제 1 호 ( 채권 )Ae; 최초설정일 2019-08-01; 2Y 수익률 5.48%
CLASS000002,FUND000001,3Y,5.19,4.27,2025-07-29,DOC000001,46,[p.46] 마이다스 우량채권 증권 자투자신탁 제 1 호 ( 채권 )Ae; 최초설정일 2019-08-01; 3Y 수익률 5.19%
CLASS000002,FUND000001,5Y,3.31,2.51,2025-07-29,DOC000001,46,[p.46] 마이다스 우량채권 증권 자투자신탁 제 1 호 ( 채권 )Ae; 최초설정일 2019-08-01; 5Y 수익률 3.31%
CLASS000002,FUND000001,SINCE_INCEPTION,3.17,2.46,2025-07-29,DOC000001,46,[p.46] 마이다스 우량채권 증권 자투자신탁 제 1 호 ( 채권 )Ae; 최초설정일 2019-08-01; SINCE_INCEPTION 수익률 3.17%
CLASS000003,FUND000001,1Y,4.7,4.14,2025-07-29,DOC000001,46,[p.46] 마이다스 우량채권 증권 자투자신탁 제 1 호 ( 채권 )C; 최초설정일 2019-07-30; 1Y 수익률 4.70%
CLASS000003,FUND000001,2Y,5.27,4.71,2025-07-29,DOC000001,46,[p.46] 마이다스 우량채권 증권 자투자신탁 제 1 호 ( 채권 )C; 최초설정일 2019-07-30; 2Y 수익률 5.27%
CLASS000003,FUND000001,3Y,4.98,4.27,2025-07-29,DOC000001,46,[p.46] 마이다스 우량채권 증권 자투자신탁 제 1 호 ( 채권 )C; 최초설정일 2019-07-30; 3Y 수익률 4.98%
CLASS000003,FUND000001,5Y,3.1,2.51,2025-07-29,DOC000001,46,[p.46] 마이다스 우량채권 증권 자투자신탁 제 1 호 ( 채권 )C; 최초설정일 2019-07-30; 5Y 수익률 3.10%
CLASS000003,FUND000001,SINCE_INCEPTION,2.96,2.46,2025-07-29,DOC000001,46,[p.46] 마이다스 우량채권 증권 자투자신탁 제 1 호 ( 채권 )C; 최초설정일 2019-07-30; SINCE_INCEPTION 수익률 2.96%
CLASS000004,FUND000001,1Y,4.86,4.14,2025-07-29,DOC000001,46,[p.46] 마이다스 우량채권 증권 자투자신탁 제 1 호 ( 채권 )Ce; 최초설정일 2019-07-30; 1Y 수익률 4.86%
CLASS000004,FUND000001,2Y,5.43,4.71,2025-07-29,DOC000001,46,[p.46] 마이다스 우량채권 증권 자투자신탁 제 1 호 ( 채권 )Ce; 최초설정일 2019-07-30; 2Y 수익률 5.43%
CLASS000004,FUND000001,3Y,5.14,4.27,2025-07-29,DOC000001,46,[p.46] 마이다스 우량채권 증권 자투자신탁 제 1 호 ( 채권 )Ce; 최초설정일 2019-07-30; 3Y 수익률 5.14%
CLASS000004,FUND000001,5Y,3.26,2.51,2025-07-29,DOC000001,46,[p.46] 마이다스 우량채권 증권 자투자신탁 제 1 호 ( 채권 )Ce; 최초설정일 2019-07-30; 5Y 수익률 3.26%
CLASS000004,FUND000001,SINCE_INCEPTION,3.12,2.46,2025-07-29,DOC000001,46,[p.46] 마이다스 우량채권 증권 자투자신탁 제 1 호 ( 채권 )Ce; 최초설정일 2019-07-30; SINCE_INCEPTION 수익률 3.12%
CLASS000005,FUND000001,1Y,4.75,4.14,2025-07-29,DOC000001,47,[p.47] 마이다스 우량채권 증권 자투자신탁 제 1 호 ( 채권 )C- P1; 최초설정일 2019-08-22; 1Y 수익률 4.75%
CLASS000005,FUND000001,2Y,5.33,4.71,2025-07-29,DOC000001,47,[p.47] 마이다스 우량채권 증권 자투자신탁 제 1 호 ( 채권 )C- P1; 최초설정일 2019-08-22; 2Y 수익률 5.33%
CLASS000005,FUND000001,3Y,5.04,4.27,2025-07-29,DOC000001,47,[p.47] 마이다스 우량채권 증권 자투자신탁 제 1 호 ( 채권 )C- P1; 최초설정일 2019-08-22; 3Y 수익률 5.04%
CLASS000005,FUND000001,5Y,3.16,2.51,2025-07-29,DOC000001,47,[p.47] 마이다스 우량채권 증권 자투자신탁 제 1 호 ( 채권 )C- P1; 최초설정일 2019-08-22; 5Y 수익률 3.16%
CLASS000005,FUND000001,SINCE_INCEPTION,3.06,2.43,2025-07-29,DOC000001,47,[p.47] 마이다스 우량채권 증권 자투자신탁 제 1 호 ( 채권 )C- P1; 최초설정일 2019-08-22; SINCE_INCEPTION 수익률 3.06%
CLASS000006,FUND000001,1Y,4.88,4.14,2025-07-29,DOC000001,47,[p.47] 마이다스 우량채권 증권 자투자신탁 제 1 호 ( 채권 )C- Pe1; 최초설정일 2019-10-21; 1Y 수익률 4.88%
CLASS000006,FUND000001,2Y,5.46,4.71,2025-07-29,DOC000001,47,[p.47] 마이다스 우량채권 증권 자투자신탁 제 1 호 ( 채권 )C- Pe1; 최초설정일 2019-10-21; 2Y 수익률 5.46%
CLASS000006,FUND000001,3Y,5.17,4.27,2025-07-29,DOC000001,47,[p.47] 마이다스 우량채권 증권 자투자신탁 제 1 호 ( 채권 )C- Pe1; 최초설정일 2019-10-21; 3Y 수익률 5.17%
CLASS000006,FUND000001,5Y,3.28,2.51,2025-07-29,DOC000001,47,[p.47] 마이다스 우량채권 증권 자투자신탁 제 1 호 ( 채권 )C- Pe1; 최초설정일 2019-10-21; 5Y 수익률 3.28%
CLASS000006,FUND000001,SINCE_INCEPTION,3.26,2.52,2025-07-29,DOC000001,47,[p.47] 마이다스 우량채권 증권 자투자신탁 제 1 호 ( 채권 )C- Pe1; 최초설정일 2019-10-21; SINCE_INCEPTION 수익률 3.26%
CLASS000007,FUND000001,1Y,4.76,4.14,2025-07-29,DOC000001,47,[p.47] 마이다스 우량채권 증권 자투자신탁 제 1 호 ( 채권 )C- P2; 최초설정일 2020-08-27; 1Y 수익률 4.76%
CLASS000007,FUND000001,2Y,5.34,4.71,2025-07-29,DOC000001,47,[p.47] 마이다스 우량채권 증권 자투자신탁 제 1 호 ( 채권 )C- P2; 최초설정일 2020-08-27; 2Y 수익률 5.34%
CLASS000007,FUND000001,3Y,5.05,4.27,2025-07-29,DOC000001,47,[p.47] 마이다스 우량채권 증권 자투자신탁 제 1 호 ( 채권 )C- P2; 최초설정일 2020-08-27; 3Y 수익률 5.05%
CLASS000007,FUND000001,SINCE_INCEPTION,3.17,2.53,2025-07-29,DOC000001,47,[p.47] 마이다스 우량채권 증권 자투자신탁 제 1 호 ( 채권 )C- P2; 최초설정일 2020-08-27; SINCE_INCEPTION 수익률 3.17%
CLASS000008,FUND000001,1Y,4.89,4.14,2025-07-29,DOC000001,47,[p.47] 마이다스 우량채권 증권 자투자신탁 제 1 호 ( 채권 )C- Pe2; 최초설정일 2019-09-04; 1Y 수익률 4.89%
CLASS000008,FUND000001,2Y,5.46,4.71,2025-07-29,DOC000001,47,[p.47] 마이다스 우량채권 증권 자투자신탁 제 1 호 ( 채권 )C- Pe2; 최초설정일 2019-09-04; 2Y 수익률 5.46%
CLASS000008,FUND000001,3Y,5.17,4.27,2025-07-29,DOC000001,47,[p.47] 마이다스 우량채권 증권 자투자신탁 제 1 호 ( 채권 )C- Pe2; 최초설정일 2019-09-04; 3Y 수익률 5.17%
CLASS000008,FUND000001,5Y,3.29,2.51,2025-07-29,DOC000001,47,[p.47] 마이다스 우량채권 증권 자투자신탁 제 1 호 ( 채권 )C- Pe2; 최초설정일 2019-09-04; 5Y 수익률 3.29%
CLASS000008,FUND000001,SINCE_INCEPTION,3.17,2.47,2025-07-29,DOC000001,47,[p.47] 마이다스 우량채권 증권 자투자신탁 제 1 호 ( 채권 )C- Pe2; 최초설정일 2019-09-04; SINCE_INCEPTION 수익률 3.17%
CLASS000009,FUND000001,1Y,4.99,4.14,2025-07-29,DOC000001,47,[p.47] 마이다스 우량채권 증권 자투자신탁 제 1 호 ( 채권 )C-F; 최초설정일 2020-05-14; 1Y 수익률 4.99%
CLASS000009,FUND000001,2Y,5.57,4.71,2025-07-29,DOC000001,47,[p.47] 마이다스 우량채권 증권 자투자신탁 제 1 호 ( 채권 )C-F; 최초설정일 2020-05-14; 2Y 수익률 5.57%
CLASS000009,FUND000001,3Y,4.62,3.74,2025-07-29,DOC000001,47,[p.47] 마이다스 우량채권 증권 자투자신탁 제 1 호 ( 채권 )C-F; 최초설정일 2020-05-14; 3Y 수익률 4.62%
CLASS000009,FUND000001,5Y,2.88,2.14,2025-07-29,DOC000001,47,[p.47] 마이다스 우량채권 증권 자투자신탁 제 1 호 ( 채권 )C-F; 최초설정일 2020-05-14; 5Y 수익률 2.88%
CLASS000009,FUND000001,SINCE_INCEPTION,2.93,2.16,2025-07-29,DOC000001,47,[p.47] 마이다스 우량채권 증권 자투자신탁 제 1 호 ( 채권 )C-F; 최초설정일 2020-05-14; SINCE_INCEPTION 수익률 2.93%
CLASS000010,FUND000001,1Y,4.91,4.14,2025-07-29,DOC000001,47,[p.47] 마이다스 우량채권 증권 자투자신탁 제 1 호 ( 채권 )S; 최초설정일 2019-11-19; 1Y 수익률 4.91%
CLASS000010,FUND000001,2Y,5.49,4.71,2025-07-29,DOC000001,47,[p.47] 마이다스 우량채권 증권 자투자신탁 제 1 호 ( 채권 )S; 최초설정일 2019-11-19; 2Y 수익률 5.49%
CLASS000010,FUND000001,3Y,5.2,4.27,2025-07-29,DOC000001,47,[p.47] 마이다스 우량채권 증권 자투자신탁 제 1 호 ( 채권 )S; 최초설정일 2019-11-19; 3Y 수익률 5.20%
CLASS000010,FUND000001,5Y,3.31,2.51,2025-07-29,DOC000001,47,[p.47] 마이다스 우량채권 증권 자투자신탁 제 1 호 ( 채권 )S; 최초설정일 2019-11-19; 5Y 수익률 3.31%
CLASS000010,FUND000001,SINCE_INCEPTION,3.37,2.58,2025-07-29,DOC000001,47,[p.47] 마이다스 우량채권 증권 자투자신탁 제 1 호 ( 채권 )S; 최초설정일 2019-11-19; SINCE_INCEPTION 수익률 3.37%
CLASS000011,FUND000001,1Y,4.94,4.14,2025-07-29,DOC000001,47,[p.47] 마이다스 우량채권 증권 자투자신탁 제 1 호 ( 채권 )S-P; 최초설정일 2019-10-29; 1Y 수익률 4.94%
CLASS000011,FUND000001,2Y,5.51,4.71,2025-07-29,DOC000001,47,[p.47] 마이다스 우량채권 증권 자투자신탁 제 1 호 ( 채권 )S-P; 최초설정일 2019-10-29; 2Y 수익률 5.51%
CLASS000011,FUND000001,3Y,5.22,4.27,2025-07-29,DOC000001,47,[p.47] 마이다스 우량채권 증권 자투자신탁 제 1 호 ( 채권 )S-P; 최초설정일 2019-10-29; 3Y 수익률 5.22%
CLASS000011,FUND000001,5Y,3.32,2.52,2025-07-29,DOC000001,47,[p.47] 마이다스 우량채권 증권 자투자신탁 제 1 호 ( 채권 )S-P; 최초설정일 2019-10-29; 5Y 수익률 3.32%
CLASS000011,FUND000001,SINCE_INCEPTION,3.25,2.47,2025-07-29,DOC000001,47,[p.47] 마이다스 우량채권 증권 자투자신탁 제 1 호 ( 채권 )S-P; 최초설정일 2019-10-29; SINCE_INCEPTION 수익률 3.25%
CLASS000012,FUND000001,1Y,5.02,4.14,2025-07-29,DOC000001,47,[p.47] 마이다스 우량채권 증권 자투자신탁 제 1 호 ( 채권 )C- W; 최초설정일 2020-08-21; 1Y 수익률 5.02%
CLASS000012,FUND000001,2Y,5.59,4.71,2025-07-29,DOC000001,47,[p.47] 마이다스 우량채권 증권 자투자신탁 제 1 호 ( 채권 )C- W; 최초설정일 2020-08-21; 2Y 수익률 5.59%
CLASS000012,FUND000001,3Y,5.3,4.27,2025-07-29,DOC000001,47,[p.47] 마이다스 우량채권 증권 자투자신탁 제 1 호 ( 채권 )C- W; 최초설정일 2020-08-21; 3Y 수익률 5.30%
CLASS000012,FUND000001,SINCE_INCEPTION,3.43,2.52,2025-07-29,DOC000001,47,[p.47] 마이다스 우량채권 증권 자투자신탁 제 1 호 ( 채권 )C- W; 최초설정일 2020-08-21; SINCE_INCEPTION 수익률 3.43%
CLASS000013,FUND000001,1Y,4.97,4.14,2025-07-29,DOC000001,48,[p.48] 마이다스 우량채권 증권 자투자신탁 제 1 호 ( 채권 )A2; 최초설정일 2020-08-26; 1Y 수익률 4.97%
CLASS000013,FUND000001,2Y,5.54,4.71,2025-07-29,DOC000001,48,[p.48] 마이다스 우량채권 증권 자투자신탁 제 1 호 ( 채권 )A2; 최초설정일 2020-08-26; 2Y 수익률 5.54%
CLASS000013,FUND000001,3Y,5.25,4.27,2025-07-29,DOC000001,48,[p.48] 마이다스 우량채권 증권 자투자신탁 제 1 호 ( 채권 )A2; 최초설정일 2020-08-26; 3Y 수익률 5.25%
CLASS000013,FUND000001,SINCE_INCEPTION,3.36,2.53,2025-07-29,DOC000001,48,[p.48] 마이다스 우량채권 증권 자투자신탁 제 1 호 ( 채권 )A2; 최초설정일 2020-08-26; SINCE_INCEPTION 수익률 3.36%
CLASS000014,FUND000001,3Y,1.23,0.86,2025-07-29,DOC000001,48,[p.48] 마이다스 우량채권 증권 자투자신탁 제 1 호 ( 채권 )C-I; 최초설정일 2021-05-26; 3Y 수익률 1.23%
CLASS000014,FUND000001,SINCE_INCEPTION,0.68,0.36,2025-07-29,DOC000001,48,[p.48] 마이다스 우량채권 증권 자투자신탁 제 1 호 ( 채권 )C-I; 최초설정일 2021-05-26; SINCE_INCEPTION 수익률 0.68%
CLASS000015,FUND000001,3Y,0.84,0.58,2025-07-29,DOC000001,48,[p.48] 마이다스 우량채권 증권 자투자신탁 제 1 호 ( 채권 )C- I2; 최초설정일 2021-12-24; 3Y 수익률 0.84%
CLASS000015,FUND000001,SINCE_INCEPTION,0.49,0.28,2025-07-29,DOC000001,48,[p.48] 마이다스 우량채권 증권 자투자신탁 제 1 호 ( 채권 )C- I2; 최초설정일 2021-12-24; SINCE_INCEPTION 수익률 0.49%
,FUND000002,1Y,-1.36,-4.18,2025-04-19,DOC000002,47,[p.47] 운용 실적으로 투자자의 투자시기에 보장하지 않습니다 . 가 . 연평균 수익률 종류 마이다스 책임투자 증권 투자신탁 ( 주식 )( 운용 ); 최초설정일 2009-04-20; 1Y 수익률 -1.36%
,FUND000002,2Y,0.56,-1.79,2025-04-19,DOC000002,47,[p.47] 운용 실적으로 투자자의 투자시기에 보장하지 않습니다 . 가 . 연평균 수익률 종류 마이다스 책임투자 증권 투자신탁 ( 주식 )( 운용 ); 최초설정일 2009-04-20; 2Y 수익률 0.56%
,FUND000002,3Y,-0.58,-2.97,2025-04-19,DOC000002,47,[p.47] 운용 실적으로 투자자의 투자시기에 보장하지 않습니다 . 가 . 연평균 수익률 종류 마이다스 책임투자 증권 투자신탁 ( 주식 )( 운용 ); 최초설정일 2009-04-20; 3Y 수익률 -0.58%
,FUND000002,5Y,11.59,5.34,2025-04-19,DOC000002,47,[p.47] 운용 실적으로 투자자의 투자시기에 보장하지 않습니다 . 가 . 연평균 수익률 종류 마이다스 책임투자 증권 투자신탁 ( 주식 )( 운용 ); 최초설정일 2009-04-20; 5Y 수익률 11.59%
,FUND000002,SINCE_INCEPTION,10.91,3.98,2025-04-19,DOC000002,47,[p.47] 운용 실적으로 투자자의 투자시기에 보장하지 않습니다 . 가 . 연평균 수익률 종류 마이다스 책임투자 증권 투자신탁 ( 주식 )( 운용 ); 최초설정일 2009-04-20; SINCE_INCEPTION 수익률 10.91%
CLASS000016,FUND000002,1Y,-2.91,-4.18,2025-04-19,DOC000002,47,[p.47] 마이다스 책임투자 증권 투자 신탁 ( 주식 )A1; 최초설정일 2009-04-20; 1Y 수익률 -2.91%
CLASS000016,FUND000002,2Y,-1.04,-1.79,2025-04-19,DOC000002,47,[p.47] 마이다스 책임투자 증권 투자 신탁 ( 주식 )A1; 최초설정일 2009-04-20; 2Y 수익률 -1.04%
CLASS000016,FUND000002,3Y,-2.17,-2.97,2025-04-19,DOC000002,47,[p.47] 마이다스 책임투자 증권 투자 신탁 ( 주식 )A1; 최초설정일 2009-04-20; 3Y 수익률 -2.17%
CLASS000016,FUND000002,5Y,9.84,5.34,2025-04-19,DOC000002,47,[p.47] 마이다스 책임투자 증권 투자 신탁 ( 주식 )A1; 최초설정일 2009-04-20; 5Y 수익률 9.84%
CLASS000016,FUND000002,SINCE_INCEPTION,9.17,3.98,2025-04-19,DOC000002,47,[p.47] 마이다스 책임투자 증권 투자 신탁 ( 주식 )A1; 최초설정일 2009-04-20; SINCE_INCEPTION 수익률 9.17%
CLASS000018,FUND000002,1Y,-3.49,-4.18,2025-04-19,DOC000002,47,[p.47] 마이다스 책임투자 증권 투자 신탁 ( 주식 )C1; 최초설정일 2015-07-24; 1Y 수익률 -3.49%
CLASS000018,FUND000002,2Y,-1.63,-1.79,2025-04-19,DOC000002,47,[p.47] 마이다스 책임투자 증권 투자 신탁 ( 주식 )C1; 최초설정일 2015-07-24; 2Y 수익률 -1.63%
CLASS000018,FUND000002,3Y,-2.75,-2.97,2025-04-19,DOC000002,47,[p.47] 마이다스 책임투자 증권 투자 신탁 ( 주식 )C1; 최초설정일 2015-07-24; 3Y 수익률 -2.75%
CLASS000018,FUND000002,5Y,9.19,5.34,2025-04-19,DOC000002,47,[p.47] 마이다스 책임투자 증권 투자 신탁 ( 주식 )C1; 최초설정일 2015-07-24; 5Y 수익률 9.19%
CLASS000018,FUND000002,SINCE_INCEPTION,7.53,2.71,2025-04-19,DOC000002,47,[p.47] 마이다스 책임투자 증권 투자 신탁 ( 주식 )C1; 최초설정일 2015-07-24; SINCE_INCEPTION 수익률 7.53%
CLASS000019,FUND000002,1Y,-3.35,-4.18,2025-04-19,DOC000002,47,[p.47] 마이다스 책임투자 증권 투자 신탁 ( 주식 )C2; 최초설정일 2010-04-21; 1Y 수익률 -3.35%
CLASS000019,FUND000002,2Y,-1.49,-1.79,2025-04-19,DOC000002,47,[p.47] 마이다스 책임투자 증권 투자 신탁 ( 주식 )C2; 최초설정일 2010-04-21; 2Y 수익률 -1.49%
CLASS000019,FUND000002,3Y,-2.61,-2.97,2025-04-19,DOC000002,47,[p.47] 마이다스 책임투자 증권 투자 신탁 ( 주식 )C2; 최초설정일 2010-04-21; 3Y 수익률 -2.61%
CLASS000019,FUND000002,5Y,9.35,5.34,2025-04-19,DOC000002,47,[p.47] 마이다스 책임투자 증권 투자 신탁 ( 주식 )C2; 최초설정일 2010-04-21; 5Y 수익률 9.35%
CLASS000019,FUND000002,SINCE_INCEPTION,4.13,1.17,2025-04-19,DOC000002,47,[p.47] 마이다스 책임투자 증권 투자 신탁 ( 주식 )C2; 최초설정일 2010-04-21; SINCE_INCEPTION 수익률 4.13%
CLASS000023,FUND000002,1Y,-2.07,-4.18,2025-04-19,DOC000002,47,[p.47] 마이다스 책임투자 증권 투자 신탁 ( 주식 )C-F; 최초설정일 2017-10-18; 1Y 수익률 -2.07%
CLASS000023,FUND000002,2Y,-0.18,-1.79,2025-04-19,DOC000002,47,[p.47] 마이다스 책임투자 증권 투자 신탁 ( 주식 )C-F; 최초설정일 2017-10-18; 2Y 수익률 -0.18%
CLASS000023,FUND000002,3Y,-1.31,-2.97,2025-04-19,DOC000002,47,[p.47] 마이다스 책임투자 증권 투자 신탁 ( 주식 )C-F; 최초설정일 2017-10-18; 3Y 수익률 -1.31%
CLASS000023,FUND000002,5Y,10.79,5.34,2025-04-19,DOC000002,47,[p.47] 마이다스 책임투자 증권 투자 신탁 ( 주식 )C-F; 최초설정일 2017-10-18; 5Y 수익률 10.79%
CLASS000023,FUND000002,SINCE_INCEPTION,7.09,0.93,2025-04-19,DOC000002,47,[p.47] 마이다스 책임투자 증권 투자 신탁 ( 주식 )C-F; 최초설정일 2017-10-18; SINCE_INCEPTION 수익률 7.09%
CLASS000020,FUND000002,1Y,-3.2,-4.18,2025-04-19,DOC000002,47,[p.47] 마이다스 책임투자 증권 투자 신탁 ( 주식 )C3; 최초설정일 2018-02-28; 1Y 수익률 -3.20%
CLASS000020,FUND000002,2Y,-1.34,-1.79,2025-04-19,DOC000002,47,[p.47] 마이다스 책임투자 증권 투자 신탁 ( 주식 )C3; 최초설정일 2018-02-28; 2Y 수익률 -1.34%
CLASS000020,FUND000002,3Y,-2.46,-2.97,2025-04-19,DOC000002,47,[p.47] 마이다스 책임투자 증권 투자 신탁 ( 주식 )C3; 최초설정일 2018-02-28; 3Y 수익률 -2.46%
CLASS000020,FUND000002,5Y,9.52,5.34,2025-04-19,DOC000002,47,[p.47] 마이다스 책임투자 증권 투자 신탁 ( 주식 )C3; 최초설정일 2018-02-28; 5Y 수익률 9.52%
CLASS000020,FUND000002,SINCE_INCEPTION,4.97,0.15,2025-04-19,DOC000002,47,[p.47] 마이다스 책임투자 증권 투자 신탁 ( 주식 )C3; 최초설정일 2018-02-28; SINCE_INCEPTION 수익률 4.97%
CLASS000022,FUND000002,1Y,-2.91,-4.18,2025-04-19,DOC000002,47,[p.47] 마이다스 책임투자 증권 투자 신탁 ( 주식 )Ce; 최초설정일 2009-04-20; 1Y 수익률 -2.91%
CLASS000022,FUND000002,2Y,-1.04,-1.79,2025-04-19,DOC000002,47,[p.47] 마이다스 책임투자 증권 투자 신탁 ( 주식 )Ce; 최초설정일 2009-04-20; 2Y 수익률 -1.04%
CLASS000022,FUND000002,3Y,-2.17,-2.97,2025-04-19,DOC000002,47,[p.47] 마이다스 책임투자 증권 투자 신탁 ( 주식 )Ce; 최초설정일 2009-04-20; 3Y 수익률 -2.17%
CLASS000022,FUND000002,5Y,9.84,5.34,2025-04-19,DOC000002,47,[p.47] 마이다스 책임투자 증권 투자 신탁 ( 주식 )Ce; 최초설정일 2009-04-20; 5Y 수익률 9.84%
CLASS000022,FUND000002,SINCE_INCEPTION,9.13,3.98,2025-04-19,DOC000002,47,[p.47] 마이다스 책임투자 증권 투자 신탁 ( 주식 )Ce; 최초설정일 2009-04-20; SINCE_INCEPTION 수익률 9.13%
CLASS000021,FUND000002,1Y,-3.01,-4.18,2025-04-19,DOC000002,47,[p.47] 마이다스 책임투자 증권 투자 신탁 ( 주식 )C4; 최초설정일 2012-04-23; 1Y 수익률 -3.01%
CLASS000021,FUND000002,2Y,-1.14,-1.79,2025-04-19,DOC000002,47,[p.47] 마이다스 책임투자 증권 투자 신탁 ( 주식 )C4; 최초설정일 2012-04-23; 2Y 수익률 -1.14%
CLASS000021,FUND000002,3Y,-2.27,-2.97,2025-04-19,DOC000002,47,[p.47] 마이다스 책임투자 증권 투자 신탁 ( 주식 )C4; 최초설정일 2012-04-23; 3Y 수익률 -2.27%
CLASS000021,FUND000002,5Y,9.73,5.34,2025-04-19,DOC000002,47,[p.47] 마이다스 책임투자 증권 투자 신탁 ( 주식 )C4; 최초설정일 2012-04-23; 5Y 수익률 9.73%
CLASS000021,FUND000002,SINCE_INCEPTION,6.84,1.78,2025-04-19,DOC000002,47,[p.47] 마이다스 책임투자 증권 투자 신탁 ( 주식 )C4; 최초설정일 2012-04-23; SINCE_INCEPTION 수익률 6.84%
CLASS000029,FUND000002,1Y,-2.38,-4.18,2025-04-19,DOC000002,48,[p.48] 마이다스 책임투자 증권 투자 신탁 ( 주식 )S; 최초설정일 2014-04-23; 1Y 수익률 -2.38%
CLASS000029,FUND000002,2Y,-0.5,-1.79,2025-04-19,DOC000002,48,[p.48] 마이다스 책임투자 증권 투자 신탁 ( 주식 )S; 최초설정일 2014-04-23; 2Y 수익률 -0.50%
CLASS000029,FUND000002,3Y,-1.62,-2.97,2025-04-19,DOC000002,48,[p.48] 마이다스 책임투자 증권 투자 신탁 ( 주식 )S; 최초설정일 2014-04-23; 3Y 수익률 -1.62%
CLASS000029,FUND000002,5Y,10.44,5.34,2025-04-19,DOC000002,48,[p.48] 마이다스 책임투자 증권 투자 신탁 ( 주식 )S; 최초설정일 2014-04-23; 5Y 수익률 10.44%
CLASS000029,FUND000002,SINCE_INCEPTION,8.01,1.97,2025-04-19,DOC000002,48,[p.48] 마이다스 책임투자 증권 투자 신탁 ( 주식 )S; 최초설정일 2014-04-23; SINCE_INCEPTION 수익률 8.01%
CLASS000017,FUND000002,1Y,-2.48,-4.18,2025-04-19,DOC000002,48,[p.48] 마이다스 책임투자 증권 투자 신탁 ( 주식 )Ae; 최초설정일 2014-06-11; 1Y 수익률 -2.48%
CLASS000017,FUND000002,2Y,-0.6,-1.79,2025-04-19,DOC000002,48,[p.48] 마이다스 책임투자 증권 투자 신탁 ( 주식 )Ae; 최초설정일 2014-06-11; 2Y 수익률 -0.60%
CLASS000017,FUND000002,3Y,-1.72,-2.97,2025-04-19,DOC000002,48,[p.48] 마이다스 책임투자 증권 투자 신탁 ( 주식 )Ae; 최초설정일 2014-06-11; 3Y 수익률 -1.72%
CLASS000017,FUND000002,5Y,10.33,5.34,2025-04-19,DOC000002,48,[p.48] 마이다스 책임투자 증권 투자 신탁 ( 주식 )Ae; 최초설정일 2014-06-11; 5Y 수익률 10.33%
CLASS000017,FUND000002,SINCE_INCEPTION,7.88,1.96,2025-04-19,DOC000002,48,[p.48] 마이다스 책임투자 증권 투자 신탁 ( 주식 )Ae; 최초설정일 2014-06-11; SINCE_INCEPTION 수익률 7.88%
CLASS000025,FUND000002,1Y,-2.85,-4.18,2025-04-19,DOC000002,48,[p.48] 마이다스 책임투자 증권 투자 신탁 ( 주식 )C-P1; 최초설정일 2016-01-19; 1Y 수익률 -2.85%
CLASS000025,FUND000002,2Y,-0.98,-1.79,2025-04-19,DOC000002,48,[p.48] 마이다스 책임투자 증권 투자 신탁 ( 주식 )C-P1; 최초설정일 2016-01-19; 2Y 수익률 -0.98%
CLASS000025,FUND000002,3Y,-2.11,-2.97,2025-04-19,DOC000002,48,[p.48] 마이다스 책임투자 증권 투자 신탁 ( 주식 )C-P1; 최초설정일 2016-01-19; 3Y 수익률 -2.11%
CLASS000025,FUND000002,5Y,9.91,5.34,2025-04-19,DOC000002,48,[p.48] 마이다스 책임투자 증권 투자 신탁 ( 주식 )C-P1; 최초설정일 2016-01-19; 5Y 수익률 9.91%
CLASS000025,FUND000002,SINCE_INCEPTION,8.58,3.06,2025-04-19,DOC000002,48,[p.48] 마이다스 책임투자 증권 투자 신탁 ( 주식 )C-P1; 최초설정일 2016-01-19; SINCE_INCEPTION 수익률 8.58%
CLASS000027,FUND000002,1Y,-2.62,-4.18,2025-04-19,DOC000002,48,[p.48] 마이다스 책임투자 증권 투자 신탁 ( 주식 )C-P2; 최초설정일 2016-06-27; 1Y 수익률 -2.62%
CLASS000027,FUND000002,2Y,-0.74,-1.79,2025-04-19,DOC000002,48,[p.48] 마이다스 책임투자 증권 투자 신탁 ( 주식 )C-P2; 최초설정일 2016-06-27; 2Y 수익률 -0.74%
CLASS000027,FUND000002,3Y,-1.87,-2.97,2025-04-19,DOC000002,48,[p.48] 마이다스 책임투자 증권 투자 신탁 ( 주식 )C-P2; 최초설정일 2016-06-27; 3Y 수익률 -1.87%
CLASS000027,FUND000002,5Y,10.17,5.34,2025-04-19,DOC000002,48,[p.48] 마이다스 책임투자 증권 투자 신탁 ( 주식 )C-P2; 최초설정일 2016-06-27; 5Y 수익률 10.17%
CLASS000027,FUND000002,SINCE_INCEPTION,9.16,2.93,2025-04-19,DOC000002,48,[p.48] 마이다스 책임투자 증권 투자 신탁 ( 주식 )C-P2; 최초설정일 2016-06-27; SINCE_INCEPTION 수익률 9.16%
CLASS000030,FUND000002,1Y,-2.28,-4.18,2025-04-19,DOC000002,48,[p.48] 마이다스 책임투자 증권 투자 신탁 ( 주식 )S-P; 최초설정일 2016-06-30; 1Y 수익률 -2.28%
CLASS000030,FUND000002,2Y,-0.4,-1.79,2025-04-19,DOC000002,48,[p.48] 마이다스 책임투자 증권 투자 신탁 ( 주식 )S-P; 최초설정일 2016-06-30; 2Y 수익률 -0.40%
CLASS000030,FUND000002,3Y,-1.52,-2.97,2025-04-19,DOC000002,48,[p.48] 마이다스 책임투자 증권 투자 신탁 ( 주식 )S-P; 최초설정일 2016-06-30; 3Y 수익률 -1.52%
CLASS000030,FUND000002,5Y,10.55,5.34,2025-04-19,DOC000002,48,[p.48] 마이다스 책임투자 증권 투자 신탁 ( 주식 )S-P; 최초설정일 2016-06-30; 5Y 수익률 10.55%
CLASS000030,FUND000002,SINCE_INCEPTION,9.44,2.74,2025-04-19,DOC000002,48,[p.48] 마이다스 책임투자 증권 투자 신탁 ( 주식 )S-P; 최초설정일 2016-06-30; SINCE_INCEPTION 수익률 9.44%
CLASS000024,FUND000002,1Y,-2.04,-4.18,2025-04-19,DOC000002,48,[p.48] 마이다스 책임투자 증권 투자 신탁 ( 주식 )C-W; 최초설정일 2017-11-15; 1Y 수익률 -2.04%
CLASS000024,FUND000002,2Y,-0.15,-1.79,2025-04-19,DOC000002,48,[p.48] 마이다스 책임투자 증권 투자 신탁 ( 주식 )C-W; 최초설정일 2017-11-15; 2Y 수익률 -0.15%
CLASS000024,FUND000002,3Y,-1.28,-2.97,2025-04-19,DOC000002,48,[p.48] 마이다스 책임투자 증권 투자 신탁 ( 주식 )C-W; 최초설정일 2017-11-15; 3Y 수익률 -1.28%
CLASS000024,FUND000002,5Y,10.82,5.34,2025-04-19,DOC000002,48,[p.48] 마이다스 책임투자 증권 투자 신탁 ( 주식 )C-W; 최초설정일 2017-11-15; 5Y 수익률 10.82%
CLASS000024,FUND000002,SINCE_INCEPTION,6.44,-0.23,2025-04-19,DOC000002,48,[p.48] 마이다스 책임투자 증권 투자 신탁 ( 주식 )C-W; 최초설정일 2017-11-15; SINCE_INCEPTION 수익률 6.44%
CLASS000026,FUND000002,1Y,-2.45,-4.18,2025-04-19,DOC000002,48,[p.48] 마이다스 책임투자 증권 투자 신탁 ( 주식 )C-Pe1; 최초설정일 2017-10-18; 1Y 수익률 -2.45%
CLASS000026,FUND000002,2Y,-0.57,-1.79,2025-04-19,DOC000002,48,[p.48] 마이다스 책임투자 증권 투자 신탁 ( 주식 )C-Pe1; 최초설정일 2017-10-18; 2Y 수익률 -0.57%
CLASS000026,FUND000002,3Y,-1.69,-2.97,2025-04-19,DOC000002,48,[p.48] 마이다스 책임투자 증권 투자 신탁 ( 주식 )C-Pe1; 최초설정일 2017-10-18; 3Y 수익률 -1.69%
CLASS000026,FUND000002,5Y,10.36,5.34,2025-04-19,DOC000002,48,[p.48] 마이다스 책임투자 증권 투자 신탁 ( 주식 )C-Pe1; 최초설정일 2017-10-18; 5Y 수익률 10.36%
CLASS000026,FUND000002,SINCE_INCEPTION,6.48,-0.01,2025-04-19,DOC000002,48,[p.48] 마이다스 책임투자 증권 투자 신탁 ( 주식 )C-Pe1; 최초설정일 2017-10-18; SINCE_INCEPTION 수익률 6.48%
CLASS000028,FUND000002,1Y,-2.33,-4.18,2025-04-19,DOC000002,48,[p.48] 마이다스 책임투자 증권 투자 신탁 ( 주식 )C-Pe2; 최초설정일 2017-08-07; 1Y 수익률 -2.33%
CLASS000028,FUND000002,2Y,-0.45,-1.79,2025-04-19,DOC000002,48,[p.48] 마이다스 책임투자 증권 투자 신탁 ( 주식 )C-Pe2; 최초설정일 2017-08-07; 2Y 수익률 -0.45%
CLASS000028,FUND000002,3Y,-1.58,-2.97,2025-04-19,DOC000002,48,[p.48] 마이다스 책임투자 증권 투자 신탁 ( 주식 )C-Pe2; 최초설정일 2017-08-07; 3Y 수익률 -1.58%
CLASS000028,FUND000002,5Y,10.49,5.34,2025-04-19,DOC000002,48,[p.48] 마이다스 책임투자 증권 투자 신탁 ( 주식 )C-Pe2; 최초설정일 2017-08-07; 5Y 수익률 10.49%
CLASS000028,FUND000002,SINCE_INCEPTION,6.92,0.66,2025-04-19,DOC000002,48,[p.48] 마이다스 책임투자 증권 투자 신탁 ( 주식 )C-Pe2; 최초설정일 2017-08-07; SINCE_INCEPTION 수익률 6.92%
,FUND000003,1Y,15.28,5.82,2025-10-01,DOC000003,60,"[p.60] 수수료미징구 - 온라인슈퍼 - 퇴직연금 기간 2022/12/05~2023/10/01 2023/10/02~2024/10/01 2024/10/02~2025/10/01 ( 주 1) 이익분배에 의한 재투자분을 3. 집합투자기구의 운용실적 투자실적 추이는 투자자의 투자판단에 수익률을 , 연도별 수익률은 운용 실적으로 투자자의 투자시기에 보장하지 않습니다 가 . 연평균수익률 종류 마이다스 거북이 90 증권 자투자신탁 1 호 ( 주식 )( 운용 ); 최초설정일 2013-10-02; 1Y 수익률 15.28%"
,FUND000003,2Y,12.67,5.44,2025-10-01,DOC000003,60,"[p.60] 수수료미징구 - 온라인슈퍼 - 퇴직연금 기간 2022/12/05~2023/10/01 2023/10/02~2024/10/01 2024/10/02~2025/10/01 ( 주 1) 이익분배에 의한 재투자분을 3. 집합투자기구의 운용실적 투자실적 추이는 투자자의 투자판단에 수익률을 , 연도별 수익률은 운용 실적으로 투자자의 투자시기에 보장하지 않습니다 가 . 연평균수익률 종류 마이다스 거북이 90 증권 자투자신탁 1 호 ( 주식 )( 운용 ); 최초설정일 2013-10-02; 2Y 수익률 12.67%"
,FUND000003,3Y,11.07,5.38,2025-10-01,DOC000003,60,"[p.60] 수수료미징구 - 온라인슈퍼 - 퇴직연금 기간 2022/12/05~2023/10/01 2023/10/02~2024/10/01 2024/10/02~2025/10/01 ( 주 1) 이익분배에 의한 재투자분을 3. 집합투자기구의 운용실적 투자실적 추이는 투자자의 투자판단에 수익률을 , 연도별 수익률은 운용 실적으로 투자자의 투자시기에 보장하지 않습니다 가 . 연평균수익률 종류 마이다스 거북이 90 증권 자투자신탁 1 호 ( 주식 )( 운용 ); 최초설정일 2013-10-02; 3Y 수익률 11.07%"
,FUND000003,5Y,11.67,2.97,2025-10-01,DOC000003,60,"[p.60] 수수료미징구 - 온라인슈퍼 - 퇴직연금 기간 2022/12/05~2023/10/01 2023/10/02~2024/10/01 2024/10/02~2025/10/01 ( 주 1) 이익분배에 의한 재투자분을 3. 집합투자기구의 운용실적 투자실적 추이는 투자자의 투자판단에 수익률을 , 연도별 수익률은 운용 실적으로 투자자의 투자시기에 보장하지 않습니다 가 . 연평균수익률 종류 마이다스 거북이 90 증권 자투자신탁 1 호 ( 주식 )( 운용 ); 최초설정일 2013-10-02; 5Y 수익률 11.67%"
,FUND000003,SINCE_INCEPTION,6.28,2.65,2025-10-01,DOC000003,60,"[p.60] 수수료미징구 - 온라인슈퍼 - 퇴직연금 기간 2022/12/05~2023/10/01 2023/10/02~2024/10/01 2024/10/02~2025/10/01 ( 주 1) 이익분배에 의한 재투자분을 3. 집합투자기구의 운용실적 투자실적 추이는 투자자의 투자판단에 수익률을 , 연도별 수익률은 운용 실적으로 투자자의 투자시기에 보장하지 않습니다 가 . 연평균수익률 종류 마이다스 거북이 90 증권 자투자신탁 1 호 ( 주식 )( 운용 ); 최초설정일 2013-10-02; SINCE_INCEPTION 수익률 6.28%"
CLASS000035,FUND000003,1Y,13.8,5.82,2025-10-01,DOC000003,60,[p.60] 마이다스 거북이 90 증권 자투자신탁 1 호 ( 주식 )A; 최초설정일 2013-10-02; 1Y 수익률 13.80%
CLASS000035,FUND000003,2Y,11.22,5.44,2025-10-01,DOC000003,60,[p.60] 마이다스 거북이 90 증권 자투자신탁 1 호 ( 주식 )A; 최초설정일 2013-10-02; 2Y 수익률 11.22%
CLASS000035,FUND000003,3Y,9.64,5.38,2025-10-01,DOC000003,60,[p.60] 마이다스 거북이 90 증권 자투자신탁 1 호 ( 주식 )A; 최초설정일 2013-10-02; 3Y 수익률 9.64%
CLASS000035,FUND000003,5Y,10.24,2.97,2025-10-01,DOC000003,60,[p.60] 마이다스 거북이 90 증권 자투자신탁 1 호 ( 주식 )A; 최초설정일 2013-10-02; 5Y 수익률 10.24%
CLASS000035,FUND000003,SINCE_INCEPTION,4.88,2.65,2025-10-01,DOC000003,60,[p.60] 마이다스 거북이 90 증권 자투자신탁 1 호 ( 주식 )A; 최초설정일 2013-10-02; SINCE_INCEPTION 수익률 4.88%
CLASS000036,FUND000003,1Y,14.21,5.82,2025-10-01,DOC000003,60,[p.60] 마이다스 거북이 90 증권 자투자신탁 1 호 ( 주식 )Ae; 최초설정일 2013-10-24; 1Y 수익률 14.21%
CLASS000036,FUND000003,2Y,11.62,5.44,2025-10-01,DOC000003,60,[p.60] 마이다스 거북이 90 증권 자투자신탁 1 호 ( 주식 )Ae; 최초설정일 2013-10-24; 2Y 수익률 11.62%
CLASS000036,FUND000003,3Y,10.03,5.38,2025-10-01,DOC000003,60,[p.60] 마이다스 거북이 90 증권 자투자신탁 1 호 ( 주식 )Ae; 최초설정일 2013-10-24; 3Y 수익률 10.03%
CLASS000036,FUND000003,5Y,10.63,2.97,2025-10-01,DOC000003,60,[p.60] 마이다스 거북이 90 증권 자투자신탁 1 호 ( 주식 )Ae; 최초설정일 2013-10-24; 5Y 수익률 10.63%
CLASS000036,FUND000003,SINCE_INCEPTION,5.19,2.63,2025-10-01,DOC000003,60,[p.60] 마이다스 거북이 90 증권 자투자신탁 1 호 ( 주식 )Ae; 최초설정일 2013-10-24; SINCE_INCEPTION 수익률 5.19%
CLASS000037,FUND000003,1Y,12.94,5.82,2025-10-01,DOC000003,60,[p.60] 마이다스 거북이 90 증권 자투자신탁 1 호 ( 주식 )C1; 최초설정일 2013-10-02; 1Y 수익률 12.94%
CLASS000037,FUND000003,2Y,10.37,5.44,2025-10-01,DOC000003,60,[p.60] 마이다스 거북이 90 증권 자투자신탁 1 호 ( 주식 )C1; 최초설정일 2013-10-02; 2Y 수익률 10.37%
CLASS000037,FUND000003,3Y,8.8,5.38,2025-10-01,DOC000003,60,[p.60] 마이다스 거북이 90 증권 자투자신탁 1 호 ( 주식 )C1; 최초설정일 2013-10-02; 3Y 수익률 8.80%
CLASS000037,FUND000003,5Y,7.14,3.52,2025-10-01,DOC000003,60,[p.60] 마이다스 거북이 90 증권 자투자신탁 1 호 ( 주식 )C1; 최초설정일 2013-10-02; 5Y 수익률 7.14%
CLASS000037,FUND000003,SINCE_INCEPTION,3.18,2.88,2025-10-01,DOC000003,60,[p.60] 마이다스 거북이 90 증권 자투자신탁 1 호 ( 주식 )C1; 최초설정일 2013-10-02; SINCE_INCEPTION 수익률 3.18%
CLASS000038,FUND000003,1Y,13.28,5.82,2025-10-01,DOC000003,61,[p.61] 마이다스 거북이 90 증권 자투자신탁 1 호 ( 주식 )C2; 최초설정일 2014-10-02; 1Y 수익률 13.28%
CLASS000038,FUND000003,2Y,10.71,5.44,2025-10-01,DOC000003,61,[p.61] 마이다스 거북이 90 증권 자투자신탁 1 호 ( 주식 )C2; 최초설정일 2014-10-02; 2Y 수익률 10.71%
CLASS000038,FUND000003,3Y,6.95,3.58,2025-10-01,DOC000003,61,[p.61] 마이다스 거북이 90 증권 자투자신탁 1 호 ( 주식 )C2; 최초설정일 2014-10-02; 3Y 수익률 6.95%
CLASS000038,FUND000003,5Y,4.11,2.13,2025-10-01,DOC000003,61,[p.61] 마이다스 거북이 90 증권 자투자신탁 1 호 ( 주식 )C2; 최초설정일 2014-10-02; 5Y 수익률 4.11%
CLASS000038,FUND000003,SINCE_INCEPTION,1.85,0.96,2025-10-01,DOC000003,61,[p.61] 마이다스 거북이 90 증권 자투자신탁 1 호 ( 주식 )C2; 최초설정일 2014-10-02; SINCE_INCEPTION 수익률 1.85%
CLASS000039,FUND000003,1Y,13.72,5.82,2025-10-01,DOC000003,61,[p.61] 마이다스 거북이 90 증권 자투자신탁 1 호 ( 주식 )C3; 최초설정일 2015-10-02; 1Y 수익률 13.72%
CLASS000039,FUND000003,2Y,6.96,2.97,2025-10-01,DOC000003,61,[p.61] 마이다스 거북이 90 증권 자투자신탁 1 호 ( 주식 )C3; 최초설정일 2015-10-02; 2Y 수익률 6.96%
CLASS000039,FUND000003,3Y,4.59,1.97,2025-10-01,DOC000003,61,[p.61] 마이다스 거북이 90 증권 자투자신탁 1 호 ( 주식 )C3; 최초설정일 2015-10-02; 3Y 수익률 4.59%
CLASS000039,FUND000003,5Y,2.73,1.18,2025-10-01,DOC000003,61,[p.61] 마이다스 거북이 90 증권 자투자신탁 1 호 ( 주식 )C3; 최초설정일 2015-10-02; 5Y 수익률 2.73%
CLASS000039,FUND000003,SINCE_INCEPTION,0.72,0.82,2025-10-01,DOC000003,61,[p.61] 마이다스 거북이 90 증권 자투자신탁 1 호 ( 주식 )C3; 최초설정일 2015-10-02; SINCE_INCEPTION 수익률 0.72%
CLASS000040,FUND000003,1Y,14.05,5.82,2025-10-01,DOC000003,61,[p.61] 마이다스 거북이 90 증권 자투자신탁 1 호 ( 주식 )C4; 최초설정일 2016-10-10; 1Y 수익률 14.05%
CLASS000040,FUND000003,2Y,11.47,5.44,2025-10-01,DOC000003,61,[p.61] 마이다스 거북이 90 증권 자투자신탁 1 호 ( 주식 )C4; 최초설정일 2016-10-10; 2Y 수익률 11.47%
CLASS000040,FUND000003,3Y,9.88,5.38,2025-10-01,DOC000003,61,[p.61] 마이다스 거북이 90 증권 자투자신탁 1 호 ( 주식 )C4; 최초설정일 2016-10-10; 3Y 수익률 9.88%
CLASS000040,FUND000003,5Y,10.48,2.97,2025-10-01,DOC000003,61,[p.61] 마이다스 거북이 90 증권 자투자신탁 1 호 ( 주식 )C4; 최초설정일 2016-10-10; 5Y 수익률 10.48%
CLASS000040,FUND000003,SINCE_INCEPTION,6.29,2.64,2025-10-01,DOC000003,61,[p.61] 마이다스 거북이 90 증권 자투자신탁 1 호 ( 주식 )C4; 최초설정일 2016-10-10; SINCE_INCEPTION 수익률 6.29%
CLASS000041,FUND000003,1Y,14.06,5.82,2025-10-01,DOC000003,61,[p.61] 마이다스 거북이 90 증권 자투자신탁 1 호 ( 주식 )Ce; 최초설정일 2013-11-08; 1Y 수익률 14.06%
CLASS000041,FUND000003,2Y,11.48,5.44,2025-10-01,DOC000003,61,[p.61] 마이다스 거북이 90 증권 자투자신탁 1 호 ( 주식 )Ce; 최초설정일 2013-11-08; 2Y 수익률 11.48%
CLASS000041,FUND000003,3Y,9.89,5.38,2025-10-01,DOC000003,61,[p.61] 마이다스 거북이 90 증권 자투자신탁 1 호 ( 주식 )Ce; 최초설정일 2013-11-08; 3Y 수익률 9.89%
CLASS000041,FUND000003,5Y,10.49,2.97,2025-10-01,DOC000003,61,[p.61] 마이다스 거북이 90 증권 자투자신탁 1 호 ( 주식 )Ce; 최초설정일 2013-11-08; 5Y 수익률 10.49%
CLASS000041,FUND000003,SINCE_INCEPTION,5.03,2.65,2025-10-01,DOC000003,61,[p.61] 마이다스 거북이 90 증권 자투자신탁 1 호 ( 주식 )Ce; 최초설정일 2013-11-08; SINCE_INCEPTION 수익률 5.03%
CLASS000043,FUND000003,1Y,14.61,5.82,2025-10-01,DOC000003,61,[p.61] 마이다스 거북이 90 증권 자투자신탁 1 호 ( 주식 )C- W; 최초설정일 2013-12-10; 1Y 수익률 14.61%
CLASS000043,FUND000003,2Y,12.01,5.44,2025-10-01,DOC000003,61,[p.61] 마이다스 거북이 90 증권 자투자신탁 1 호 ( 주식 )C- W; 최초설정일 2013-12-10; 2Y 수익률 12.01%
CLASS000043,FUND000003,3Y,10.42,5.38,2025-10-01,DOC000003,61,[p.61] 마이다스 거북이 90 증권 자투자신탁 1 호 ( 주식 )C- W; 최초설정일 2013-12-10; 3Y 수익률 10.42%
CLASS000043,FUND000003,5Y,7.45,3.63,2025-10-01,DOC000003,61,[p.61] 마이다스 거북이 90 증권 자투자신탁 1 호 ( 주식 )C- W; 최초설정일 2013-12-10; 5Y 수익률 7.45%
CLASS000043,FUND000003,SINCE_INCEPTION,4.14,2.93,2025-10-01,DOC000003,61,[p.61] 마이다스 거북이 90 증권 자투자신탁 1 호 ( 주식 )C- W; 최초설정일 2013-12-10; SINCE_INCEPTION 수익률 4.14%
CLASS000044,FUND000003,1Y,13.69,5.82,2025-10-01,DOC000003,61,[p.61] 마이다스 거북이 90 증권 자투자신탁 1 호 ( 주식 ) C- P1; 최초설정일 2023-11-01; 1Y 수익률 13.69%
CLASS000044,FUND000003,SINCE_INCEPTION,12.02,5.96,2025-10-01,DOC000003,61,[p.61] 마이다스 거북이 90 증권 자투자신탁 1 호 ( 주식 ) C- P1; 최초설정일 2023-11-01; SINCE_INCEPTION 수익률 12.02%
CLASS000048,FUND000003,1Y,14.22,5.82,2025-10-01,DOC000003,61,[p.61] 마이다스 거북이 90 증권 자투자신탁 1 호 ( 주식 )S; 최초설정일 2016-07-05; 1Y 수익률 14.22%
CLASS000048,FUND000003,2Y,11.63,5.44,2025-10-01,DOC000003,61,[p.61] 마이다스 거북이 90 증권 자투자신탁 1 호 ( 주식 )S; 최초설정일 2016-07-05; 2Y 수익률 11.63%
CLASS000048,FUND000003,3Y,10.05,5.38,2025-10-01,DOC000003,61,[p.61] 마이다스 거북이 90 증권 자투자신탁 1 호 ( 주식 )S; 최초설정일 2016-07-05; 3Y 수익률 10.05%
CLASS000048,FUND000003,5Y,9.82,2.9,2025-10-01,DOC000003,61,[p.61] 마이다스 거북이 90 증권 자투자신탁 1 호 ( 주식 )S; 최초설정일 2016-07-05; 5Y 수익률 9.82%
CLASS000048,FUND000003,SINCE_INCEPTION,4.86,2.29,2025-10-01,DOC000003,61,[p.61] 마이다스 거북이 90 증권 자투자신탁 1 호 ( 주식 )S; 최초설정일 2016-07-05; SINCE_INCEPTION 수익률 4.86%
CLASS000049,FUND000003,1Y,14.3,5.82,2025-10-01,DOC000003,61,[p.61] 마이다스 거북이 90 증권 자투자신탁 1 호 ( 주식 )S-P; 최초설정일 2016-07-05; 1Y 수익률 14.30%
CLASS000049,FUND000003,2Y,11.71,5.44,2025-10-01,DOC000003,61,[p.61] 마이다스 거북이 90 증권 자투자신탁 1 호 ( 주식 )S-P; 최초설정일 2016-07-05; 2Y 수익률 11.71%
CLASS000049,FUND000003,3Y,10.12,5.38,2025-10-01,DOC000003,61,[p.61] 마이다스 거북이 90 증권 자투자신탁 1 호 ( 주식 )S-P; 최초설정일 2016-07-05; 3Y 수익률 10.12%
CLASS000049,FUND000003,5Y,10.74,2.97,2025-10-01,DOC000003,61,[p.61] 마이다스 거북이 90 증권 자투자신탁 1 호 ( 주식 )S-P; 최초설정일 2016-07-05; 5Y 수익률 10.74%
CLASS000049,FUND000003,SINCE_INCEPTION,6.69,2.61,2025-10-01,DOC000003,61,[p.61] 마이다스 거북이 90 증권 자투자신탁 1 호 ( 주식 )S-P; 최초설정일 2016-07-05; SINCE_INCEPTION 수익률 6.69%
CLASS000051,FUND000003,SINCE_INCEPTION,6.75,5.79,2025-10-01,DOC000003,61,[p.61] 마이다스 거북이 90 증권 자투자신탁 1 호 ( 주식 ) AG; 최초설정일 2025-06-25; SINCE_INCEPTION 수익률 6.75%
CLASS000045,FUND000003,1Y,14.14,5.82,2025-10-01,DOC000003,62,[p.62] 마이다스 거북이 90 증권 자투자신탁 1 호 ( 주식 ) C- Pe1; 최초설정일 2023-01-19; 1Y 수익률 14.14%
CLASS000045,FUND000003,2Y,11.56,5.44,2025-10-01,DOC000003,62,[p.62] 마이다스 거북이 90 증권 자투자신탁 1 호 ( 주식 ) C- Pe1; 최초설정일 2023-01-19; 2Y 수익률 11.56%
CLASS000045,FUND000003,SINCE_INCEPTION,10.59,4.92,2025-10-01,DOC000003,62,[p.62] 마이다스 거북이 90 증권 자투자신탁 1 호 ( 주식 ) C- Pe1; 최초설정일 2023-01-19; SINCE_INCEPTION 수익률 10.59%
CLASS000046,FUND000003,1Y,13.98,5.82,2025-10-01,DOC000003,62,[p.62] 마이다스 거북이 90 증권 자투자신탁 1 호 ( 주식 ) C- P2; 최초설정일 2024-05-28; 1Y 수익률 13.98%
CLASS000046,FUND000003,SINCE_INCEPTION,10.26,5.35,2025-10-01,DOC000003,62,[p.62] 마이다스 거북이 90 증권 자투자신탁 1 호 ( 주식 ) C- P2; 최초설정일 2024-05-28; SINCE_INCEPTION 수익률 10.26%
CLASS000047,FUND000003,1Y,14.33,5.82,2025-10-01,DOC000003,62,[p.62] 마이다스 거북이 90 증권 자투자신탁 1 호 ( 주식 ) C- Pe2; 최초설정일 2023-01-19; 1Y 수익률 14.33%
CLASS000047,FUND000003,2Y,11.99,5.44,2025-10-01,DOC000003,62,[p.62] 마이다스 거북이 90 증권 자투자신탁 1 호 ( 주식 ) C- Pe2; 최초설정일 2023-01-19; 2Y 수익률 11.99%
CLASS000047,FUND000003,SINCE_INCEPTION,10.98,4.92,2025-10-01,DOC000003,62,[p.62] 마이다스 거북이 90 증권 자투자신탁 1 호 ( 주식 ) C- Pe2; 최초설정일 2023-01-19; SINCE_INCEPTION 수익률 10.98%
CLASS000050,FUND000003,1Y,14.35,5.82,2025-10-01,DOC000003,62,[p.62] 마이다스 거북이 90 증권 자투자신탁 1 호 ( 주식 )S-R; 최초설정일 2022-12-05; 1Y 수익률 14.35%
CLASS000050,FUND000003,2Y,11.76,5.44,2025-10-01,DOC000003,62,[p.62] 마이다스 거북이 90 증권 자투자신탁 1 호 ( 주식 )S-R; 최초설정일 2022-12-05; 2Y 수익률 11.76%
CLASS000050,FUND000003,SINCE_INCEPTION,10.51,4.93,2025-10-01,DOC000003,62,[p.62] 마이다스 거북이 90 증권 자투자신탁 1 호 ( 주식 )S-R; 최초설정일 2022-12-05; SINCE_INCEPTION 수익률 10.51%
,FUND000004,1Y,5.13,4.09,2025-07-18,DOC000004,36,[p.36] 연평균수익률; 1Y 수익률 5.13%; 비교지수 4.09%
,FUND000004,2Y,5.68,4.48,2025-07-18,DOC000004,36,[p.36] 연평균수익률; 2Y 수익률 5.68%; 비교지수 4.48%
,FUND000004,3Y,5.15,4.3,2025-07-18,DOC000004,36,[p.36] 연평균수익률; 3Y 수익률 5.15%; 비교지수 4.3%
,FUND000004,5Y,3.44,2.61,2025-07-18,DOC000004,36,[p.36] 연평균수익률; 5Y 수익률 3.44%; 비교지수 2.61%
,FUND000004,SINCE_INCEPTION,3.26,2.51,2025-07-18,DOC000004,36,[p.36] 연평균수익률; SINCE_INCEPTION 수익률 3.26%; 비교지수 2.51%
CLASS000053,FUND000004,2Y,2.24,1.73,2025-07-18,DOC000004,36,[p.36] 연평균수익률; 2Y 수익률 2.24%; 비교지수 1.73%
CLASS000053,FUND000004,3Y,2.86,2.47,2025-07-18,DOC000004,36,[p.36] 연평균수익률; 3Y 수익률 2.86%; 비교지수 2.47%
CLASS000053,FUND000004,5Y,2.04,1.52,2025-07-18,DOC000004,36,[p.36] 연평균수익률; 5Y 수익률 2.04%; 비교지수 1.52%
CLASS000053,FUND000004,SINCE_INCEPTION,2.37,1.82,2025-07-18,DOC000004,36,[p.36] 연평균수익률; SINCE_INCEPTION 수익률 2.37%; 비교지수 1.82%
CLASS000054,FUND000004,1Y,4.93,4.09,2025-07-18,DOC000004,36,[p.36] 연평균수익률; 1Y 수익률 4.93%; 비교지수 4.09%
CLASS000054,FUND000004,2Y,5.47,4.48,2025-07-18,DOC000004,36,[p.36] 연평균수익률; 2Y 수익률 5.47%; 비교지수 4.48%
CLASS000054,FUND000004,3Y,4.95,4.3,2025-07-18,DOC000004,36,[p.36] 연평균수익률; 3Y 수익률 4.95%; 비교지수 4.3%
CLASS000054,FUND000004,5Y,3.24,2.61,2025-07-18,DOC000004,36,[p.36] 연평균수익률; 5Y 수익률 3.24%; 비교지수 2.61%
CLASS000054,FUND000004,SINCE_INCEPTION,3.12,2.59,2025-07-18,DOC000004,36,[p.36] 연평균수익률; SINCE_INCEPTION 수익률 3.12%; 비교지수 2.59%
CLASS000055,FUND000004,1Y,1.57,1.46,2025-07-18,DOC000004,36,[p.36] 연평균수익률; 1Y 수익률 1.57%; 비교지수 1.46%
CLASS000055,FUND000004,2Y,2.91,2.47,2025-07-18,DOC000004,36,[p.36] 연평균수익률; 2Y 수익률 2.91%; 비교지수 2.47%
CLASS000055,FUND000004,3Y,3.2,2.96,2025-07-18,DOC000004,36,[p.36] 연평균수익률; 3Y 수익률 3.2%; 비교지수 2.96%
CLASS000055,FUND000004,5Y,2.1,1.82,2025-07-18,DOC000004,36,[p.36] 연평균수익률; 5Y 수익률 2.1%; 비교지수 1.82%
CLASS000055,FUND000004,SINCE_INCEPTION,2.25,2.01,2025-07-18,DOC000004,36,[p.36] 연평균수익률; SINCE_INCEPTION 수익률 2.25%; 비교지수 2.01%
CLASS000056,FUND000004,1Y,4.8,4.09,2025-07-18,DOC000004,36,[p.36] 연평균수익률; 1Y 수익률 4.8%; 비교지수 4.09%
CLASS000056,FUND000004,2Y,5.35,4.48,2025-07-18,DOC000004,36,[p.36] 연평균수익률; 2Y 수익률 5.35%; 비교지수 4.48%
CLASS000056,FUND000004,3Y,4.82,4.3,2025-07-18,DOC000004,36,[p.36] 연평균수익률; 3Y 수익률 4.82%; 비교지수 4.3%
CLASS000056,FUND000004,5Y,3.12,2.61,2025-07-18,DOC000004,36,[p.36] 연평균수익률; 5Y 수익률 3.12%; 비교지수 2.61%
CLASS000056,FUND000004,SINCE_INCEPTION,2.81,2.44,2025-07-18,DOC000004,36,[p.36] 연평균수익률; SINCE_INCEPTION 수익률 2.81%; 비교지수 2.44%
CLASS000057,FUND000004,1Y,4.98,4.09,2025-07-18,DOC000004,36,[p.36] 연평균수익률; 1Y 수익률 4.98%; 비교지수 4.09%
CLASS000057,FUND000004,2Y,5.53,4.48,2025-07-18,DOC000004,36,[p.36] 연평균수익률; 2Y 수익률 5.53%; 비교지수 4.48%
CLASS000057,FUND000004,3Y,5,4.3,2025-07-18,DOC000004,36,[p.36] 연평균수익률; 3Y 수익률 5%; 비교지수 4.3%
CLASS000057,FUND000004,5Y,3.3,2.61,2025-07-18,DOC000004,36,[p.36] 연평균수익률; 5Y 수익률 3.3%; 비교지수 2.61%
CLASS000057,FUND000004,SINCE_INCEPTION,3.11,2.51,2025-07-18,DOC000004,36,[p.36] 연평균수익률; SINCE_INCEPTION 수익률 3.11%; 비교지수 2.51%
CLASS000058,FUND000004,3Y,-0.01,0.03,2025-07-18,DOC000004,36,[p.36] 연평균수익률; 3Y 수익률 -0.01%; 비교지수 0.03%
CLASS000058,FUND000004,SINCE_INCEPTION,0.17,-0.01,2025-07-18,DOC000004,36,[p.36] 연평균수익률; SINCE_INCEPTION 수익률 0.17%; 비교지수 -0.01%
CLASS000059,FUND000004,2Y,1.62,1.41,2025-07-18,DOC000004,36,[p.36] 연평균수익률; 2Y 수익률 1.62%; 비교지수 1.41%
CLASS000059,FUND000004,3Y,2.33,2.25,2025-07-18,DOC000004,36,[p.36] 연평균수익률; 3Y 수익률 2.33%; 비교지수 2.25%
CLASS000059,FUND000004,5Y,1.63,1.39,2025-07-18,DOC000004,36,[p.36] 연평균수익률; 5Y 수익률 1.63%; 비교지수 1.39%
CLASS000059,FUND000004,SINCE_INCEPTION,1.69,1.43,2025-07-18,DOC000004,36,[p.36] 연평균수익률; SINCE_INCEPTION 수익률 1.69%; 비교지수 1.43%
CLASS000060,FUND000004,1Y,4.89,4.09,2025-07-18,DOC000004,36,[p.36] 연평균수익률; 1Y 수익률 4.89%; 비교지수 4.09%
CLASS000060,FUND000004,2Y,5.43,4.48,2025-07-18,DOC000004,36,[p.36] 연평균수익률; 2Y 수익률 5.43%; 비교지수 4.48%
CLASS000060,FUND000004,3Y,4.91,4.3,2025-07-18,DOC000004,36,[p.36] 연평균수익률; 3Y 수익률 4.91%; 비교지수 4.3%
CLASS000060,FUND000004,5Y,3.21,2.61,2025-07-18,DOC000004,36,[p.36] 연평균수익률; 5Y 수익률 3.21%; 비교지수 2.61%
CLASS000060,FUND000004,SINCE_INCEPTION,3.12,2.61,2025-07-18,DOC000004,36,[p.36] 연평균수익률; SINCE_INCEPTION 수익률 3.12%; 비교지수 2.61%
CLASS000061,FUND000004,1Y,4.75,4.09,2025-07-18,DOC000004,36,[p.36] 연평균수익률; 1Y 수익률 4.75%; 비교지수 4.09%
CLASS000061,FUND000004,2Y,5.29,4.48,2025-07-18,DOC000004,36,[p.36] 연평균수익률; 2Y 수익률 5.29%; 비교지수 4.48%
CLASS000061,FUND000004,3Y,4.77,4.3,2025-07-18,DOC000004,36,[p.36] 연평균수익률; 3Y 수익률 4.77%; 비교지수 4.3%
CLASS000061,FUND000004,5Y,3.07,2.61,2025-07-18,DOC000004,36,[p.36] 연평균수익률; 5Y 수익률 3.07%; 비교지수 2.61%
CLASS000061,FUND000004,SINCE_INCEPTION,2.96,2.6,2025-07-18,DOC000004,36,[p.36] 연평균수익률; SINCE_INCEPTION 수익률 2.96%; 비교지수 2.6%
CLASS000062,FUND000004,1Y,4.87,4.09,2025-07-18,DOC000004,36,[p.36] 연평균수익률; 1Y 수익률 4.87%; 비교지수 4.09%
CLASS000062,FUND000004,2Y,5.42,4.48,2025-07-18,DOC000004,36,[p.36] 연평균수익률; 2Y 수익률 5.42%; 비교지수 4.48%
CLASS000062,FUND000004,3Y,4.89,4.3,2025-07-18,DOC000004,36,[p.36] 연평균수익률; 3Y 수익률 4.89%; 비교지수 4.3%
CLASS000062,FUND000004,5Y,3.19,2.61,2025-07-18,DOC000004,36,[p.36] 연평균수익률; 5Y 수익률 3.19%; 비교지수 2.61%
CLASS000062,FUND000004,SINCE_INCEPTION,3.01,2.52,2025-07-18,DOC000004,36,[p.36] 연평균수익률; SINCE_INCEPTION 수익률 3.01%; 비교지수 2.52%
,FUND000005,1Y,1.22,1.24,2025-12-27,DOC000005,33,[p.33] 연평균수익률; 1Y 수익률 1.22%; 비교지수 1.24%
,FUND000005,2Y,3.56,3.28,2025-12-27,DOC000005,33,[p.33] 연평균수익률; 2Y 수익률 3.56%; 비교지수 3.28%
,FUND000005,3Y,4.78,4.68,2025-12-27,DOC000005,33,[p.33] 연평균수익률; 3Y 수익률 4.78%; 비교지수 4.68%
,FUND000005,5Y,1.37,0.89,2025-12-27,DOC000005,33,[p.33] 연평균수익률; 5Y 수익률 1.37%; 비교지수 0.89%
,FUND000005,SINCE_INCEPTION,1.63,1.27,2025-12-27,DOC000005,33,[p.33] 연평균수익률; SINCE_INCEPTION 수익률 1.63%; 비교지수 1.27%
CLASS000064,FUND000005,1Y,1.12,1.24,2025-12-27,DOC000005,33,[p.33] 연평균수익률; 1Y 수익률 1.12%; 비교지수 1.24%
CLASS000064,FUND000005,2Y,3.39,3.28,2025-12-27,DOC000005,33,[p.33] 연평균수익률; 2Y 수익률 3.39%; 비교지수 3.28%
CLASS000064,FUND000005,3Y,4.57,4.68,2025-12-27,DOC000005,33,[p.33] 연평균수익률; 3Y 수익률 4.57%; 비교지수 4.68%
CLASS000064,FUND000005,5Y,1.16,0.89,2025-12-27,DOC000005,33,[p.33] 연평균수익률; 5Y 수익률 1.16%; 비교지수 0.89%
CLASS000064,FUND000005,SINCE_INCEPTION,1.64,1.36,2025-12-27,DOC000005,33,[p.33] 연평균수익률; SINCE_INCEPTION 수익률 1.64%; 비교지수 1.36%
CLASS000066,FUND000005,1Y,0.91,1.24,2025-12-27,DOC000005,33,[p.33] 연평균수익률; 1Y 수익률 0.91%; 비교지수 1.24%
CLASS000066,FUND000005,2Y,3.25,3.28,2025-12-27,DOC000005,33,[p.33] 연평균수익률; 2Y 수익률 3.25%; 비교지수 3.28%
CLASS000066,FUND000005,3Y,3.87,3.92,2025-12-27,DOC000005,33,[p.33] 연평균수익률; 3Y 수익률 3.87%; 비교지수 3.92%
CLASS000066,FUND000005,5Y,2.31,2.33,2025-12-27,DOC000005,33,[p.33] 연평균수익률; 5Y 수익률 2.31%; 비교지수 2.33%
CLASS000066,FUND000005,SINCE_INCEPTION,2.15,2.16,2025-12-27,DOC000005,33,[p.33] 연평균수익률; SINCE_INCEPTION 수익률 2.15%; 비교지수 2.16%
CLASS000068,FUND000005,1Y,1.09,1.24,2025-12-27,DOC000005,33,[p.33] 연평균수익률; 1Y 수익률 1.09%; 비교지수 1.24%
CLASS000068,FUND000005,2Y,3.43,3.28,2025-12-27,DOC000005,33,[p.33] 연평균수익률; 2Y 수익률 3.43%; 비교지수 3.28%
CLASS000068,FUND000005,3Y,4.65,4.68,2025-12-27,DOC000005,33,[p.33] 연평균수익률; 3Y 수익률 4.65%; 비교지수 4.68%
CLASS000068,FUND000005,5Y,1.25,0.89,2025-12-27,DOC000005,33,[p.33] 연평균수익률; 5Y 수익률 1.25%; 비교지수 0.89%
CLASS000068,FUND000005,SINCE_INCEPTION,1.51,1.18,2025-12-27,DOC000005,33,[p.33] 연평균수익률; SINCE_INCEPTION 수익률 1.51%; 비교지수 1.18%
CLASS000072,FUND000005,1Y,1.04,1.24,2025-12-27,DOC000005,33,[p.33] 연평균수익률; 1Y 수익률 1.04%; 비교지수 1.24%
CLASS000072,FUND000005,2Y,3.38,3.28,2025-12-27,DOC000005,33,[p.33] 연평균수익률; 2Y 수익률 3.38%; 비교지수 3.28%
CLASS000072,FUND000005,3Y,5.13,5.28,2025-12-27,DOC000005,33,[p.33] 연평균수익률; 3Y 수익률 5.13%; 비교지수 5.28%
CLASS000072,FUND000005,SINCE_INCEPTION,5.37,4.96,2025-12-27,DOC000005,33,[p.33] 연평균수익률; SINCE_INCEPTION 수익률 5.37%; 비교지수 4.96%
CLASS000074,FUND000005,1Y,1.01,1.24,2025-12-27,DOC000005,33,[p.33] 연평균수익률; 1Y 수익률 1.01%; 비교지수 1.24%
CLASS000074,FUND000005,2Y,3.35,3.28,2025-12-27,DOC000005,33,[p.33] 연평균수익률; 2Y 수익률 3.35%; 비교지수 3.28%
CLASS000074,FUND000005,SINCE_INCEPTION,4.31,4.34,2025-12-27,DOC000005,33,[p.33] 연평균수익률; SINCE_INCEPTION 수익률 4.31%; 비교지수 4.34%
CLASS000076,FUND000005,1Y,0.99,1.24,2025-12-27,DOC000005,33,[p.33] 연평균수익률; 1Y 수익률 0.99%; 비교지수 1.24%
CLASS000076,FUND000005,2Y,3.33,3.28,2025-12-27,DOC000005,33,[p.33] 연평균수익률; 2Y 수익률 3.33%; 비교지수 3.28%
CLASS000076,FUND000005,3Y,4.55,4.68,2025-12-27,DOC000005,33,[p.33] 연평균수익률; 3Y 수익률 4.55%; 비교지수 4.68%
CLASS000076,FUND000005,SINCE_INCEPTION,5.33,5.13,2025-12-27,DOC000005,33,[p.33] 연평균수익률; SINCE_INCEPTION 수익률 5.33%; 비교지수 5.13%
,FUND000007,1Y,38.08,17.52,2025-09-01,DOC000007,50,[p.50-51] 연평균수익률; 1Y 수익률 38.08%; 비교지수 17.52%
,FUND000007,2Y,30.47,10.71,2025-09-01,DOC000007,50,[p.50-51] 연평균수익률; 2Y 수익률 30.47%; 비교지수 10.71%
,FUND000007,3Y,23.47,9.16,2025-09-01,DOC000007,50,[p.50-51] 연평균수익률; 3Y 수익률 23.47%; 비교지수 9.16%
,FUND000007,5Y,16.04,5.99,2025-09-01,DOC000007,50,[p.50-51] 연평균수익률; 5Y 수익률 16.04%; 비교지수 5.99%
,FUND000007,SINCE_INCEPTION,9.93,4.53,2025-09-01,DOC000007,50,[p.50-51] 연평균수익률; SINCE_INCEPTION 수익률 9.93%; 비교지수 4.53%
CLASS000089,FUND000007,1Y,36.53,17.52,2025-09-01,DOC000007,50,[p.50-51] 연평균수익률; 1Y 수익률 36.53%; 비교지수 17.52%
CLASS000089,FUND000007,2Y,29.03,10.71,2025-09-01,DOC000007,50,[p.50-51] 연평균수익률; 2Y 수익률 29.03%; 비교지수 10.71%
CLASS000089,FUND000007,3Y,22.09,9.16,2025-09-01,DOC000007,50,[p.50-51] 연평균수익률; 3Y 수익률 22.09%; 비교지수 9.16%
CLASS000089,FUND000007,5Y,14.74,5.99,2025-09-01,DOC000007,50,[p.50-51] 연평균수익률; 5Y 수익률 14.74%; 비교지수 5.99%
CLASS000089,FUND000007,SINCE_INCEPTION,8.71,4.53,2025-09-01,DOC000007,50,[p.50-51] 연평균수익률; SINCE_INCEPTION 수익률 8.71%; 비교지수 4.53%
CLASS000090,FUND000007,1Y,36.83,17.52,2025-09-01,DOC000007,50,[p.50-51] 연평균수익률; 1Y 수익률 36.83%; 비교지수 17.52%
CLASS000090,FUND000007,2Y,29.31,10.71,2025-09-01,DOC000007,50,[p.50-51] 연평균수익률; 2Y 수익률 29.31%; 비교지수 10.71%
CLASS000090,FUND000007,3Y,22.36,9.16,2025-09-01,DOC000007,50,[p.50-51] 연평균수익률; 3Y 수익률 22.36%; 비교지수 9.16%
CLASS000090,FUND000007,5Y,14.99,5.99,2025-09-01,DOC000007,50,[p.50-51] 연평균수익률; 5Y 수익률 14.99%; 비교지수 5.99%
CLASS000090,FUND000007,SINCE_INCEPTION,8.74,3.87,2025-09-01,DOC000007,50,[p.50-51] 연평균수익률; SINCE_INCEPTION 수익률 8.74%; 비교지수 3.87%
CLASS000091,FUND000007,1Y,35.52,17.52,2025-09-01,DOC000007,50,[p.50-51] 연평균수익률; 1Y 수익률 35.52%; 비교지수 17.52%
CLASS000091,FUND000007,2Y,28.13,10.71,2025-09-01,DOC000007,50,[p.50-51] 연평균수익률; 2Y 수익률 28.13%; 비교지수 10.71%
CLASS000091,FUND000007,3Y,21.3,9.16,2025-09-01,DOC000007,50,[p.50-51] 연평균수익률; 3Y 수익률 21.3%; 비교지수 9.16%
CLASS000091,FUND000007,5Y,13.95,5.99,2025-09-01,DOC000007,50,[p.50-51] 연평균수익률; 5Y 수익률 13.95%; 비교지수 5.99%
CLASS000091,FUND000007,SINCE_INCEPTION,7.9,4.34,2025-09-01,DOC000007,50,[p.50-51] 연평균수익률; SINCE_INCEPTION 수익률 7.9%; 비교지수 4.34%
CLASS000092,FUND000007,1Y,35.71,17.52,2025-09-01,DOC000007,50,[p.50-51] 연평균수익률; 1Y 수익률 35.71%; 비교지수 17.52%
CLASS000092,FUND000007,2Y,28.32,10.71,2025-09-01,DOC000007,50,[p.50-51] 연평균수익률; 2Y 수익률 28.32%; 비교지수 10.71%
CLASS000092,FUND000007,3Y,21.38,9.16,2025-09-01,DOC000007,50,[p.50-51] 연평균수익률; 3Y 수익률 21.38%; 비교지수 9.16%
CLASS000092,FUND000007,5Y,14.04,5.99,2025-09-01,DOC000007,50,[p.50-51] 연평균수익률; 5Y 수익률 14.04%; 비교지수 5.99%
CLASS000092,FUND000007,SINCE_INCEPTION,7.1,4.69,2025-09-01,DOC000007,50,[p.50-51] 연평균수익률; SINCE_INCEPTION 수익률 7.1%; 비교지수 4.69%
CLASS000093,FUND000007,1Y,35.93,17.52,2025-09-01,DOC000007,50,[p.50-51] 연평균수익률; 1Y 수익률 35.93%; 비교지수 17.52%
CLASS000093,FUND000007,2Y,28.47,10.71,2025-09-01,DOC000007,50,[p.50-51] 연평균수익률; 2Y 수익률 28.47%; 비교지수 10.71%
CLASS000093,FUND000007,3Y,21.56,9.16,2025-09-01,DOC000007,50,[p.50-51] 연평균수익률; 3Y 수익률 21.56%; 비교지수 9.16%
CLASS000093,FUND000007,5Y,14.24,5.99,2025-09-01,DOC000007,50,[p.50-51] 연평균수익률; 5Y 수익률 14.24%; 비교지수 5.99%
CLASS000093,FUND000007,SINCE_INCEPTION,6.27,5.3,2025-09-01,DOC000007,50,[p.50-51] 연평균수익률; SINCE_INCEPTION 수익률 6.27%; 비교지수 5.3%
CLASS000094,FUND000007,1Y,36.06,17.52,2025-09-01,DOC000007,50,[p.50-51] 연평균수익률; 1Y 수익률 36.06%; 비교지수 17.52%
CLASS000094,FUND000007,2Y,28.59,10.71,2025-09-01,DOC000007,50,[p.50-51] 연평균수익률; 2Y 수익률 28.59%; 비교지수 10.71%
CLASS000094,FUND000007,3Y,21.67,9.16,2025-09-01,DOC000007,50,[p.50-51] 연평균수익률; 3Y 수익률 21.67%; 비교지수 9.16%
CLASS000094,FUND000007,5Y,14.34,5.99,2025-09-01,DOC000007,50,[p.50-51] 연평균수익률; 5Y 수익률 14.34%; 비교지수 5.99%
CLASS000094,FUND000007,SINCE_INCEPTION,10.78,4.97,2025-09-01,DOC000007,50,[p.50-51] 연평균수익률; SINCE_INCEPTION 수익률 10.78%; 비교지수 4.97%
CLASS000095,FUND000007,1Y,36.46,17.52,2025-09-01,DOC000007,50,[p.50-51] 연평균수익률; 1Y 수익률 36.46%; 비교지수 17.52%
CLASS000095,FUND000007,2Y,28.96,10.71,2025-09-01,DOC000007,50,[p.50-51] 연평균수익률; 2Y 수익률 28.96%; 비교지수 10.71%
CLASS000095,FUND000007,3Y,22.03,9.16,2025-09-01,DOC000007,50,[p.50-51] 연평균수익률; 3Y 수익률 22.03%; 비교지수 9.16%
CLASS000095,FUND000007,5Y,14.68,5.99,2025-09-01,DOC000007,50,[p.50-51] 연평균수익률; 5Y 수익률 14.68%; 비교지수 5.99%
CLASS000095,FUND000007,SINCE_INCEPTION,8.63,4.12,2025-09-01,DOC000007,50,[p.50-51] 연평균수익률; SINCE_INCEPTION 수익률 8.63%; 비교지수 4.12%
CLASS000096,FUND000007,1Y,37.07,17.52,2025-09-01,DOC000007,50,[p.50-51] 연평균수익률; 1Y 수익률 37.07%; 비교지수 17.52%
CLASS000096,FUND000007,2Y,21.46,6.92,2025-09-01,DOC000007,50,[p.50-51] 연평균수익률; 2Y 수익률 21.46%; 비교지수 6.92%
CLASS000096,FUND000007,3Y,13.85,4.57,2025-09-01,DOC000007,50,[p.50-51] 연평균수익률; 3Y 수익률 13.85%; 비교지수 4.57%
CLASS000096,FUND000007,5Y,8.09,2.72,2025-09-01,DOC000007,50,[p.50-51] 연평균수익률; 5Y 수익률 8.09%; 비교지수 2.72%
CLASS000096,FUND000007,SINCE_INCEPTION,3.32,1.13,2025-09-01,DOC000007,50,[p.50-51] 연평균수익률; SINCE_INCEPTION 수익률 3.32%; 비교지수 1.13%
CLASS000099,FUND000007,1Y,36.9,17.52,2025-09-01,DOC000007,50,[p.50-51] 연평균수익률; 1Y 수익률 36.9%; 비교지수 17.52%
CLASS000099,FUND000007,2Y,29.37,10.71,2025-09-01,DOC000007,50,[p.50-51] 연평균수익률; 2Y 수익률 29.37%; 비교지수 10.71%
CLASS000099,FUND000007,3Y,22.42,9.16,2025-09-01,DOC000007,50,[p.50-51] 연평균수익률; 3Y 수익률 22.42%; 비교지수 9.16%
CLASS000099,FUND000007,5Y,15.05,5.99,2025-09-01,DOC000007,50,[p.50-51] 연평균수익률; 5Y 수익률 15.05%; 비교지수 5.99%
CLASS000099,FUND000007,SINCE_INCEPTION,8.83,4.04,2025-09-01,DOC000007,50,[p.50-51] 연평균수익률; SINCE_INCEPTION 수익률 8.83%; 비교지수 4.04%
CLASS000097,FUND000007,1Y,37.03,22.6,2025-09-01,DOC000007,50,[p.50-51] 연평균수익률; 1Y 수익률 37.03%; 비교지수 22.6%
CLASS000097,FUND000007,2Y,-2.03,-3,2025-09-01,DOC000007,50,[p.50-51] 연평균수익률; 2Y 수익률 -2.03%; 비교지수 -3%
CLASS000097,FUND000007,3Y,1.75,-0.05,2025-09-01,DOC000007,50,[p.50-51] 연평균수익률; 3Y 수익률 1.75%; 비교지수 -0.05%
CLASS000097,FUND000007,5Y,3.02,0.53,2025-09-01,DOC000007,50,[p.50-51] 연평균수익률; 5Y 수익률 3.02%; 비교지수 0.53%
CLASS000097,FUND000007,SINCE_INCEPTION,2.96,1.9,2025-09-01,DOC000007,50,[p.50-51] 연평균수익률; SINCE_INCEPTION 수익률 2.96%; 비교지수 1.9%
CLASS000098,FUND000007,1Y,37.14,17.52,2025-09-01,DOC000007,50,[p.50-51] 연평균수익률; 1Y 수익률 37.14%; 비교지수 17.52%
CLASS000098,FUND000007,2Y,29.59,10.71,2025-09-01,DOC000007,50,[p.50-51] 연평균수익률; 2Y 수익률 29.59%; 비교지수 10.71%
CLASS000098,FUND000007,3Y,22.63,9.16,2025-09-01,DOC000007,50,[p.50-51] 연평균수익률; 3Y 수익률 22.63%; 비교지수 9.16%
CLASS000098,FUND000007,5Y,15.25,5.99,2025-09-01,DOC000007,50,[p.50-51] 연평균수익률; 5Y 수익률 15.25%; 비교지수 5.99%
CLASS000098,FUND000007,SINCE_INCEPTION,9.11,4.04,2025-09-01,DOC000007,50,[p.50-51] 연평균수익률; SINCE_INCEPTION 수익률 9.11%; 비교지수 4.04%
CLASS000100,FUND000007,1Y,36.2,17.52,2025-09-01,DOC000007,50,[p.50-51] 연평균수익률; 1Y 수익률 36.2%; 비교지수 17.52%
CLASS000100,FUND000007,2Y,28.72,10.71,2025-09-01,DOC000007,50,[p.50-51] 연평균수익률; 2Y 수익률 28.72%; 비교지수 10.71%
CLASS000100,FUND000007,3Y,21.79,9.16,2025-09-01,DOC000007,50,[p.50-51] 연평균수익률; 3Y 수익률 21.79%; 비교지수 9.16%
CLASS000100,FUND000007,5Y,14.46,5.99,2025-09-01,DOC000007,50,[p.50-51] 연평균수익률; 5Y 수익률 14.46%; 비교지수 5.99%
CLASS000100,FUND000007,SINCE_INCEPTION,7.28,4.36,2025-09-01,DOC000007,50,[p.50-51] 연평균수익률; SINCE_INCEPTION 수익률 7.28%; 비교지수 4.36%
CLASS000101,FUND000007,1Y,36.34,17.52,2025-09-01,DOC000007,50,[p.50-51] 연평균수익률; 1Y 수익률 36.34%; 비교지수 17.52%
CLASS000101,FUND000007,2Y,28.86,10.71,2025-09-01,DOC000007,50,[p.50-51] 연평균수익률; 2Y 수익률 28.86%; 비교지수 10.71%
CLASS000101,FUND000007,3Y,21.93,9.16,2025-09-01,DOC000007,50,[p.50-51] 연평균수익률; 3Y 수익률 21.93%; 비교지수 9.16%
CLASS000101,FUND000007,SINCE_INCEPTION,15.8,6.78,2025-09-01,DOC000007,50,[p.50-51] 연평균수익률; SINCE_INCEPTION 수익률 15.8%; 비교지수 6.78%
CLASS000102,FUND000007,1Y,36.91,17.52,2025-09-01,DOC000007,51,[p.50-51] 연평균수익률; 1Y 수익률 36.91%; 비교지수 17.52%
CLASS000102,FUND000007,2Y,29.38,10.71,2025-09-01,DOC000007,51,[p.50-51] 연평균수익률; 2Y 수익률 29.38%; 비교지수 10.71%
CLASS000102,FUND000007,3Y,22.43,9.16,2025-09-01,DOC000007,51,[p.50-51] 연평균수익률; 3Y 수익률 22.43%; 비교지수 9.16%
CLASS000102,FUND000007,5Y,15.06,5.99,2025-09-01,DOC000007,51,[p.50-51] 연평균수익률; 5Y 수익률 15.06%; 비교지수 5.99%
CLASS000102,FUND000007,SINCE_INCEPTION,8.05,4.64,2025-09-01,DOC000007,51,[p.50-51] 연평균수익률; SINCE_INCEPTION 수익률 8.05%; 비교지수 4.64%
CLASS000105,FUND000007,1Y,36.67,17.52,2025-09-01,DOC000007,51,[p.50-51] 연평균수익률; 1Y 수익률 36.67%; 비교지수 17.52%
CLASS000105,FUND000007,2Y,29.15,10.71,2025-09-01,DOC000007,51,[p.50-51] 연평균수익률; 2Y 수익률 29.15%; 비교지수 10.71%
CLASS000105,FUND000007,3Y,22.21,9.16,2025-09-01,DOC000007,51,[p.50-51] 연평균수익률; 3Y 수익률 22.21%; 비교지수 9.16%
CLASS000105,FUND000007,5Y,14.85,5.99,2025-09-01,DOC000007,51,[p.50-51] 연평균수익률; 5Y 수익률 14.85%; 비교지수 5.99%
CLASS000105,FUND000007,SINCE_INCEPTION,6.2,5.08,2025-09-01,DOC000007,51,[p.50-51] 연평균수익률; SINCE_INCEPTION 수익률 6.2%; 비교지수 5.08%
CLASS000106,FUND000007,SINCE_INCEPTION,14.36,15.52,2025-09-01,DOC000007,50,[p.50-51] 연평균수익률; SINCE_INCEPTION 수익률 14.36%; 비교지수 15.52%
CLASS000108,FUND000007,SINCE_INCEPTION,25.96,18.81,2025-09-01,DOC000007,50,[p.50-51] 연평균수익률; SINCE_INCEPTION 수익률 25.96%; 비교지수 18.81%
,FUND000008,1Y,58.62,75.63,2025-12-31,DOC000008,42|43,[p.42|43] 연평균수익률; 1Y 수익률 58.62%; 비교지수 75.63%
,FUND000008,2Y,24.37,25.94,2025-12-31,DOC000008,42|43,[p.42|43] 연평균수익률; 2Y 수익률 24.37%; 비교지수 25.94%
,FUND000008,3Y,23.3,23.49,2025-12-31,DOC000008,42|43,[p.42|43] 연평균수익률; 3Y 수익률 23.3%; 비교지수 23.49%
,FUND000008,5Y,13.11,7.96,2025-12-31,DOC000008,42|43,[p.42|43] 연평균수익률; 5Y 수익률 13.11%; 비교지수 7.96%
,FUND000008,SINCE_INCEPTION,11.57,8.08,2025-12-31,DOC000008,42|43,[p.42|43] 연평균수익률; SINCE_INCEPTION 수익률 11.57%; 비교지수 8.08%
CLASS000110,FUND000008,1Y,56.46,75.63,2025-12-31,DOC000008,42|43,[p.42|43] 연평균수익률; 1Y 수익률 56.46%; 비교지수 75.63%
CLASS000110,FUND000008,2Y,22.64,25.94,2025-12-31,DOC000008,42|43,[p.42|43] 연평균수익률; 2Y 수익률 22.64%; 비교지수 25.94%
CLASS000110,FUND000008,3Y,21.58,23.49,2025-12-31,DOC000008,42|43,[p.42|43] 연평균수익률; 3Y 수익률 21.58%; 비교지수 23.49%
CLASS000110,FUND000008,5Y,11.52,7.96,2025-12-31,DOC000008,42|43,[p.42|43] 연평균수익률; 5Y 수익률 11.52%; 비교지수 7.96%
CLASS000110,FUND000008,SINCE_INCEPTION,10.37,8.08,2025-12-31,DOC000008,42|43,[p.42|43] 연평균수익률; SINCE_INCEPTION 수익률 10.37%; 비교지수 8.08%
CLASS000111,FUND000008,1Y,56.98,75.63,2025-12-31,DOC000008,42|43,[p.42|43] 연평균수익률; 1Y 수익률 56.98%; 비교지수 75.63%
CLASS000111,FUND000008,2Y,23.06,25.94,2025-12-31,DOC000008,42|43,[p.42|43] 연평균수익률; 2Y 수익률 23.06%; 비교지수 25.94%
CLASS000111,FUND000008,3Y,22,23.49,2025-12-31,DOC000008,42|43,[p.42|43] 연평균수익률; 3Y 수익률 22%; 비교지수 23.49%
CLASS000111,FUND000008,5Y,11.9,7.96,2025-12-31,DOC000008,42|43,[p.42|43] 연평균수익률; 5Y 수익률 11.9%; 비교지수 7.96%
CLASS000111,FUND000008,SINCE_INCEPTION,10.76,8.08,2025-12-31,DOC000008,42|43,[p.42|43] 연평균수익률; SINCE_INCEPTION 수익률 10.76%; 비교지수 8.08%
CLASS000113,FUND000008,1Y,55.56,75.63,2025-12-31,DOC000008,42|43,[p.42|43] 연평균수익률; 1Y 수익률 55.56%; 비교지수 75.63%
CLASS000113,FUND000008,2Y,21.92,25.94,2025-12-31,DOC000008,42|43,[p.42|43] 연평균수익률; 2Y 수익률 21.92%; 비교지수 25.94%
CLASS000113,FUND000008,3Y,20.87,23.49,2025-12-31,DOC000008,42|43,[p.42|43] 연평균수익률; 3Y 수익률 20.87%; 비교지수 23.49%
CLASS000113,FUND000008,5Y,10.86,7.96,2025-12-31,DOC000008,42|43,[p.42|43] 연평균수익률; 5Y 수익률 10.86%; 비교지수 7.96%
CLASS000113,FUND000008,SINCE_INCEPTION,9.72,8.08,2025-12-31,DOC000008,42|43,[p.42|43] 연평균수익률; SINCE_INCEPTION 수익률 9.72%; 비교지수 8.08%
CLASS000114,FUND000008,1Y,55.86,75.63,2025-12-31,DOC000008,42|43,[p.42|43] 연평균수익률; 1Y 수익률 55.86%; 비교지수 75.63%
CLASS000114,FUND000008,2Y,22.16,25.94,2025-12-31,DOC000008,42|43,[p.42|43] 연평균수익률; 2Y 수익률 22.16%; 비교지수 25.94%
CLASS000114,FUND000008,3Y,21.11,23.49,2025-12-31,DOC000008,42|43,[p.42|43] 연평균수익률; 3Y 수익률 21.11%; 비교지수 23.49%
CLASS000114,FUND000008,5Y,11.08,7.96,2025-12-31,DOC000008,42|43,[p.42|43] 연평균수익률; 5Y 수익률 11.08%; 비교지수 7.96%
CLASS000114,FUND000008,SINCE_INCEPTION,8.85,7.14,2025-12-31,DOC000008,42|43,[p.42|43] 연평균수익률; SINCE_INCEPTION 수익률 8.85%; 비교지수 7.14%
CLASS000115,FUND000008,1Y,56.17,75.63,2025-12-31,DOC000008,42|43,[p.42|43] 연평균수익률; 1Y 수익률 56.17%; 비교지수 75.63%
CLASS000115,FUND000008,2Y,22.41,25.94,2025-12-31,DOC000008,42|43,[p.42|43] 연평균수익률; 2Y 수익률 22.41%; 비교지수 25.94%
CLASS000115,FUND000008,3Y,21.35,23.49,2025-12-31,DOC000008,42|43,[p.42|43] 연평균수익률; 3Y 수익률 21.35%; 비교지수 23.49%
CLASS000115,FUND000008,5Y,11.3,7.96,2025-12-31,DOC000008,42|43,[p.42|43] 연평균수익률; 5Y 수익률 11.3%; 비교지수 7.96%
CLASS000115,FUND000008,SINCE_INCEPTION,11.17,8.57,2025-12-31,DOC000008,42|43,[p.42|43] 연평균수익률; SINCE_INCEPTION 수익률 11.17%; 비교지수 8.57%
CLASS000116,FUND000008,1Y,56.46,75.63,2025-12-31,DOC000008,42|43,[p.42|43] 연평균수익률; 1Y 수익률 56.46%; 비교지수 75.63%
CLASS000116,FUND000008,2Y,22.64,25.94,2025-12-31,DOC000008,42|43,[p.42|43] 연평균수익률; 2Y 수익률 22.64%; 비교지수 25.94%
CLASS000116,FUND000008,3Y,21.58,23.49,2025-12-31,DOC000008,42|43,[p.42|43] 연평균수익률; 3Y 수익률 21.58%; 비교지수 23.49%
CLASS000116,FUND000008,5Y,11.52,7.96,2025-12-31,DOC000008,42|43,[p.42|43] 연평균수익률; 5Y 수익률 11.52%; 비교지수 7.96%
CLASS000116,FUND000008,SINCE_INCEPTION,14.92,12.99,2025-12-31,DOC000008,42|43,[p.42|43] 연평균수익률; SINCE_INCEPTION 수익률 14.92%; 비교지수 12.99%
CLASS000117,FUND000008,1Y,56.76,75.63,2025-12-31,DOC000008,42|43,[p.42|43] 연평균수익률; 1Y 수익률 56.76%; 비교지수 75.63%
CLASS000117,FUND000008,2Y,22.88,25.94,2025-12-31,DOC000008,42|43,[p.42|43] 연평균수익률; 2Y 수익률 22.88%; 비교지수 25.94%
CLASS000117,FUND000008,3Y,21.82,23.49,2025-12-31,DOC000008,42|43,[p.42|43] 연평균수익률; 3Y 수익률 21.82%; 비교지수 23.49%
CLASS000117,FUND000008,5Y,11.74,7.96,2025-12-31,DOC000008,42|43,[p.42|43] 연평균수익률; 5Y 수익률 11.74%; 비교지수 7.96%
CLASS000117,FUND000008,SINCE_INCEPTION,10.6,8.08,2025-12-31,DOC000008,42|43,[p.42|43] 연평균수익률; SINCE_INCEPTION 수익률 10.6%; 비교지수 8.08%
CLASS000119,FUND000008,1Y,57.51,75.63,2025-12-31,DOC000008,42|43,[p.42|43] 연평균수익률; 1Y 수익률 57.51%; 비교지수 75.63%
CLASS000119,FUND000008,2Y,23.48,25.94,2025-12-31,DOC000008,42|43,[p.42|43] 연평균수익률; 2Y 수익률 23.48%; 비교지수 25.94%
CLASS000119,FUND000008,3Y,22.42,23.49,2025-12-31,DOC000008,42|43,[p.42|43] 연평균수익률; 3Y 수익률 22.42%; 비교지수 23.49%
CLASS000119,FUND000008,5Y,12.29,7.96,2025-12-31,DOC000008,42|43,[p.42|43] 연평균수익률; 5Y 수익률 12.29%; 비교지수 7.96%
CLASS000119,FUND000008,SINCE_INCEPTION,11.36,8.36,2025-12-31,DOC000008,42|43,[p.42|43] 연평균수익률; SINCE_INCEPTION 수익률 11.36%; 비교지수 8.36%
CLASS000120,FUND000008,1Y,56.16,75.63,2025-12-31,DOC000008,42|43,[p.42|43] 연평균수익률; 1Y 수익률 56.16%; 비교지수 75.63%
CLASS000120,FUND000008,2Y,22.4,25.94,2025-12-31,DOC000008,42|43,[p.42|43] 연평균수익률; 2Y 수익률 22.4%; 비교지수 25.94%
CLASS000120,FUND000008,3Y,21.35,23.49,2025-12-31,DOC000008,42|43,[p.42|43] 연평균수익률; 3Y 수익률 21.35%; 비교지수 23.49%
CLASS000120,FUND000008,5Y,11.3,7.96,2025-12-31,DOC000008,42|43,[p.42|43] 연평균수익률; 5Y 수익률 11.3%; 비교지수 7.96%
CLASS000120,FUND000008,SINCE_INCEPTION,10.45,8.69,2025-12-31,DOC000008,42|43,[p.42|43] 연평균수익률; SINCE_INCEPTION 수익률 10.45%; 비교지수 8.69%
CLASS000121,FUND000008,1Y,56.84,75.63,2025-12-31,DOC000008,42|43,[p.42|43] 연평균수익률; 1Y 수익률 56.84%; 비교지수 75.63%
CLASS000121,FUND000008,2Y,22.94,25.94,2025-12-31,DOC000008,42|43,[p.42|43] 연평균수익률; 2Y 수익률 22.94%; 비교지수 25.94%
CLASS000121,FUND000008,3Y,21.88,23.49,2025-12-31,DOC000008,42|43,[p.42|43] 연평균수익률; 3Y 수익률 21.88%; 비교지수 23.49%
CLASS000121,FUND000008,5Y,11.79,7.96,2025-12-31,DOC000008,42|43,[p.42|43] 연평균수익률; 5Y 수익률 11.79%; 비교지수 7.96%
CLASS000121,FUND000008,SINCE_INCEPTION,10.82,8.46,2025-12-31,DOC000008,42|43,[p.42|43] 연평균수익률; SINCE_INCEPTION 수익률 10.82%; 비교지수 8.46%
CLASS000122,FUND000008,1Y,56.61,75.63,2025-12-31,DOC000008,42|43,[p.42|43] 연평균수익률; 1Y 수익률 56.61%; 비교지수 75.63%
CLASS000122,FUND000008,2Y,22.76,25.94,2025-12-31,DOC000008,42|43,[p.42|43] 연평균수익률; 2Y 수익률 22.76%; 비교지수 25.94%
CLASS000122,FUND000008,3Y,21.7,23.49,2025-12-31,DOC000008,42|43,[p.42|43] 연평균수익률; 3Y 수익률 21.7%; 비교지수 23.49%
CLASS000122,FUND000008,5Y,11.63,7.96,2025-12-31,DOC000008,42|43,[p.42|43] 연평균수익률; 5Y 수익률 11.63%; 비교지수 7.96%
CLASS000122,FUND000008,SINCE_INCEPTION,10.36,7.94,2025-12-31,DOC000008,42|43,[p.42|43] 연평균수익률; SINCE_INCEPTION 수익률 10.36%; 비교지수 7.94%
CLASS000123,FUND000008,1Y,57.06,75.63,2025-12-31,DOC000008,42|43,[p.42|43] 연평균수익률; 1Y 수익률 57.06%; 비교지수 75.63%
CLASS000123,FUND000008,2Y,23.12,25.94,2025-12-31,DOC000008,42|43,[p.42|43] 연평균수익률; 2Y 수익률 23.12%; 비교지수 25.94%
CLASS000123,FUND000008,3Y,22.06,23.49,2025-12-31,DOC000008,42|43,[p.42|43] 연평균수익률; 3Y 수익률 22.06%; 비교지수 23.49%
CLASS000123,FUND000008,5Y,11.96,7.96,2025-12-31,DOC000008,42|43,[p.42|43] 연평균수익률; 5Y 수익률 11.96%; 비교지수 7.96%
CLASS000123,FUND000008,SINCE_INCEPTION,9.34,6.79,2025-12-31,DOC000008,42|43,[p.42|43] 연평균수익률; SINCE_INCEPTION 수익률 9.34%; 비교지수 6.79%
,FUND000009,1Y,-3.52,-4.1,2025-03-10,DOC000009,33,[p.33] 연평균수익률; 1Y 수익률 -3.52%; 비교지수 -4.1%
,FUND000009,2Y,8.79,3.6,2025-03-10,DOC000009,33,[p.33] 연평균수익률; 2Y 수익률 8.79%; 비교지수 3.6%
,FUND000009,3Y,4.29,-1.38,2025-03-10,DOC000009,33,[p.33] 연평균수익률; 3Y 수익률 4.29%; 비교지수 -1.38%
,FUND000009,5Y,12.13,5.54,2025-03-10,DOC000009,33,[p.33] 연평균수익률; 5Y 수익률 12.13%; 비교지수 5.54%
,FUND000009,SINCE_INCEPTION,9.76,4.8,2025-03-10,DOC000009,33,[p.33] 연평균수익률; SINCE_INCEPTION 수익률 9.76%; 비교지수 4.8%
CLASS000124,FUND000009,1Y,-5.24,-4.1,2025-03-10,DOC000009,33,[p.33] 연평균수익률; 1Y 수익률 -5.24%; 비교지수 -4.1%
CLASS000124,FUND000009,2Y,6.9,3.6,2025-03-10,DOC000009,33,[p.33] 연평균수익률; 2Y 수익률 6.9%; 비교지수 3.6%
CLASS000124,FUND000009,3Y,2.48,-1.38,2025-03-10,DOC000009,33,[p.33] 연평균수익률; 3Y 수익률 2.48%; 비교지수 -1.38%
CLASS000124,FUND000009,5Y,10.21,5.54,2025-03-10,DOC000009,33,[p.33] 연평균수익률; 5Y 수익률 10.21%; 비교지수 5.54%
CLASS000124,FUND000009,SINCE_INCEPTION,9.18,4.8,2025-03-10,DOC000009,33,[p.33] 연평균수익률; SINCE_INCEPTION 수익률 9.18%; 비교지수 4.8%
CLASS000125,FUND000009,1Y,-4.66,-4.1,2025-03-10,DOC000009,33,[p.33] 연평균수익률; 1Y 수익률 -4.66%; 비교지수 -4.1%
CLASS000125,FUND000009,2Y,7.54,3.6,2025-03-10,DOC000009,33,[p.33] 연평균수익률; 2Y 수익률 7.54%; 비교지수 3.6%
CLASS000125,FUND000009,3Y,3.1,-1.38,2025-03-10,DOC000009,33,[p.33] 연평균수익률; 3Y 수익률 3.1%; 비교지수 -1.38%
CLASS000125,FUND000009,5Y,10.86,5.54,2025-03-10,DOC000009,33,[p.33] 연평균수익률; 5Y 수익률 10.86%; 비교지수 5.54%
CLASS000125,FUND000009,SINCE_INCEPTION,6.23,2.42,2025-03-10,DOC000009,33,[p.33] 연평균수익률; SINCE_INCEPTION 수익률 6.23%; 비교지수 2.42%
CLASS000126,FUND000009,1Y,-4.75,-4.1,2025-03-10,DOC000009,33,[p.33] 연평균수익률; 1Y 수익률 -4.75%; 비교지수 -4.1%
CLASS000126,FUND000009,2Y,7.44,3.6,2025-03-10,DOC000009,33,[p.33] 연평균수익률; 2Y 수익률 7.44%; 비교지수 3.6%
CLASS000126,FUND000009,3Y,2.99,-1.38,2025-03-10,DOC000009,33,[p.33] 연평균수익률; 3Y 수익률 2.99%; 비교지수 -1.38%
CLASS000126,FUND000009,5Y,10.75,5.54,2025-03-10,DOC000009,33,[p.33] 연평균수익률; 5Y 수익률 10.75%; 비교지수 5.54%
CLASS000126,FUND000009,SINCE_INCEPTION,6.13,2.42,2025-03-10,DOC000009,33,[p.33] 연평균수익률; SINCE_INCEPTION 수익률 6.13%; 비교지수 2.42%
CLASS000127,FUND000009,1Y,-4.29,-4.1,2025-03-10,DOC000009,33,[p.33] 연평균수익률; 1Y 수익률 -4.29%; 비교지수 -4.1%
CLASS000127,FUND000009,2Y,7.94,3.6,2025-03-10,DOC000009,33,[p.33] 연평균수익률; 2Y 수익률 7.94%; 비교지수 3.6%
CLASS000127,FUND000009,3Y,3.48,-1.38,2025-03-10,DOC000009,33,[p.33] 연평균수익률; 3Y 수익률 3.48%; 비교지수 -1.38%
CLASS000127,FUND000009,5Y,11.27,5.54,2025-03-10,DOC000009,33,[p.33] 연평균수익률; 5Y 수익률 11.27%; 비교지수 5.54%
CLASS000127,FUND000009,SINCE_INCEPTION,6.04,2.16,2025-03-10,DOC000009,33,[p.33] 연평균수익률; SINCE_INCEPTION 수익률 6.04%; 비교지수 2.16%
CLASS000128,FUND000009,1Y,-4.27,-4.1,2025-03-10,DOC000009,33,[p.33] 연평균수익률; 1Y 수익률 -4.27%; 비교지수 -4.1%
CLASS000128,FUND000009,2Y,7.98,3.6,2025-03-10,DOC000009,33,[p.33] 연평균수익률; 2Y 수익률 7.98%; 비교지수 3.6%
CLASS000128,FUND000009,3Y,3.51,-1.38,2025-03-10,DOC000009,33,[p.33] 연평균수익률; 3Y 수익률 3.51%; 비교지수 -1.38%
CLASS000128,FUND000009,5Y,11.3,5.54,2025-03-10,DOC000009,33,[p.33] 연평균수익률; 5Y 수익률 11.3%; 비교지수 5.54%
CLASS000128,FUND000009,SINCE_INCEPTION,6.7,2.47,2025-03-10,DOC000009,33,[p.33] 연평균수익률; SINCE_INCEPTION 수익률 6.7%; 비교지수 2.47%
CLASS000129,FUND000009,1Y,-5,-4.1,2025-03-10,DOC000009,33,[p.33] 연평균수익률; 1Y 수익률 -5%; 비교지수 -4.1%
CLASS000129,FUND000009,2Y,7.17,3.6,2025-03-10,DOC000009,33,[p.33] 연평균수익률; 2Y 수익률 7.17%; 비교지수 3.6%
CLASS000129,FUND000009,3Y,2.74,-1.38,2025-03-10,DOC000009,33,[p.33] 연평균수익률; 3Y 수익률 2.74%; 비교지수 -1.38%
CLASS000129,FUND000009,5Y,10.48,5.54,2025-03-10,DOC000009,33,[p.33] 연평균수익률; 5Y 수익률 10.48%; 비교지수 5.54%
CLASS000129,FUND000009,SINCE_INCEPTION,5.86,2.23,2025-03-10,DOC000009,33,[p.33] 연평균수익률; SINCE_INCEPTION 수익률 5.86%; 비교지수 2.23%
CLASS000130,FUND000009,1Y,-4.28,-4.1,2025-03-10,DOC000009,33,[p.33] 연평균수익률; 1Y 수익률 -4.28%; 비교지수 -4.1%
CLASS000130,FUND000009,2Y,7.96,3.6,2025-03-10,DOC000009,33,[p.33] 연평균수익률; 2Y 수익률 7.96%; 비교지수 3.6%
CLASS000130,FUND000009,3Y,3.5,-1.38,2025-03-10,DOC000009,33,[p.33] 연평균수익률; 3Y 수익률 3.5%; 비교지수 -1.38%
CLASS000130,FUND000009,5Y,5.13,0.13,2025-03-10,DOC000009,33,[p.33] 연평균수익률; 5Y 수익률 5.13%; 비교지수 0.13%
CLASS000130,FUND000009,SINCE_INCEPTION,3.38,1.34,2025-03-10,DOC000009,33,[p.33] 연평균수익률; SINCE_INCEPTION 수익률 3.38%; 비교지수 1.34%
CLASS000131,FUND000009,1Y,-4.61,-4.1,2025-03-10,DOC000009,33,[p.33] 연평균수익률; 1Y 수익률 -4.61%; 비교지수 -4.1%
CLASS000131,FUND000009,2Y,7.6,3.6,2025-03-10,DOC000009,33,[p.33] 연평균수익률; 2Y 수익률 7.6%; 비교지수 3.6%
CLASS000131,FUND000009,3Y,3.15,-1.38,2025-03-10,DOC000009,33,[p.33] 연평균수익률; 3Y 수익률 3.15%; 비교지수 -1.38%
CLASS000131,FUND000009,5Y,10.92,5.54,2025-03-10,DOC000009,33,[p.33] 연평균수익률; 5Y 수익률 10.92%; 비교지수 5.54%
CLASS000131,FUND000009,SINCE_INCEPTION,6.19,2.33,2025-03-10,DOC000009,33,[p.33] 연평균수익률; SINCE_INCEPTION 수익률 6.19%; 비교지수 2.33%
CLASS000132,FUND000009,1Y,-4.46,-4.1,2025-03-10,DOC000009,33,[p.33] 연평균수익률; 1Y 수익률 -4.46%; 비교지수 -4.1%
CLASS000132,FUND000009,2Y,7.76,3.6,2025-03-10,DOC000009,33,[p.33] 연평균수익률; 2Y 수익률 7.76%; 비교지수 3.6%
CLASS000132,FUND000009,3Y,3.3,-1.38,2025-03-10,DOC000009,33,[p.33] 연평균수익률; 3Y 수익률 3.3%; 비교지수 -1.38%
CLASS000132,FUND000009,5Y,11.08,5.54,2025-03-10,DOC000009,33,[p.33] 연평균수익률; 5Y 수익률 11.08%; 비교지수 5.54%
CLASS000132,FUND000009,SINCE_INCEPTION,6.14,2.15,2025-03-10,DOC000009,33,[p.33] 연평균수익률; SINCE_INCEPTION 수익률 6.14%; 비교지수 2.15%
,FUND000010,1Y,4.7,4.29,2025-06-25,DOC000010,42|43,[p.42|43] 연평균수익률; 1Y 수익률 4.7%; 비교지수 4.29%
,FUND000010,2Y,5.33,4.5,2025-06-25,DOC000010,42|43,[p.42|43] 연평균수익률; 2Y 수익률 5.33%; 비교지수 4.5%
,FUND000010,3Y,5.17,4.32,2025-06-25,DOC000010,42|43,[p.42|43] 연평균수익률; 3Y 수익률 5.17%; 비교지수 4.32%
,FUND000010,5Y,3.45,2.59,2025-06-25,DOC000010,42|43,[p.42|43] 연평균수익률; 5Y 수익률 3.45%; 비교지수 2.59%
,FUND000010,SINCE_INCEPTION,3.53,3.03,2025-06-25,DOC000010,42|43,[p.42|43] 연평균수익률; SINCE_INCEPTION 수익률 3.53%; 비교지수 3.03%
CLASS000135,FUND000010,1Y,4.34,4.29,2025-06-25,DOC000010,42|43,[p.42|43] 연평균수익률; 1Y 수익률 4.34%; 비교지수 4.29%
CLASS000135,FUND000010,2Y,4.97,4.5,2025-06-25,DOC000010,42|43,[p.42|43] 연평균수익률; 2Y 수익률 4.97%; 비교지수 4.5%
CLASS000135,FUND000010,3Y,4.81,4.32,2025-06-25,DOC000010,42|43,[p.42|43] 연평균수익률; 3Y 수익률 4.81%; 비교지수 4.32%
CLASS000135,FUND000010,5Y,3.09,2.59,2025-06-25,DOC000010,42|43,[p.42|43] 연평균수익률; 5Y 수익률 3.09%; 비교지수 2.59%
CLASS000135,FUND000010,SINCE_INCEPTION,3.27,3.03,2025-06-25,DOC000010,42|43,[p.42|43] 연평균수익률; SINCE_INCEPTION 수익률 3.27%; 비교지수 3.03%
CLASS000140,FUND000010,1Y,4.55,4.29,2025-06-25,DOC000010,42|43,[p.42|43] 연평균수익률; 1Y 수익률 4.55%; 비교지수 4.29%
CLASS000140,FUND000010,2Y,5.18,4.5,2025-06-25,DOC000010,42|43,[p.42|43] 연평균수익률; 2Y 수익률 5.18%; 비교지수 4.5%
CLASS000140,FUND000010,3Y,5.02,4.32,2025-06-25,DOC000010,42|43,[p.42|43] 연평균수익률; 3Y 수익률 5.02%; 비교지수 4.32%
CLASS000140,FUND000010,5Y,3.3,2.59,2025-06-25,DOC000010,42|43,[p.42|43] 연평균수익률; 5Y 수익률 3.3%; 비교지수 2.59%
CLASS000140,FUND000010,SINCE_INCEPTION,2.99,2.44,2025-06-25,DOC000010,42|43,[p.42|43] 연평균수익률; SINCE_INCEPTION 수익률 2.99%; 비교지수 2.44%
CLASS000137,FUND000010,1Y,4.36,4.29,2025-06-25,DOC000010,42|43,[p.42|43] 연평균수익률; 1Y 수익률 4.36%; 비교지수 4.29%
CLASS000137,FUND000010,2Y,4.99,4.5,2025-06-25,DOC000010,42|43,[p.42|43] 연평균수익률; 2Y 수익률 4.99%; 비교지수 4.5%
CLASS000137,FUND000010,3Y,4.83,4.32,2025-06-25,DOC000010,42|43,[p.42|43] 연평균수익률; 3Y 수익률 4.83%; 비교지수 4.32%
CLASS000137,FUND000010,5Y,3.11,2.59,2025-06-25,DOC000010,42|43,[p.42|43] 연평균수익률; 5Y 수익률 3.11%; 비교지수 2.59%
CLASS000137,FUND000010,SINCE_INCEPTION,2.81,2.44,2025-06-25,DOC000010,42|43,[p.42|43] 연평균수익률; SINCE_INCEPTION 수익률 2.81%; 비교지수 2.44%
CLASS000139,FUND000010,1Y,4.57,4.29,2025-06-25,DOC000010,42|43,[p.42|43] 연평균수익률; 1Y 수익률 4.57%; 비교지수 4.29%
CLASS000139,FUND000010,2Y,5.2,4.5,2025-06-25,DOC000010,42|43,[p.42|43] 연평균수익률; 2Y 수익률 5.2%; 비교지수 4.5%
CLASS000139,FUND000010,3Y,5.04,4.32,2025-06-25,DOC000010,42|43,[p.42|43] 연평균수익률; 3Y 수익률 5.04%; 비교지수 4.32%
CLASS000139,FUND000010,5Y,3.32,2.59,2025-06-25,DOC000010,42|43,[p.42|43] 연평균수익률; 5Y 수익률 3.32%; 비교지수 2.59%
CLASS000139,FUND000010,SINCE_INCEPTION,2.92,2.38,2025-06-25,DOC000010,42|43,[p.42|43] 연평균수익률; SINCE_INCEPTION 수익률 2.92%; 비교지수 2.38%
CLASS000134,FUND000010,1Y,4.51,4.29,2025-06-25,DOC000010,42|43,[p.42|43] 연평균수익률; 1Y 수익률 4.51%; 비교지수 4.29%
CLASS000134,FUND000010,2Y,5.13,4.5,2025-06-25,DOC000010,42|43,[p.42|43] 연평균수익률; 2Y 수익률 5.13%; 비교지수 4.5%
CLASS000134,FUND000010,3Y,4.97,4.32,2025-06-25,DOC000010,42|43,[p.42|43] 연평균수익률; 3Y 수익률 4.97%; 비교지수 4.32%
CLASS000134,FUND000010,5Y,3.26,2.59,2025-06-25,DOC000010,42|43,[p.42|43] 연평균수익률; 5Y 수익률 3.26%; 비교지수 2.59%
CLASS000134,FUND000010,SINCE_INCEPTION,2.99,2.5,2025-06-25,DOC000010,42|43,[p.42|43] 연평균수익률; SINCE_INCEPTION 수익률 2.99%; 비교지수 2.5%
CLASS000136,FUND000010,1Y,4.46,4.29,2025-06-25,DOC000010,42|43,[p.42|43] 연평균수익률; 1Y 수익률 4.46%; 비교지수 4.29%
CLASS000136,FUND000010,2Y,5.08,4.5,2025-06-25,DOC000010,42|43,[p.42|43] 연평균수익률; 2Y 수익률 5.08%; 비교지수 4.5%
CLASS000136,FUND000010,3Y,4.92,4.32,2025-06-25,DOC000010,42|43,[p.42|43] 연평균수익률; 3Y 수익률 4.92%; 비교지수 4.32%
CLASS000136,FUND000010,5Y,3.21,2.59,2025-06-25,DOC000010,42|43,[p.42|43] 연평균수익률; 5Y 수익률 3.21%; 비교지수 2.59%
CLASS000136,FUND000010,SINCE_INCEPTION,2.94,2.5,2025-06-25,DOC000010,42|43,[p.42|43] 연평균수익률; SINCE_INCEPTION 수익률 2.94%; 비교지수 2.5%
CLASS000138,FUND000010,1Y,4.47,4.29,2025-06-25,DOC000010,42|43,[p.42|43] 연평균수익률; 1Y 수익률 4.47%; 비교지수 4.29%
CLASS000138,FUND000010,2Y,5.09,4.5,2025-06-25,DOC000010,42|43,[p.42|43] 연평균수익률; 2Y 수익률 5.09%; 비교지수 4.5%
CLASS000138,FUND000010,3Y,4.93,4.32,2025-06-25,DOC000010,42|43,[p.42|43] 연평균수익률; 3Y 수익률 4.93%; 비교지수 4.32%
CLASS000138,FUND000010,5Y,3.22,2.59,2025-06-25,DOC000010,42|43,[p.42|43] 연평균수익률; 5Y 수익률 3.22%; 비교지수 2.59%
CLASS000138,FUND000010,SINCE_INCEPTION,2.95,2.5,2025-06-25,DOC000010,42|43,[p.42|43] 연평균수익률; SINCE_INCEPTION 수익률 2.95%; 비교지수 2.5%
CLASS000133,FUND000010,1Y,4.45,4.29,2025-06-25,DOC000010,42|43,[p.42|43] 연평균수익률; 1Y 수익률 4.45%; 비교지수 4.29%
CLASS000133,FUND000010,2Y,5.07,4.5,2025-06-25,DOC000010,42|43,[p.42|43] 연평균수익률; 2Y 수익률 5.07%; 비교지수 4.5%
CLASS000133,FUND000010,3Y,4.91,4.32,2025-06-25,DOC000010,42|43,[p.42|43] 연평균수익률; 3Y 수익률 4.91%; 비교지수 4.32%
CLASS000133,FUND000010,5Y,3.2,2.59,2025-06-25,DOC000010,42|43,[p.42|43] 연평균수익률; 5Y 수익률 3.2%; 비교지수 2.59%
CLASS000133,FUND000010,SINCE_INCEPTION,2.8,2.38,2025-06-25,DOC000010,42|43,[p.42|43] 연평균수익률; SINCE_INCEPTION 수익률 2.8%; 비교지수 2.38%
CLASS000143,FUND000010,1Y,3.12,2.96,2025-06-25,DOC000010,42|43,[p.42|43] 연평균수익률; 1Y 수익률 3.12%; 비교지수 2.96%
CLASS000143,FUND000010,2Y,3.27,2.92,2025-06-25,DOC000010,42|43,[p.42|43] 연평균수익률; 2Y 수익률 3.27%; 비교지수 2.92%
CLASS000143,FUND000010,3Y,3.76,3.26,2025-06-25,DOC000010,42|43,[p.42|43] 연평균수익률; 3Y 수익률 3.76%; 비교지수 3.26%
CLASS000143,FUND000010,5Y,2.57,1.96,2025-06-25,DOC000010,42|43,[p.42|43] 연평균수익률; 5Y 수익률 2.57%; 비교지수 1.96%
CLASS000143,FUND000010,SINCE_INCEPTION,2.63,2.18,2025-06-25,DOC000010,42|43,[p.42|43] 연평균수익률; SINCE_INCEPTION 수익률 2.63%; 비교지수 2.18%
CLASS000144,FUND000010,1Y,4.44,4.29,2025-06-25,DOC000010,42|43,[p.42|43] 연평균수익률; 1Y 수익률 4.44%; 비교지수 4.29%
CLASS000144,FUND000010,2Y,5.07,4.5,2025-06-25,DOC000010,42|43,[p.42|43] 연평균수익률; 2Y 수익률 5.07%; 비교지수 4.5%
CLASS000144,FUND000010,3Y,4.91,4.32,2025-06-25,DOC000010,42|43,[p.42|43] 연평균수익률; 3Y 수익률 4.91%; 비교지수 4.32%
CLASS000144,FUND000010,5Y,3.19,2.59,2025-06-25,DOC000010,42|43,[p.42|43] 연평균수익률; 5Y 수익률 3.19%; 비교지수 2.59%
CLASS000144,FUND000010,SINCE_INCEPTION,2.95,2.51,2025-06-25,DOC000010,42|43,[p.42|43] 연평균수익률; SINCE_INCEPTION 수익률 2.95%; 비교지수 2.51%
CLASS000141,FUND000010,1Y,4.51,4.29,2025-06-25,DOC000010,42|43,[p.42|43] 연평균수익률; 1Y 수익률 4.51%; 비교지수 4.29%
CLASS000141,FUND000010,2Y,5.14,4.5,2025-06-25,DOC000010,42|43,[p.42|43] 연평균수익률; 2Y 수익률 5.14%; 비교지수 4.5%
CLASS000141,FUND000010,3Y,4.98,4.32,2025-06-25,DOC000010,42|43,[p.42|43] 연평균수익률; 3Y 수익률 4.98%; 비교지수 4.32%
CLASS000141,FUND000010,5Y,3.26,2.59,2025-06-25,DOC000010,42|43,[p.42|43] 연평균수익률; 5Y 수익률 3.26%; 비교지수 2.59%
CLASS000141,FUND000010,SINCE_INCEPTION,2.93,2.42,2025-06-25,DOC000010,42|43,[p.42|43] 연평균수익률; SINCE_INCEPTION 수익률 2.93%; 비교지수 2.42%
CLASS000142,FUND000010,1Y,4.52,4.29,2025-06-25,DOC000010,42|43,[p.42|43] 연평균수익률; 1Y 수익률 4.52%; 비교지수 4.29%
CLASS000142,FUND000010,2Y,5.14,4.5,2025-06-25,DOC000010,42|43,[p.42|43] 연평균수익률; 2Y 수익률 5.14%; 비교지수 4.5%
CLASS000142,FUND000010,3Y,4.98,4.32,2025-06-25,DOC000010,42|43,[p.42|43] 연평균수익률; 3Y 수익률 4.98%; 비교지수 4.32%
CLASS000142,FUND000010,5Y,3.27,2.59,2025-06-25,DOC000010,42|43,[p.42|43] 연평균수익률; 5Y 수익률 3.27%; 비교지수 2.59%
CLASS000142,FUND000010,SINCE_INCEPTION,2.95,2.42,2025-06-25,DOC000010,42|43,[p.42|43] 연평균수익률; SINCE_INCEPTION 수익률 2.95%; 비교지수 2.42%
CLASS000146,FUND000010,SINCE_INCEPTION,3.95,,2025-06-25,DOC000010,42|43,[p.42|43] 연평균수익률; SINCE_INCEPTION 수익률 3.95%; 비교지수 미기재
,FUND000011,1Y,4.03,3.61,2025-09-29,DOC000011,36,[p.36] 연평균수익률; 1Y 수익률 4.03%; 비교지수 3.61%
,FUND000011,2Y,5.18,4.42,2025-09-29,DOC000011,36,[p.36] 연평균수익률; 2Y 수익률 5.18%; 비교지수 4.42%
,FUND000011,3Y,5.55,4.69,2025-09-29,DOC000011,36,[p.36] 연평균수익률; 3Y 수익률 5.55%; 비교지수 4.69%
,FUND000011,5Y,3.46,2.66,2025-09-29,DOC000011,36,[p.36] 연평균수익률; 5Y 수익률 3.46%; 비교지수 2.66%
,FUND000011,SINCE_INCEPTION,2.97,2.39,2025-09-29,DOC000011,36,[p.36] 연평균수익률; SINCE_INCEPTION 수익률 2.97%; 비교지수 2.39%
CLASS000148,FUND000011,1Y,3.7,3.61,2025-09-29,DOC000011,36,[p.36] 연평균수익률; 1Y 수익률 3.7%; 비교지수 3.61%
CLASS000148,FUND000011,2Y,4.84,4.42,2025-09-29,DOC000011,36,[p.36] 연평균수익률; 2Y 수익률 4.84%; 비교지수 4.42%
CLASS000148,FUND000011,3Y,5.21,4.69,2025-09-29,DOC000011,36,[p.36] 연평균수익률; 3Y 수익률 5.21%; 비교지수 4.69%
CLASS000148,FUND000011,5Y,3.12,2.66,2025-09-29,DOC000011,36,[p.36] 연평균수익률; 5Y 수익률 3.12%; 비교지수 2.66%
CLASS000148,FUND000011,SINCE_INCEPTION,2.72,2.39,2025-09-29,DOC000011,36,[p.36] 연평균수익률; SINCE_INCEPTION 수익률 2.72%; 비교지수 2.39%
CLASS000149,FUND000011,1Y,3.8,3.61,2025-09-29,DOC000011,36,[p.36] 연평균수익률; 1Y 수익률 3.8%; 비교지수 3.61%
CLASS000149,FUND000011,2Y,4.95,4.42,2025-09-29,DOC000011,36,[p.36] 연평균수익률; 2Y 수익률 4.95%; 비교지수 4.42%
CLASS000149,FUND000011,3Y,5.31,4.69,2025-09-29,DOC000011,36,[p.36] 연평균수익률; 3Y 수익률 5.31%; 비교지수 4.69%
CLASS000149,FUND000011,5Y,3.22,2.66,2025-09-29,DOC000011,36,[p.36] 연평균수익률; 5Y 수익률 3.22%; 비교지수 2.66%
CLASS000149,FUND000011,SINCE_INCEPTION,2.94,2.5,2025-09-29,DOC000011,36,[p.36] 연평균수익률; SINCE_INCEPTION 수익률 2.94%; 비교지수 2.5%
CLASS000150,FUND000011,1Y,3.81,3.61,2025-09-29,DOC000011,36,[p.36] 연평균수익률; 1Y 수익률 3.81%; 비교지수 3.61%
CLASS000150,FUND000011,2Y,4.96,4.42,2025-09-29,DOC000011,36,[p.36] 연평균수익률; 2Y 수익률 4.96%; 비교지수 4.42%
CLASS000150,FUND000011,3Y,5.33,4.69,2025-09-29,DOC000011,36,[p.36] 연평균수익률; 3Y 수익률 5.33%; 비교지수 4.69%
CLASS000150,FUND000011,5Y,3.24,2.66,2025-09-29,DOC000011,36,[p.36] 연평균수익률; 5Y 수익률 3.24%; 비교지수 2.66%
CLASS000150,FUND000011,SINCE_INCEPTION,3.05,2.62,2025-09-29,DOC000011,36,[p.36] 연평균수익률; SINCE_INCEPTION 수익률 3.05%; 비교지수 2.62%
CLASS000151,FUND000011,5Y,0.2,,2025-09-29,DOC000011,36,[p.36] 연평균수익률; 5Y 수익률 0.2%; 비교지수 미기재
CLASS000151,FUND000011,SINCE_INCEPTION,0.32,0.07,2025-09-29,DOC000011,36,[p.36] 연평균수익률; SINCE_INCEPTION 수익률 0.32%; 비교지수 0.07%
,FUND000012,1Y,3.26,2.76,2025-12-31,DOC000012,51|52,[p.51-52] 연평균수익률; 1Y 수익률 3.26%; 비교지수 2.76%
,FUND000012,2Y,3.89,3.17,2025-12-31,DOC000012,51|52,[p.51-52] 연평균수익률; 2Y 수익률 3.89%; 비교지수 3.17%
,FUND000012,3Y,4.49,3.44,2025-12-31,DOC000012,51|52,[p.51-52] 연평균수익률; 3Y 수익률 4.49%; 비교지수 3.44%
,FUND000012,5Y,3.33,2.59,2025-12-31,DOC000012,51|52,[p.51-52] 연평균수익률; 5Y 수익률 3.33%; 비교지수 2.59%
,FUND000012,SINCE_INCEPTION,2.77,2.09,2025-12-31,DOC000012,51|52,[p.51-52] 연평균수익률; SINCE_INCEPTION 수익률 2.77%; 비교지수 2.09%
CLASS000152,FUND000012,1Y,2.95,2.76,2025-12-31,DOC000012,51|52,[p.51-52] 연평균수익률; 1Y 수익률 2.95%; 비교지수 2.76%
CLASS000152,FUND000012,2Y,3.58,3.17,2025-12-31,DOC000012,51|52,[p.51-52] 연평균수익률; 2Y 수익률 3.58%; 비교지수 3.17%
CLASS000152,FUND000012,3Y,4.18,3.44,2025-12-31,DOC000012,51|52,[p.51-52] 연평균수익률; 3Y 수익률 4.18%; 비교지수 3.44%
CLASS000152,FUND000012,5Y,3.02,2.59,2025-12-31,DOC000012,51|52,[p.51-52] 연평균수익률; 5Y 수익률 3.02%; 비교지수 2.59%
CLASS000152,FUND000012,SINCE_INCEPTION,2.46,2.09,2025-12-31,DOC000012,51|52,[p.51-52] 연평균수익률; SINCE_INCEPTION 수익률 2.46%; 비교지수 2.09%
CLASS000153,FUND000012,1Y,3.05,2.76,2025-12-31,DOC000012,51|52,[p.51-52] 연평균수익률; 1Y 수익률 3.05%; 비교지수 2.76%
CLASS000153,FUND000012,2Y,3.68,3.17,2025-12-31,DOC000012,51|52,[p.51-52] 연평균수익률; 2Y 수익률 3.68%; 비교지수 3.17%
CLASS000153,FUND000012,3Y,4.28,3.44,2025-12-31,DOC000012,51|52,[p.51-52] 연평균수익률; 3Y 수익률 4.28%; 비교지수 3.44%
CLASS000153,FUND000012,5Y,3.12,2.59,2025-12-31,DOC000012,51|52,[p.51-52] 연평균수익률; 5Y 수익률 3.12%; 비교지수 2.59%
CLASS000153,FUND000012,SINCE_INCEPTION,2.61,2.12,2025-12-31,DOC000012,51|52,[p.51-52] 연평균수익률; SINCE_INCEPTION 수익률 2.61%; 비교지수 2.12%
CLASS000154,FUND000012,1Y,2.85,2.76,2025-12-31,DOC000012,51|52,[p.51-52] 연평균수익률; 1Y 수익률 2.85%; 비교지수 2.76%
CLASS000154,FUND000012,2Y,3.49,3.17,2025-12-31,DOC000012,51|52,[p.51-52] 연평균수익률; 2Y 수익률 3.49%; 비교지수 3.17%
CLASS000154,FUND000012,3Y,4.08,3.44,2025-12-31,DOC000012,51|52,[p.51-52] 연평균수익률; 3Y 수익률 4.08%; 비교지수 3.44%
CLASS000154,FUND000012,5Y,2.93,2.59,2025-12-31,DOC000012,51|52,[p.51-52] 연평균수익률; 5Y 수익률 2.93%; 비교지수 2.59%
CLASS000154,FUND000012,SINCE_INCEPTION,2.37,2.09,2025-12-31,DOC000012,51|52,[p.51-52] 연평균수익률; SINCE_INCEPTION 수익률 2.37%; 비교지수 2.09%
CLASS000155,FUND000012,1Y,3,2.76,2025-12-31,DOC000012,51|52,[p.51-52] 연평균수익률; 1Y 수익률 3%; 비교지수 2.76%
CLASS000155,FUND000012,2Y,3.64,3.17,2025-12-31,DOC000012,51|52,[p.51-52] 연평균수익률; 2Y 수익률 3.64%; 비교지수 3.17%
CLASS000155,FUND000012,3Y,4.23,3.44,2025-12-31,DOC000012,51|52,[p.51-52] 연평균수익률; 3Y 수익률 4.23%; 비교지수 3.44%
CLASS000155,FUND000012,5Y,3.08,2.59,2025-12-31,DOC000012,51|52,[p.51-52] 연평균수익률; 5Y 수익률 3.08%; 비교지수 2.59%
CLASS000155,FUND000012,SINCE_INCEPTION,2.51,2.08,2025-12-31,DOC000012,51|52,[p.51-52] 연평균수익률; SINCE_INCEPTION 수익률 2.51%; 비교지수 2.08%
CLASS000159,FUND000012,1Y,3.15,2.76,2025-12-31,DOC000012,51|52,[p.51-52] 연평균수익률; 1Y 수익률 3.15%; 비교지수 2.76%
CLASS000159,FUND000012,2Y,3.79,3.17,2025-12-31,DOC000012,51|52,[p.51-52] 연평균수익률; 2Y 수익률 3.79%; 비교지수 3.17%
CLASS000159,FUND000012,3Y,4.39,3.44,2025-12-31,DOC000012,51|52,[p.51-52] 연평균수익률; 3Y 수익률 4.39%; 비교지수 3.44%
CLASS000159,FUND000012,5Y,3.23,2.59,2025-12-31,DOC000012,51|52,[p.51-52] 연평균수익률; 5Y 수익률 3.23%; 비교지수 2.59%
CLASS000159,FUND000012,SINCE_INCEPTION,2.7,2.11,2025-12-31,DOC000012,51|52,[p.51-52] 연평균수익률; SINCE_INCEPTION 수익률 2.7%; 비교지수 2.11%
CLASS000164,FUND000012,1Y,3.07,2.76,2025-12-31,DOC000012,51|52,[p.51-52] 연평균수익률; 1Y 수익률 3.07%; 비교지수 2.76%
CLASS000164,FUND000012,2Y,3.71,3.17,2025-12-31,DOC000012,51|52,[p.51-52] 연평균수익률; 2Y 수익률 3.71%; 비교지수 3.17%
CLASS000164,FUND000012,3Y,4.3,3.44,2025-12-31,DOC000012,51|52,[p.51-52] 연평균수익률; 3Y 수익률 4.3%; 비교지수 3.44%
CLASS000164,FUND000012,5Y,3.14,2.59,2025-12-31,DOC000012,51|52,[p.51-52] 연평균수익률; 5Y 수익률 3.14%; 비교지수 2.59%
CLASS000164,FUND000012,SINCE_INCEPTION,2.63,2.12,2025-12-31,DOC000012,51|52,[p.51-52] 연평균수익률; SINCE_INCEPTION 수익률 2.63%; 비교지수 2.12%
CLASS000165,FUND000012,1Y,3.09,2.76,2025-12-31,DOC000012,51|52,[p.51-52] 연평균수익률; 1Y 수익률 3.09%; 비교지수 2.76%
CLASS000165,FUND000012,2Y,3.73,3.17,2025-12-31,DOC000012,51|52,[p.51-52] 연평균수익률; 2Y 수익률 3.73%; 비교지수 3.17%
CLASS000165,FUND000012,3Y,4.32,3.44,2025-12-31,DOC000012,51|52,[p.51-52] 연평균수익률; 3Y 수익률 4.32%; 비교지수 3.44%
CLASS000165,FUND000012,5Y,3.16,2.59,2025-12-31,DOC000012,51|52,[p.51-52] 연평균수익률; 5Y 수익률 3.16%; 비교지수 2.59%
CLASS000165,FUND000012,SINCE_INCEPTION,2.65,2.12,2025-12-31,DOC000012,51|52,[p.51-52] 연평균수익률; SINCE_INCEPTION 수익률 2.65%; 비교지수 2.12%
CLASS000160,FUND000012,1Y,2.91,2.76,2025-12-31,DOC000012,51|52,[p.51-52] 연평균수익률; 1Y 수익률 2.91%; 비교지수 2.76%
CLASS000160,FUND000012,2Y,3.55,3.17,2025-12-31,DOC000012,51|52,[p.51-52] 연평균수익률; 2Y 수익률 3.55%; 비교지수 3.17%
CLASS000160,FUND000012,3Y,4.15,3.44,2025-12-31,DOC000012,51|52,[p.51-52] 연평균수익률; 3Y 수익률 4.15%; 비교지수 3.44%
CLASS000160,FUND000012,5Y,2.99,2.59,2025-12-31,DOC000012,51|52,[p.51-52] 연평균수익률; 5Y 수익률 2.99%; 비교지수 2.59%
CLASS000160,FUND000012,SINCE_INCEPTION,2.49,2.13,2025-12-31,DOC000012,51|52,[p.51-52] 연평균수익률; SINCE_INCEPTION 수익률 2.49%; 비교지수 2.13%
CLASS000162,FUND000012,1Y,2.92,2.76,2025-12-31,DOC000012,51|52,[p.51-52] 연평균수익률; 1Y 수익률 2.92%; 비교지수 2.76%
CLASS000162,FUND000012,2Y,3.56,3.17,2025-12-31,DOC000012,51|52,[p.51-52] 연평균수익률; 2Y 수익률 3.56%; 비교지수 3.17%
CLASS000162,FUND000012,3Y,4.16,3.44,2025-12-31,DOC000012,51|52,[p.51-52] 연평균수익률; 3Y 수익률 4.16%; 비교지수 3.44%
CLASS000162,FUND000012,5Y,3,2.59,2025-12-31,DOC000012,51|52,[p.51-52] 연평균수익률; 5Y 수익률 3%; 비교지수 2.59%
CLASS000162,FUND000012,SINCE_INCEPTION,2.49,2.12,2025-12-31,DOC000012,51|52,[p.51-52] 연평균수익률; SINCE_INCEPTION 수익률 2.49%; 비교지수 2.12%
CLASS000161,FUND000012,1Y,3.04,2.76,2025-12-31,DOC000012,51|52,[p.51-52] 연평균수익률; 1Y 수익률 3.04%; 비교지수 2.76%
CLASS000161,FUND000012,2Y,3.67,3.17,2025-12-31,DOC000012,51|52,[p.51-52] 연평균수익률; 2Y 수익률 3.67%; 비교지수 3.17%
CLASS000161,FUND000012,3Y,4.27,3.44,2025-12-31,DOC000012,51|52,[p.51-52] 연평균수익률; 3Y 수익률 4.27%; 비교지수 3.44%
CLASS000161,FUND000012,5Y,3.11,2.59,2025-12-31,DOC000012,51|52,[p.51-52] 연평균수익률; 5Y 수익률 3.11%; 비교지수 2.59%
CLASS000161,FUND000012,SINCE_INCEPTION,2.67,2.19,2025-12-31,DOC000012,51|52,[p.51-52] 연평균수익률; SINCE_INCEPTION 수익률 2.67%; 비교지수 2.19%
CLASS000157,FUND000012,1Y,3.06,2.76,2025-12-31,DOC000012,51|52,[p.51-52] 연평균수익률; 1Y 수익률 3.06%; 비교지수 2.76%
CLASS000157,FUND000012,2Y,3.7,3.17,2025-12-31,DOC000012,51|52,[p.51-52] 연평균수익률; 2Y 수익률 3.7%; 비교지수 3.17%
CLASS000157,FUND000012,3Y,4.32,3.44,2025-12-31,DOC000012,51|52,[p.51-52] 연평균수익률; 3Y 수익률 4.32%; 비교지수 3.44%
CLASS000157,FUND000012,5Y,3.18,2.59,2025-12-31,DOC000012,51|52,[p.51-52] 연평균수익률; 5Y 수익률 3.18%; 비교지수 2.59%
CLASS000157,FUND000012,SINCE_INCEPTION,2.7,2.17,2025-12-31,DOC000012,51|52,[p.51-52] 연평균수익률; SINCE_INCEPTION 수익률 2.7%; 비교지수 2.17%
CLASS000156,FUND000012,1Y,3.14,2.76,2025-12-31,DOC000012,51|52,[p.51-52] 연평균수익률; 1Y 수익률 3.14%; 비교지수 2.76%
CLASS000156,FUND000012,2Y,3.77,3.17,2025-12-31,DOC000012,51|52,[p.51-52] 연평균수익률; 2Y 수익률 3.77%; 비교지수 3.17%
CLASS000156,FUND000012,3Y,4.37,3.44,2025-12-31,DOC000012,51|52,[p.51-52] 연평균수익률; 3Y 수익률 4.37%; 비교지수 3.44%
CLASS000156,FUND000012,5Y,3.21,2.59,2025-12-31,DOC000012,51|52,[p.51-52] 연평균수익률; 5Y 수익률 3.21%; 비교지수 2.59%
CLASS000156,FUND000012,SINCE_INCEPTION,2.75,2.17,2025-12-31,DOC000012,51|52,[p.51-52] 연평균수익률; SINCE_INCEPTION 수익률 2.75%; 비교지수 2.17%
CLASS000163,FUND000012,1Y,3.04,2.76,2025-12-31,DOC000012,51|52,[p.51-52] 연평균수익률; 1Y 수익률 3.04%; 비교지수 2.76%
CLASS000163,FUND000012,2Y,3.68,3.17,2025-12-31,DOC000012,51|52,[p.51-52] 연평균수익률; 2Y 수익률 3.68%; 비교지수 3.17%
CLASS000163,FUND000012,3Y,4.28,3.44,2025-12-31,DOC000012,51|52,[p.51-52] 연평균수익률; 3Y 수익률 4.28%; 비교지수 3.44%
CLASS000163,FUND000012,5Y,3.12,2.59,2025-12-31,DOC000012,51|52,[p.51-52] 연평균수익률; 5Y 수익률 3.12%; 비교지수 2.59%
CLASS000163,FUND000012,SINCE_INCEPTION,2.69,2.21,2025-12-31,DOC000012,51|52,[p.51-52] 연평균수익률; SINCE_INCEPTION 수익률 2.69%; 비교지수 2.21%
CLASS000166,FUND000012,1Y,3.1,2.76,2025-12-31,DOC000012,51|52,[p.51-52] 연평균수익률; 1Y 수익률 3.1%; 비교지수 2.76%
CLASS000166,FUND000012,2Y,3.74,3.17,2025-12-31,DOC000012,51|52,[p.51-52] 연평균수익률; 2Y 수익률 3.74%; 비교지수 3.17%
CLASS000166,FUND000012,3Y,4.33,3.44,2025-12-31,DOC000012,51|52,[p.51-52] 연평균수익률; 3Y 수익률 4.33%; 비교지수 3.44%
CLASS000166,FUND000012,5Y,3.17,2.59,2025-12-31,DOC000012,51|52,[p.51-52] 연평균수익률; 5Y 수익률 3.17%; 비교지수 2.59%
CLASS000166,FUND000012,SINCE_INCEPTION,2.92,2.34,2025-12-31,DOC000012,51|52,[p.51-52] 연평균수익률; SINCE_INCEPTION 수익률 2.92%; 비교지수 2.34%
CLASS000167,FUND000012,1Y,3.11,2.76,2025-12-31,DOC000012,51|52,[p.51-52] 연평균수익률; 1Y 수익률 3.11%; 비교지수 2.76%
CLASS000167,FUND000012,2Y,3.75,3.17,2025-12-31,DOC000012,51|52,[p.51-52] 연평균수익률; 2Y 수익률 3.75%; 비교지수 3.17%
CLASS000167,FUND000012,3Y,4.34,3.44,2025-12-31,DOC000012,51|52,[p.51-52] 연평균수익률; 3Y 수익률 4.34%; 비교지수 3.44%
CLASS000167,FUND000012,5Y,3.19,2.59,2025-12-31,DOC000012,51|52,[p.51-52] 연평균수익률; 5Y 수익률 3.19%; 비교지수 2.59%
CLASS000167,FUND000012,SINCE_INCEPTION,2.97,2.37,2025-12-31,DOC000012,51|52,[p.51-52] 연평균수익률; SINCE_INCEPTION 수익률 2.97%; 비교지수 2.37%
,FUND000013,1Y,40.21,9.38,2025-07-11,DOC000013,50|51|52,[p.50-52] 연평균수익률; 1Y 수익률 40.21%; 비교지수 9.38%
,FUND000013,2Y,22.91,10.67,2025-07-11,DOC000013,50|51|52,[p.50-52] 연평균수익률; 2Y 수익률 22.91%; 비교지수 10.67%
,FUND000013,SINCE_INCEPTION,22.91,10.67,2025-07-11,DOC000013,50|51|52,[p.50-52] 연평균수익률; SINCE_INCEPTION 수익률 22.91%; 비교지수 10.67%
CLASS000171,FUND000013,1Y,38.25,9.38,2025-07-11,DOC000013,50|51|52,[p.50-52] 연평균수익률; 1Y 수익률 38.25%; 비교지수 9.38%
CLASS000171,FUND000013,2Y,21.17,10.67,2025-07-11,DOC000013,50|51|52,[p.50-52] 연평균수익률; 2Y 수익률 21.17%; 비교지수 10.67%
CLASS000171,FUND000013,SINCE_INCEPTION,21.17,10.67,2025-07-11,DOC000013,50|51|52,[p.50-52] 연평균수익률; SINCE_INCEPTION 수익률 21.17%; 비교지수 10.67%
CLASS000172,FUND000013,1Y,38.64,9.38,2025-07-11,DOC000013,50|51|52,[p.50-52] 연평균수익률; 1Y 수익률 38.64%; 비교지수 9.38%
CLASS000172,FUND000013,2Y,21.52,10.67,2025-07-11,DOC000013,50|51|52,[p.50-52] 연평균수익률; 2Y 수익률 21.52%; 비교지수 10.67%
CLASS000172,FUND000013,SINCE_INCEPTION,21.52,10.67,2025-07-11,DOC000013,50|51|52,[p.50-52] 연평균수익률; SINCE_INCEPTION 수익률 21.52%; 비교지수 10.67%
CLASS000175,FUND000013,1Y,38.42,9.38,2025-07-11,DOC000013,50|51|52,[p.50-52] 연평균수익률; 1Y 수익률 38.42%; 비교지수 9.38%
CLASS000175,FUND000013,2Y,21.33,10.67,2025-07-11,DOC000013,50|51|52,[p.50-52] 연평균수익률; 2Y 수익률 21.33%; 비교지수 10.67%
CLASS000175,FUND000013,SINCE_INCEPTION,21.33,10.67,2025-07-11,DOC000013,50|51|52,[p.50-52] 연평균수익률; SINCE_INCEPTION 수익률 21.33%; 비교지수 10.67%
CLASS000177,FUND000013,1Y,39.02,9.38,2025-07-11,DOC000013,50|51|52,[p.50-52] 연평균수익률; 1Y 수익률 39.02%; 비교지수 9.38%
CLASS000177,FUND000013,SINCE_INCEPTION,21.79,9.9,2025-07-11,DOC000013,50|51|52,[p.50-52] 연평균수익률; SINCE_INCEPTION 수익률 21.79%; 비교지수 9.9%
CLASS000179,FUND000013,1Y,39.05,9.38,2025-07-11,DOC000013,50|51|52,[p.50-52] 연평균수익률; 1Y 수익률 39.05%; 비교지수 9.38%
CLASS000179,FUND000013,2Y,21.87,10.67,2025-07-11,DOC000013,50|51|52,[p.50-52] 연평균수익률; 2Y 수익률 21.87%; 비교지수 10.67%
CLASS000179,FUND000013,SINCE_INCEPTION,21.87,10.67,2025-07-11,DOC000013,50|51|52,[p.50-52] 연평균수익률; SINCE_INCEPTION 수익률 21.87%; 비교지수 10.67%
CLASS000181,FUND000013,SINCE_INCEPTION,39.17,18.59,2025-07-11,DOC000013,50|51|52,[p.50-52] 연평균수익률; SINCE_INCEPTION 수익률 39.17%; 비교지수 18.59%
CLASS000182,FUND000013,1Y,38.51,9.38,2025-07-11,DOC000013,50|51|52,[p.50-52] 연평균수익률; 1Y 수익률 38.51%; 비교지수 9.38%
CLASS000182,FUND000013,2Y,21.4,10.67,2025-07-11,DOC000013,50|51|52,[p.50-52] 연평균수익률; 2Y 수익률 21.4%; 비교지수 10.67%
CLASS000182,FUND000013,SINCE_INCEPTION,21.4,10.67,2025-07-11,DOC000013,50|51|52,[p.50-52] 연평균수익률; SINCE_INCEPTION 수익률 21.4%; 비교지수 10.67%
CLASS000184,FUND000013,SINCE_INCEPTION,11.49,8.73,2025-07-11,DOC000013,50|51|52,[p.50-52] 연평균수익률; SINCE_INCEPTION 수익률 11.49%; 비교지수 8.73%
CLASS000185,FUND000013,1Y,38.58,9.38,2025-07-11,DOC000013,50|51|52,[p.50-52] 연평균수익률; 1Y 수익률 38.58%; 비교지수 9.38%
CLASS000185,FUND000013,2Y,21.47,10.67,2025-07-11,DOC000013,50|51|52,[p.50-52] 연평균수익률; 2Y 수익률 21.47%; 비교지수 10.67%
CLASS000185,FUND000013,SINCE_INCEPTION,21.47,10.67,2025-07-11,DOC000013,50|51|52,[p.50-52] 연평균수익률; SINCE_INCEPTION 수익률 21.47%; 비교지수 10.67%
CLASS000178,FUND000013,1Y,38.66,9.38,2025-07-11,DOC000013,50|51|52,[p.50-52] 연평균수익률; 1Y 수익률 38.66%; 비교지수 9.38%
CLASS000178,FUND000013,2Y,21.54,10.67,2025-07-11,DOC000013,50|51|52,[p.50-52] 연평균수익률; 2Y 수익률 21.54%; 비교지수 10.67%
CLASS000178,FUND000013,SINCE_INCEPTION,21.54,10.67,2025-07-11,DOC000013,50|51|52,[p.50-52] 연평균수익률; SINCE_INCEPTION 수익률 21.54%; 비교지수 10.67%
CLASS000183,FUND000013,1Y,38.7,9.38,2025-07-11,DOC000013,50|51|52,[p.50-52] 연평균수익률; 1Y 수익률 38.7%; 비교지수 9.38%
CLASS000183,FUND000013,2Y,21.57,10.67,2025-07-11,DOC000013,50|51|52,[p.50-52] 연평균수익률; 2Y 수익률 21.57%; 비교지수 10.67%
CLASS000183,FUND000013,SINCE_INCEPTION,21.57,10.67,2025-07-11,DOC000013,50|51|52,[p.50-52] 연평균수익률; SINCE_INCEPTION 수익률 21.57%; 비교지수 10.67%
CLASS000186,FUND000013,1Y,38.76,9.38,2025-07-11,DOC000013,50|51|52,[p.50-52] 연평균수익률; 1Y 수익률 38.76%; 비교지수 9.38%
CLASS000186,FUND000013,SINCE_INCEPTION,21.64,10.14,2025-07-11,DOC000013,50|51|52,[p.50-52] 연평균수익률; SINCE_INCEPTION 수익률 21.64%; 비교지수 10.14%
,FUND000014,1Y,16.92,10.3,2025-06-26,DOC000014,37|38|39,[p.37-39] 연평균수익률; 1Y 수익률 16.92%; 비교지수 10.3%
,FUND000014,2Y,16.34,9.19,2025-06-26,DOC000014,37|38|39,[p.37-39] 연평균수익률; 2Y 수익률 16.34%; 비교지수 9.19%
,FUND000014,3Y,15.73,9.17,2025-06-26,DOC000014,37|38|39,[p.37-39] 연평균수익률; 3Y 수익률 15.73%; 비교지수 9.17%
,FUND000014,5Y,12.81,7.6,2025-06-26,DOC000014,37|38|39,[p.37-39] 연평균수익률; 5Y 수익률 12.81%; 비교지수 7.6%
,FUND000014,SINCE_INCEPTION,8.6,3.49,2025-06-26,DOC000014,37|38|39,[p.37-39] 연평균수익률; SINCE_INCEPTION 수익률 8.6%; 비교지수 3.49%
CLASS000187,FUND000014,1Y,15.02,10.3,2025-06-26,DOC000014,37|38|39,[p.37-39] 연평균수익률; 1Y 수익률 15.02%; 비교지수 10.3%
CLASS000187,FUND000014,2Y,14.45,9.19,2025-06-26,DOC000014,37|38|39,[p.37-39] 연평균수익률; 2Y 수익률 14.45%; 비교지수 9.19%
CLASS000187,FUND000014,3Y,13.81,9.17,2025-06-26,DOC000014,37|38|39,[p.37-39] 연평균수익률; 3Y 수익률 13.81%; 비교지수 9.17%
CLASS000187,FUND000014,5Y,10.93,7.6,2025-06-26,DOC000014,37|38|39,[p.37-39] 연평균수익률; 5Y 수익률 10.93%; 비교지수 7.6%
CLASS000187,FUND000014,SINCE_INCEPTION,6.8,3.49,2025-06-26,DOC000014,37|38|39,[p.37-39] 연평균수익률; SINCE_INCEPTION 수익률 6.8%; 비교지수 3.49%
CLASS000204,FUND000014,1Y,15.56,10.3,2025-06-26,DOC000014,37|38|39,[p.37-39] 연평균수익률; 1Y 수익률 15.56%; 비교지수 10.3%
CLASS000204,FUND000014,2Y,14.95,9.19,2025-06-26,DOC000014,37|38|39,[p.37-39] 연평균수익률; 2Y 수익률 14.95%; 비교지수 9.19%
CLASS000204,FUND000014,3Y,14.32,9.17,2025-06-26,DOC000014,37|38|39,[p.37-39] 연평균수익률; 3Y 수익률 14.32%; 비교지수 9.17%
CLASS000204,FUND000014,5Y,11.45,7.6,2025-06-26,DOC000014,37|38|39,[p.37-39] 연평균수익률; 5Y 수익률 11.45%; 비교지수 7.6%
CLASS000204,FUND000014,SINCE_INCEPTION,5.01,2.93,2025-06-26,DOC000014,37|38|39,[p.37-39] 연평균수익률; SINCE_INCEPTION 수익률 5.01%; 비교지수 2.93%
CLASS000188,FUND000014,SINCE_INCEPTION,31.11,25.39,2025-06-26,DOC000014,37|38|39,[p.37-39] 연평균수익률; SINCE_INCEPTION 수익률 31.11%; 비교지수 25.39%
CLASS000190,FUND000014,1Y,14.67,10.3,2025-06-26,DOC000014,37|38|39,[p.37-39] 연평균수익률; 1Y 수익률 14.67%; 비교지수 10.3%
CLASS000190,FUND000014,2Y,14.1,9.19,2025-06-26,DOC000014,37|38|39,[p.37-39] 연평균수익률; 2Y 수익률 14.1%; 비교지수 9.19%
CLASS000190,FUND000014,3Y,13.46,9.17,2025-06-26,DOC000014,37|38|39,[p.37-39] 연평균수익률; 3Y 수익률 13.46%; 비교지수 9.17%
CLASS000190,FUND000014,5Y,10.59,7.6,2025-06-26,DOC000014,37|38|39,[p.37-39] 연평균수익률; 5Y 수익률 10.59%; 비교지수 7.6%
CLASS000190,FUND000014,SINCE_INCEPTION,6.4,3.49,2025-06-26,DOC000014,37|38|39,[p.37-39] 연평균수익률; SINCE_INCEPTION 수익률 6.4%; 비교지수 3.49%
CLASS000191,FUND000014,1Y,14.78,10.3,2025-06-26,DOC000014,37|38|39,[p.37-39] 연평균수익률; 1Y 수익률 14.78%; 비교지수 10.3%
CLASS000191,FUND000014,2Y,14.22,9.19,2025-06-26,DOC000014,37|38|39,[p.37-39] 연평균수익률; 2Y 수익률 14.22%; 비교지수 9.19%
CLASS000191,FUND000014,3Y,13.58,9.17,2025-06-26,DOC000014,37|38|39,[p.37-39] 연평균수익률; 3Y 수익률 13.58%; 비교지수 9.17%
CLASS000191,FUND000014,5Y,10.71,7.6,2025-06-26,DOC000014,37|38|39,[p.37-39] 연평균수익률; 5Y 수익률 10.71%; 비교지수 7.6%
CLASS000191,FUND000014,SINCE_INCEPTION,3.9,3.35,2025-06-26,DOC000014,37|38|39,[p.37-39] 연평균수익률; SINCE_INCEPTION 수익률 3.9%; 비교지수 3.35%
CLASS000192,FUND000014,1Y,14.91,10.3,2025-06-26,DOC000014,37|38|39,[p.37-39] 연평균수익률; 1Y 수익률 14.91%; 비교지수 10.3%
CLASS000192,FUND000014,2Y,14.34,9.19,2025-06-26,DOC000014,37|38|39,[p.37-39] 연평균수익률; 2Y 수익률 14.34%; 비교지수 9.19%
CLASS000192,FUND000014,3Y,13.7,9.17,2025-06-26,DOC000014,37|38|39,[p.37-39] 연평균수익률; 3Y 수익률 13.7%; 비교지수 9.17%
CLASS000192,FUND000014,5Y,10.82,7.6,2025-06-26,DOC000014,37|38|39,[p.37-39] 연평균수익률; 5Y 수익률 10.82%; 비교지수 7.6%
CLASS000192,FUND000014,SINCE_INCEPTION,3.99,3.35,2025-06-26,DOC000014,37|38|39,[p.37-39] 연평균수익률; SINCE_INCEPTION 수익률 3.99%; 비교지수 3.35%
CLASS000193,FUND000014,1Y,14.91,10.3,2025-06-26,DOC000014,37|38|39,[p.37-39] 연평균수익률; 1Y 수익률 14.91%; 비교지수 10.3%
CLASS000193,FUND000014,2Y,14.34,9.19,2025-06-26,DOC000014,37|38|39,[p.37-39] 연평균수익률; 2Y 수익률 14.34%; 비교지수 9.19%
CLASS000193,FUND000014,3Y,13.7,9.17,2025-06-26,DOC000014,37|38|39,[p.37-39] 연평균수익률; 3Y 수익률 13.7%; 비교지수 9.17%
CLASS000193,FUND000014,5Y,10.82,7.6,2025-06-26,DOC000014,37|38|39,[p.37-39] 연평균수익률; 5Y 수익률 10.82%; 비교지수 7.6%
CLASS000193,FUND000014,SINCE_INCEPTION,5.9,4.95,2025-06-26,DOC000014,37|38|39,[p.37-39] 연평균수익률; SINCE_INCEPTION 수익률 5.9%; 비교지수 4.95%
CLASS000194,FUND000014,1Y,16.03,10.3,2025-06-26,DOC000014,37|38|39,[p.37-39] 연평균수익률; 1Y 수익률 16.03%; 비교지수 10.3%
CLASS000194,FUND000014,2Y,15.45,9.19,2025-06-26,DOC000014,37|38|39,[p.37-39] 연평균수익률; 2Y 수익률 15.45%; 비교지수 9.19%
CLASS000194,FUND000014,3Y,14.82,9.17,2025-06-26,DOC000014,37|38|39,[p.37-39] 연평균수익률; 3Y 수익률 14.82%; 비교지수 9.17%
CLASS000194,FUND000014,5Y,11.93,7.6,2025-06-26,DOC000014,37|38|39,[p.37-39] 연평균수익률; 5Y 수익률 11.93%; 비교지수 7.6%
CLASS000194,FUND000014,SINCE_INCEPTION,6.29,4.22,2025-06-26,DOC000014,37|38|39,[p.37-39] 연평균수익률; SINCE_INCEPTION 수익률 6.29%; 비교지수 4.22%
CLASS000195,FUND000014,1Y,15.99,10.3,2025-06-26,DOC000014,37|38|39,[p.37-39] 연평균수익률; 1Y 수익률 15.99%; 비교지수 10.3%
CLASS000195,FUND000014,2Y,15.41,9.19,2025-06-26,DOC000014,37|38|39,[p.37-39] 연평균수익률; 2Y 수익률 15.41%; 비교지수 9.19%
CLASS000195,FUND000014,3Y,14.79,9.17,2025-06-26,DOC000014,37|38|39,[p.37-39] 연평균수익률; 3Y 수익률 14.79%; 비교지수 9.17%
CLASS000195,FUND000014,5Y,11.89,7.6,2025-06-26,DOC000014,37|38|39,[p.37-39] 연평균수익률; 5Y 수익률 11.89%; 비교지수 7.6%
CLASS000195,FUND000014,SINCE_INCEPTION,5.63,3.88,2025-06-26,DOC000014,37|38|39,[p.37-39] 연평균수익률; SINCE_INCEPTION 수익률 5.63%; 비교지수 3.88%
CLASS000196,FUND000014,1Y,15.64,10.3,2025-06-26,DOC000014,37|38|39,[p.37-39] 연평균수익률; 1Y 수익률 15.64%; 비교지수 10.3%
CLASS000196,FUND000014,2Y,15.06,9.19,2025-06-26,DOC000014,37|38|39,[p.37-39] 연평균수익률; 2Y 수익률 15.06%; 비교지수 9.19%
CLASS000196,FUND000014,3Y,14.43,9.17,2025-06-26,DOC000014,37|38|39,[p.37-39] 연평균수익률; 3Y 수익률 14.43%; 비교지수 9.17%
CLASS000196,FUND000014,5Y,11.55,7.6,2025-06-26,DOC000014,37|38|39,[p.37-39] 연평균수익률; 5Y 수익률 11.55%; 비교지수 7.6%
CLASS000196,FUND000014,SINCE_INCEPTION,4.66,3.94,2025-06-26,DOC000014,37|38|39,[p.37-39] 연평균수익률; SINCE_INCEPTION 수익률 4.66%; 비교지수 3.94%
CLASS000198,FUND000014,1Y,15.22,10.3,2025-06-26,DOC000014,37|38|39,[p.37-39] 연평균수익률; 1Y 수익률 15.22%; 비교지수 10.3%
CLASS000198,FUND000014,2Y,14.65,9.19,2025-06-26,DOC000014,37|38|39,[p.37-39] 연평균수익률; 2Y 수익률 14.65%; 비교지수 9.19%
CLASS000198,FUND000014,3Y,14.01,9.17,2025-06-26,DOC000014,37|38|39,[p.37-39] 연평균수익률; 3Y 수익률 14.01%; 비교지수 9.17%
CLASS000198,FUND000014,5Y,11.13,7.6,2025-06-26,DOC000014,37|38|39,[p.37-39] 연평균수익률; 5Y 수익률 11.13%; 비교지수 7.6%
CLASS000198,FUND000014,SINCE_INCEPTION,4.56,3.29,2025-06-26,DOC000014,37|38|39,[p.37-39] 연평균수익률; SINCE_INCEPTION 수익률 4.56%; 비교지수 3.29%
CLASS000199,FUND000014,1Y,15.62,10.3,2025-06-26,DOC000014,37|38|39,[p.37-39] 연평균수익률; 1Y 수익률 15.62%; 비교지수 10.3%
CLASS000199,FUND000014,2Y,15.05,9.19,2025-06-26,DOC000014,37|38|39,[p.37-39] 연평균수익률; 2Y 수익률 15.05%; 비교지수 9.19%
CLASS000199,FUND000014,3Y,14.42,9.17,2025-06-26,DOC000014,37|38|39,[p.37-39] 연평균수익률; 3Y 수익률 14.42%; 비교지수 9.17%
CLASS000199,FUND000014,5Y,11.53,7.6,2025-06-26,DOC000014,37|38|39,[p.37-39] 연평균수익률; 5Y 수익률 11.53%; 비교지수 7.6%
CLASS000199,FUND000014,SINCE_INCEPTION,5.03,3.34,2025-06-26,DOC000014,37|38|39,[p.37-39] 연평균수익률; SINCE_INCEPTION 수익률 5.03%; 비교지수 3.34%
CLASS000201,FUND000014,1Y,15.08,10.3,2025-06-26,DOC000014,37|38|39,[p.37-39] 연평균수익률; 1Y 수익률 15.08%; 비교지수 10.3%
CLASS000201,FUND000014,2Y,14.5,9.19,2025-06-26,DOC000014,37|38|39,[p.37-39] 연평균수익률; 2Y 수익률 14.5%; 비교지수 9.19%
CLASS000201,FUND000014,3Y,13.87,9.17,2025-06-26,DOC000014,37|38|39,[p.37-39] 연평균수익률; 3Y 수익률 13.87%; 비교지수 9.17%
CLASS000201,FUND000014,5Y,10.99,7.6,2025-06-26,DOC000014,37|38|39,[p.37-39] 연평균수익률; 5Y 수익률 10.99%; 비교지수 7.6%
CLASS000201,FUND000014,SINCE_INCEPTION,5.03,4.13,2025-06-26,DOC000014,37|38|39,[p.37-39] 연평균수익률; SINCE_INCEPTION 수익률 5.03%; 비교지수 4.13%
CLASS000203,FUND000014,1Y,15.55,10.3,2025-06-26,DOC000014,37|38|39,[p.37-39] 연평균수익률; 1Y 수익률 15.55%; 비교지수 10.3%
CLASS000203,FUND000014,2Y,14.98,9.19,2025-06-26,DOC000014,37|38|39,[p.37-39] 연평균수익률; 2Y 수익률 14.98%; 비교지수 9.19%
CLASS000203,FUND000014,3Y,14.34,9.17,2025-06-26,DOC000014,37|38|39,[p.37-39] 연평균수익률; 3Y 수익률 14.34%; 비교지수 9.17%
CLASS000203,FUND000014,5Y,11.46,7.6,2025-06-26,DOC000014,37|38|39,[p.37-39] 연평균수익률; 5Y 수익률 11.46%; 비교지수 7.6%
CLASS000203,FUND000014,SINCE_INCEPTION,4.62,3.23,2025-06-26,DOC000014,37|38|39,[p.37-39] 연평균수익률; SINCE_INCEPTION 수익률 4.62%; 비교지수 3.23%
,FUND000015,1Y,2.08,1.19,2025-01-16,DOC000015,48|49,[p.48-49] 연평균수익률; 1Y 수익률 2.08%; 비교지수 1.19%
,FUND000015,2Y,3.46,2.62,2025-01-16,DOC000015,48|49,[p.48-49] 연평균수익률; 2Y 수익률 3.46%; 비교지수 2.62%
,FUND000015,3Y,-4.85,-4.71,2025-01-16,DOC000015,48|49,[p.48-49] 연평균수익률; 3Y 수익률 -4.85%; 비교지수 -4.71%
,FUND000015,5Y,7.78,2.37,2025-01-16,DOC000015,48|49,[p.48-49] 연평균수익률; 5Y 수익률 7.78%; 비교지수 2.37%
,FUND000015,SINCE_INCEPTION,4.99,2.82,2025-01-16,DOC000015,48|49,[p.48-49] 연평균수익률; SINCE_INCEPTION 수익률 4.99%; 비교지수 2.82%
CLASS000205,FUND000015,1Y,0.61,1.19,2025-01-16,DOC000015,48|49,[p.48-49] 연평균수익률; 1Y 수익률 0.61%; 비교지수 1.19%
CLASS000205,FUND000015,2Y,1.96,2.62,2025-01-16,DOC000015,48|49,[p.48-49] 연평균수익률; 2Y 수익률 1.96%; 비교지수 2.62%
CLASS000205,FUND000015,3Y,-6.26,-4.71,2025-01-16,DOC000015,48|49,[p.48-49] 연평균수익률; 3Y 수익률 -6.26%; 비교지수 -4.71%
CLASS000205,FUND000015,5Y,6.21,2.37,2025-01-16,DOC000015,48|49,[p.48-49] 연평균수익률; 5Y 수익률 6.21%; 비교지수 2.37%
CLASS000205,FUND000015,SINCE_INCEPTION,3.46,2.82,2025-01-16,DOC000015,48|49,[p.48-49] 연평균수익률; SINCE_INCEPTION 수익률 3.46%; 비교지수 2.82%
CLASS000206,FUND000015,1Y,0.96,1.19,2025-01-16,DOC000015,48|49,[p.48-49] 연평균수익률; 1Y 수익률 0.96%; 비교지수 1.19%
CLASS000206,FUND000015,2Y,2.32,2.62,2025-01-16,DOC000015,48|49,[p.48-49] 연평균수익률; 2Y 수익률 2.32%; 비교지수 2.62%
CLASS000206,FUND000015,3Y,-5.92,-4.71,2025-01-16,DOC000015,48|49,[p.48-49] 연평균수익률; 3Y 수익률 -5.92%; 비교지수 -4.71%
CLASS000206,FUND000015,5Y,6.59,2.37,2025-01-16,DOC000015,48|49,[p.48-49] 연평균수익률; 5Y 수익률 6.59%; 비교지수 2.37%
CLASS000206,FUND000015,SINCE_INCEPTION,3.56,2.62,2025-01-16,DOC000015,48|49,[p.48-49] 연평균수익률; SINCE_INCEPTION 수익률 3.56%; 비교지수 2.62%
CLASS000208,FUND000015,1Y,8.16,-3.75,2025-01-16,DOC000015,48|49,[p.48-49] 연평균수익률; 1Y 수익률 8.16%; 비교지수 -3.75%
CLASS000208,FUND000015,2Y,3.44,-0.82,2025-01-16,DOC000015,48|49,[p.48-49] 연평균수익률; 2Y 수익률 3.44%; 비교지수 -0.82%
CLASS000208,FUND000015,3Y,2.28,-0.55,2025-01-16,DOC000015,48|49,[p.48-49] 연평균수익률; 3Y 수익률 2.28%; 비교지수 -0.55%
CLASS000208,FUND000015,5Y,1.36,-0.33,2025-01-16,DOC000015,48|49,[p.48-49] 연평균수익률; 5Y 수익률 1.36%; 비교지수 -0.33%
CLASS000208,FUND000015,SINCE_INCEPTION,0.97,-0.24,2025-01-16,DOC000015,48|49,[p.48-49] 연평균수익률; SINCE_INCEPTION 수익률 0.97%; 비교지수 -0.24%
CLASS000209,FUND000015,1Y,1.57,-7.96,2025-01-16,DOC000015,48|49,[p.48-49] 연평균수익률; 1Y 수익률 1.57%; 비교지수 -7.96%
CLASS000209,FUND000015,2Y,0.79,-4.07,2025-01-16,DOC000015,48|49,[p.48-49] 연평균수익률; 2Y 수익률 0.79%; 비교지수 -4.07%
CLASS000209,FUND000015,3Y,0.52,-2.73,2025-01-16,DOC000015,48|49,[p.48-49] 연평균수익률; 3Y 수익률 0.52%; 비교지수 -2.73%
CLASS000209,FUND000015,5Y,0.08,-2.81,2025-01-16,DOC000015,48|49,[p.48-49] 연평균수익률; 5Y 수익률 0.08%; 비교지수 -2.81%
CLASS000209,FUND000015,SINCE_INCEPTION,0.26,-1.38,2025-01-16,DOC000015,48|49,[p.48-49] 연평균수익률; SINCE_INCEPTION 수익률 0.26%; 비교지수 -1.38%
CLASS000210,FUND000015,1Y,0.65,1.19,2025-01-16,DOC000015,48|49,[p.48-49] 연평균수익률; 1Y 수익률 0.65%; 비교지수 1.19%
CLASS000210,FUND000015,2Y,2,2.62,2025-01-16,DOC000015,48|49,[p.48-49] 연평균수익률; 2Y 수익률 2%; 비교지수 2.62%
CLASS000210,FUND000015,3Y,-6.23,-4.71,2025-01-16,DOC000015,48|49,[p.48-49] 연평균수익률; 3Y 수익률 -6.23%; 비교지수 -4.71%
CLASS000210,FUND000015,5Y,6.24,2.37,2025-01-16,DOC000015,48|49,[p.48-49] 연평균수익률; 5Y 수익률 6.24%; 비교지수 2.37%
CLASS000210,FUND000015,SINCE_INCEPTION,1.25,0.04,2025-01-16,DOC000015,48|49,[p.48-49] 연평균수익률; SINCE_INCEPTION 수익률 1.25%; 비교지수 0.04%
CLASS000211,FUND000015,1Y,0.83,1.19,2025-01-16,DOC000015,48|49,[p.48-49] 연평균수익률; 1Y 수익률 0.83%; 비교지수 1.19%
CLASS000211,FUND000015,2Y,2.19,2.62,2025-01-16,DOC000015,48|49,[p.48-49] 연평균수익률; 2Y 수익률 2.19%; 비교지수 2.62%
CLASS000211,FUND000015,3Y,-6.05,-4.71,2025-01-16,DOC000015,48|49,[p.48-49] 연평균수익률; 3Y 수익률 -6.05%; 비교지수 -4.71%
CLASS000211,FUND000015,5Y,6.45,2.37,2025-01-16,DOC000015,48|49,[p.48-49] 연평균수익률; 5Y 수익률 6.45%; 비교지수 2.37%
CLASS000211,FUND000015,SINCE_INCEPTION,3.34,2.57,2025-01-16,DOC000015,48|49,[p.48-49] 연평균수익률; SINCE_INCEPTION 수익률 3.34%; 비교지수 2.57%
CLASS000214,FUND000015,1Y,0.98,1.19,2025-01-16,DOC000015,48|49,[p.48-49] 연평균수익률; 1Y 수익률 0.98%; 비교지수 1.19%
CLASS000214,FUND000015,2Y,2.34,2.62,2025-01-16,DOC000015,48|49,[p.48-49] 연평균수익률; 2Y 수익률 2.34%; 비교지수 2.62%
CLASS000214,FUND000015,3Y,-5.91,-4.71,2025-01-16,DOC000015,48|49,[p.48-49] 연평균수익률; 3Y 수익률 -5.91%; 비교지수 -4.71%
CLASS000214,FUND000015,5Y,6.6,2.37,2025-01-16,DOC000015,48|49,[p.48-49] 연평균수익률; 5Y 수익률 6.6%; 비교지수 2.37%
CLASS000214,FUND000015,SINCE_INCEPTION,3.49,2.57,2025-01-16,DOC000015,48|49,[p.48-49] 연평균수익률; SINCE_INCEPTION 수익률 3.49%; 비교지수 2.57%
CLASS000216,FUND000015,1Y,0.98,1.19,2025-01-16,DOC000015,49,[p.49] 연평균수익률; 1Y 수익률 0.98%; 비교지수 1.19%
CLASS000216,FUND000015,2Y,2.34,2.62,2025-01-16,DOC000015,49,[p.49] 연평균수익률; 2Y 수익률 2.34%; 비교지수 2.62%
CLASS000216,FUND000015,SINCE_INCEPTION,1.4,2.6,2025-01-16,DOC000015,49,[p.49] 연평균수익률; SINCE_INCEPTION 수익률 1.4%; 비교지수 2.6%
CLASS000217,FUND000015,1Y,1.16,1.19,2025-01-16,DOC000015,49,[p.49] 연평균수익률; 1Y 수익률 1.16%; 비교지수 1.19%
CLASS000217,FUND000015,2Y,2.52,2.62,2025-01-16,DOC000015,49,[p.49] 연평균수익률; 2Y 수익률 2.52%; 비교지수 2.62%
CLASS000217,FUND000015,SINCE_INCEPTION,3.17,3.29,2025-01-16,DOC000015,49,[p.49] 연평균수익률; SINCE_INCEPTION 수익률 3.17%; 비교지수 3.29%
CLASS000219,FUND000015,1Y,0.97,1.19,2025-01-16,DOC000015,49,[p.49] 연평균수익률; 1Y 수익률 0.97%; 비교지수 1.19%
CLASS000219,FUND000015,2Y,2.34,2.62,2025-01-16,DOC000015,49,[p.49] 연평균수익률; 2Y 수익률 2.34%; 비교지수 2.62%
CLASS000219,FUND000015,SINCE_INCEPTION,2.51,3.49,2025-01-16,DOC000015,49,[p.49] 연평균수익률; SINCE_INCEPTION 수익률 2.51%; 비교지수 3.49%
,FUND000017,1Y,21.54,-4.62,2025-05-20,DOC000017,30,[p.30] 연평균수익률; 1Y 수익률 21.54%; 비교지수 -4.62%
,FUND000017,2Y,9.59,1.44,2025-05-20,DOC000017,30,[p.30] 연평균수익률; 2Y 수익률 9.59%; 비교지수 1.44%
,FUND000017,3Y,6.04,-0.21,2025-05-20,DOC000017,30,[p.30] 연평균수익률; 3Y 수익률 6.04%; 비교지수 -0.21%
,FUND000017,5Y,12.78,5.42,2025-05-20,DOC000017,30,[p.30] 연평균수익률; 5Y 수익률 12.78%; 비교지수 5.42%
,FUND000017,SINCE_INCEPTION,7.54,2.35,2025-05-20,DOC000017,30,[p.30] 연평균수익률; SINCE_INCEPTION 수익률 7.54%; 비교지수 2.35%
CLASS000236,FUND000017,1Y,19.76,-4.62,2025-05-20,DOC000017,30,[p.30] 연평균수익률; 1Y 수익률 19.76%; 비교지수 -4.62%
CLASS000236,FUND000017,2Y,7.94,1.44,2025-05-20,DOC000017,30,[p.30] 연평균수익률; 2Y 수익률 7.94%; 비교지수 1.44%
CLASS000236,FUND000017,3Y,4.45,-0.21,2025-05-20,DOC000017,30,[p.30] 연평균수익률; 3Y 수익률 4.45%; 비교지수 -0.21%
CLASS000236,FUND000017,5Y,11.09,5.42,2025-05-20,DOC000017,30,[p.30] 연평균수익률; 5Y 수익률 11.09%; 비교지수 5.42%
CLASS000236,FUND000017,SINCE_INCEPTION,5.92,2.35,2025-05-20,DOC000017,30,[p.30] 연평균수익률; SINCE_INCEPTION 수익률 5.92%; 비교지수 2.35%
CLASS000237,FUND000017,1Y,20.32,-4.62,2025-05-20,DOC000017,30,[p.30] 연평균수익률; 1Y 수익률 20.32%; 비교지수 -4.62%
CLASS000237,FUND000017,2Y,8.45,1.44,2025-05-20,DOC000017,30,[p.30] 연평균수익률; 2Y 수익률 8.45%; 비교지수 1.44%
CLASS000237,FUND000017,3Y,4.95,-0.21,2025-05-20,DOC000017,30,[p.30] 연평균수익률; 3Y 수익률 4.95%; 비교지수 -0.21%
CLASS000237,FUND000017,5Y,11.61,5.42,2025-05-20,DOC000017,30,[p.30] 연평균수익률; 5Y 수익률 11.61%; 비교지수 5.42%
CLASS000237,FUND000017,SINCE_INCEPTION,6.32,2.14,2025-05-20,DOC000017,30,[p.30] 연평균수익률; SINCE_INCEPTION 수익률 6.32%; 비교지수 2.14%
CLASS000238,FUND000017,1Y,20.54,-4.62,2025-05-20,DOC000017,30,[p.30] 연평균수익률; 1Y 수익률 20.54%; 비교지수 -4.62%
CLASS000238,FUND000017,2Y,8.66,1.44,2025-05-20,DOC000017,30,[p.30] 연평균수익률; 2Y 수익률 8.66%; 비교지수 1.44%
CLASS000238,FUND000017,3Y,5.14,-0.21,2025-05-20,DOC000017,30,[p.30] 연평균수익률; 3Y 수익률 5.14%; 비교지수 -0.21%
CLASS000238,FUND000017,5Y,11.82,5.42,2025-05-20,DOC000017,30,[p.30] 연평균수익률; 5Y 수익률 11.82%; 비교지수 5.42%
CLASS000238,FUND000017,SINCE_INCEPTION,6.43,2.46,2025-05-20,DOC000017,30,[p.30] 연평균수익률; SINCE_INCEPTION 수익률 6.43%; 비교지수 2.46%
,FUND000018,1Y,2.19,1.66,2020-12-29,DOC000018,41,[p.41] 연평균수익률; 1Y 2.19%; 비교지수 1.66%
,FUND000018,2Y,2.78,2.58,2020-12-29,DOC000018,41,[p.41] 연평균수익률; 2Y 2.78%; 비교지수 2.58%
,FUND000018,3Y,3.19,3.29,2020-12-29,DOC000018,41,[p.41] 연평균수익률; 3Y 3.19%; 비교지수 3.29%
,FUND000018,5Y,2.2,2.44,2020-12-29,DOC000018,41,[p.41] 연평균수익률; 5Y 2.2%; 비교지수 2.44%
,FUND000018,SINCE_INCEPTION,4.24,4.36,2020-12-29,DOC000018,41,[p.41] 연평균수익률; SINCE_INCEPTION 4.24%; 비교지수 4.36%
CLASS000239,FUND000018,1Y,1.64,1.66,2020-12-29,DOC000018,41,[p.41] 연평균수익률; 1Y 1.64%; 비교지수 1.66%
CLASS000239,FUND000018,2Y,2.23,2.58,2020-12-29,DOC000018,41,[p.41] 연평균수익률; 2Y 2.23%; 비교지수 2.58%
CLASS000239,FUND000018,3Y,2.64,3.29,2020-12-29,DOC000018,41,[p.41] 연평균수익률; 3Y 2.64%; 비교지수 3.29%
CLASS000239,FUND000018,5Y,1.84,2.44,2020-12-29,DOC000018,41,[p.41] 연평균수익률; 5Y 1.84%; 비교지수 2.44%
CLASS000239,FUND000018,SINCE_INCEPTION,4.1,4.36,2020-12-29,DOC000018,41,[p.41] 연평균수익률; SINCE_INCEPTION 4.1%; 비교지수 4.36%
CLASS000240,FUND000018,1Y,2.18,1.66,2020-12-29,DOC000018,41,[p.41] C-Pe 최근 1년 2.18%; 비교지수 1.66%
CLASS000240,FUND000018,SINCE_INCEPTION,2.76,,2020-12-29,DOC000018,41,[p.41] C-Pe 설정일 이후 2.76%; 클래스 설정일부터의 비교지수는 표에 별도 미기재
,FUND000019,1Y,5.8,6.19,2025-01-15,DOC000019,35,[p.35] 연평균수익률; 1Y 5.8%; 비교지수 6.19%
,FUND000019,2Y,5.11,5.54,2025-01-15,DOC000019,35,[p.35] 연평균수익률; 2Y 5.11%; 비교지수 5.54%
,FUND000019,3Y,3.74,2.89,2025-01-15,DOC000019,35,[p.35] 연평균수익률; 3Y 3.74%; 비교지수 2.89%
,FUND000019,5Y,2.61,1.65,2025-01-15,DOC000019,35,[p.35] 연평균수익률; 5Y 2.61%; 비교지수 1.65%
,FUND000019,SINCE_INCEPTION,2.77,2.88,2025-01-15,DOC000019,35,[p.35] 연평균수익률; SINCE_INCEPTION 2.77%; 비교지수 2.88%
CLASS000241,FUND000019,1Y,5.23,6.19,2025-01-15,DOC000019,35,[p.35] 연평균수익률; 1Y 5.23%; 비교지수 6.19%
CLASS000241,FUND000019,2Y,4.54,5.54,2025-01-15,DOC000019,35,[p.35] 연평균수익률; 2Y 4.54%; 비교지수 5.54%
CLASS000241,FUND000019,3Y,3.18,2.89,2025-01-15,DOC000019,35,[p.35] 연평균수익률; 3Y 3.18%; 비교지수 2.89%
CLASS000241,FUND000019,5Y,2.06,1.65,2025-01-15,DOC000019,35,[p.35] 연평균수익률; 5Y 2.06%; 비교지수 1.65%
CLASS000241,FUND000019,SINCE_INCEPTION,2.33,2.88,2025-01-15,DOC000019,35,[p.35] 연평균수익률; SINCE_INCEPTION 2.33%; 비교지수 2.88%
CLASS000242,FUND000019,1Y,5.44,6.19,2025-01-15,DOC000019,35,[p.35] 연평균수익률; 1Y 5.44%; 비교지수 6.19%
CLASS000242,FUND000019,2Y,4.75,5.54,2025-01-15,DOC000019,35,[p.35] 연평균수익률; 2Y 4.75%; 비교지수 5.54%
CLASS000242,FUND000019,3Y,3.39,2.89,2025-01-15,DOC000019,35,[p.35] 연평균수익률; 3Y 3.39%; 비교지수 2.89%
CLASS000242,FUND000019,5Y,2.27,1.65,2025-01-15,DOC000019,35,[p.35] 연평균수익률; 5Y 2.27%; 비교지수 1.65%
CLASS000242,FUND000019,SINCE_INCEPTION,2.18,2.55,2025-01-15,DOC000019,35,[p.35] 연평균수익률; SINCE_INCEPTION 2.18%; 비교지수 2.55%
CLASS000243,FUND000019,1Y,5.42,6.19,2025-01-15,DOC000019,35,[p.35] 연평균수익률; 1Y 5.42%; 비교지수 6.19%
CLASS000243,FUND000019,2Y,4.73,5.54,2025-01-15,DOC000019,35,[p.35] 연평균수익률; 2Y 4.73%; 비교지수 5.54%
CLASS000243,FUND000019,3Y,3.37,2.89,2025-01-15,DOC000019,35,[p.35] 연평균수익률; 3Y 3.37%; 비교지수 2.89%
CLASS000243,FUND000019,5Y,2.25,1.65,2025-01-15,DOC000019,35,[p.35] 연평균수익률; 5Y 2.25%; 비교지수 1.65%
CLASS000243,FUND000019,SINCE_INCEPTION,2.08,2.16,2025-01-15,DOC000019,35,[p.35] 연평균수익률; SINCE_INCEPTION 2.08%; 비교지수 2.16%
,FUND000020,1Y,5.22,4.52,2024-12-12,DOC000020,40|41,[p.40-41] 연평균수익률; 1Y 5.22%; 비교지수 4.52%
,FUND000020,2Y,5.65,4.66,2024-12-12,DOC000020,40|41,[p.40-41] 연평균수익률; 2Y 5.65%; 비교지수 4.66%
,FUND000020,3Y,4.4,3.82,2024-12-12,DOC000020,40|41,[p.40-41] 연평균수익률; 3Y 4.4%; 비교지수 3.82%
,FUND000020,5Y,3.51,2.87,2024-12-12,DOC000020,40|41,[p.40-41] 연평균수익률; 5Y 3.51%; 비교지수 2.87%
,FUND000020,SINCE_INCEPTION,3.41,2.68,2024-12-12,DOC000020,40|41,[p.40-41] 연평균수익률; SINCE_INCEPTION 3.41%; 비교지수 2.68%
CLASS000244,FUND000020,1Y,4.78,4.52,2024-12-12,DOC000020,40|41,[p.40-41] 연평균수익률; 1Y 4.78%; 비교지수 4.52%
CLASS000244,FUND000020,2Y,5.21,4.66,2024-12-12,DOC000020,40|41,[p.40-41] 연평균수익률; 2Y 5.21%; 비교지수 4.66%
CLASS000244,FUND000020,3Y,3.96,3.82,2024-12-12,DOC000020,40|41,[p.40-41] 연평균수익률; 3Y 3.96%; 비교지수 3.82%
CLASS000244,FUND000020,5Y,3.07,2.87,2024-12-12,DOC000020,40|41,[p.40-41] 연평균수익률; 5Y 3.07%; 비교지수 2.87%
CLASS000244,FUND000020,SINCE_INCEPTION,2.98,2.68,2024-12-12,DOC000020,40|41,[p.40-41] 연평균수익률; SINCE_INCEPTION 2.98%; 비교지수 2.68%
CLASS000245,FUND000020,1Y,4.93,4.52,2024-12-12,DOC000020,40|41,[p.40-41] 연평균수익률; 1Y 4.93%; 비교지수 4.52%
CLASS000245,FUND000020,2Y,5.37,4.66,2024-12-12,DOC000020,40|41,[p.40-41] 연평균수익률; 2Y 5.37%; 비교지수 4.66%
CLASS000245,FUND000020,3Y,4.12,3.82,2024-12-12,DOC000020,40|41,[p.40-41] 연평균수익률; 3Y 4.12%; 비교지수 3.82%
CLASS000245,FUND000020,5Y,3.23,2.87,2024-12-12,DOC000020,40|41,[p.40-41] 연평균수익률; 5Y 3.23%; 비교지수 2.87%
CLASS000246,FUND000020,1Y,4.86,4.52,2024-12-12,DOC000020,40|41,[p.40-41] 연평균수익률; 1Y 4.86%; 비교지수 4.52%
CLASS000246,FUND000020,2Y,5.3,4.66,2024-12-12,DOC000020,40|41,[p.40-41] 연평균수익률; 2Y 5.3%; 비교지수 4.66%
CLASS000246,FUND000020,3Y,4.05,3.82,2024-12-12,DOC000020,40|41,[p.40-41] 연평균수익률; 3Y 4.05%; 비교지수 3.82%
CLASS000246,FUND000020,5Y,3.15,2.87,2024-12-12,DOC000020,40|41,[p.40-41] 연평균수익률; 5Y 3.15%; 비교지수 2.87%
CLASS000247,FUND000020,1Y,5.04,4.52,2024-12-12,DOC000020,40|41,[p.40-41] 연평균수익률; 1Y 5.04%; 비교지수 4.52%
CLASS000247,FUND000020,2Y,5.47,4.66,2024-12-12,DOC000020,40|41,[p.40-41] 연평균수익률; 2Y 5.47%; 비교지수 4.66%
CLASS000247,FUND000020,3Y,4.22,3.82,2024-12-12,DOC000020,40|41,[p.40-41] 연평균수익률; 3Y 4.22%; 비교지수 3.82%
CLASS000247,FUND000020,5Y,3.33,2.87,2024-12-12,DOC000020,40|41,[p.40-41] 연평균수익률; 5Y 3.33%; 비교지수 2.87%
CLASS000247,FUND000020,SINCE_INCEPTION,3.24,2.68,2024-12-12,DOC000020,40|41,[p.40-41] 연평균수익률; SINCE_INCEPTION 3.24%; 비교지수 2.68%
CLASS000249,FUND000020,1Y,4.88,4.52,2024-12-12,DOC000020,40|41,[p.40-41] 연평균수익률; 1Y 4.88%; 비교지수 4.52%
CLASS000249,FUND000020,2Y,5.32,4.66,2024-12-12,DOC000020,40|41,[p.40-41] 연평균수익률; 2Y 5.32%; 비교지수 4.66%
CLASS000249,FUND000020,3Y,4.07,3.82,2024-12-12,DOC000020,40|41,[p.40-41] 연평균수익률; 3Y 4.07%; 비교지수 3.82%
CLASS000249,FUND000020,5Y,3.18,2.87,2024-12-12,DOC000020,40|41,[p.40-41] 연평균수익률; 5Y 3.18%; 비교지수 2.87%
CLASS000249,FUND000020,SINCE_INCEPTION,3.07,2.72,2024-12-12,DOC000020,40|41,[p.40-41] 연평균수익률; SINCE_INCEPTION 3.07%; 비교지수 2.72%
CLASS000250,FUND000020,1Y,4.99,4.52,2024-12-12,DOC000020,40|41,[p.40-41] 연평균수익률; 1Y 4.99%; 비교지수 4.52%
CLASS000250,FUND000020,2Y,5.42,4.66,2024-12-12,DOC000020,40|41,[p.40-41] 연평균수익률; 2Y 5.42%; 비교지수 4.66%
CLASS000250,FUND000020,3Y,4.17,3.82,2024-12-12,DOC000020,40|41,[p.40-41] 연평균수익률; 3Y 4.17%; 비교지수 3.82%
CLASS000250,FUND000020,5Y,3.28,2.87,2024-12-12,DOC000020,40|41,[p.40-41] 연평균수익률; 5Y 3.28%; 비교지수 2.87%
CLASS000250,FUND000020,SINCE_INCEPTION,3.25,2.86,2024-12-12,DOC000020,40|41,[p.40-41] 연평균수익률; SINCE_INCEPTION 3.25%; 비교지수 2.86%
CLASS000251,FUND000020,1Y,4.87,4.52,2024-12-12,DOC000020,40|41,[p.40-41] 연평균수익률; 1Y 4.87%; 비교지수 4.52%
CLASS000251,FUND000020,2Y,5.31,4.66,2024-12-12,DOC000020,40|41,[p.40-41] 연평균수익률; 2Y 5.31%; 비교지수 4.66%
CLASS000251,FUND000020,3Y,4.06,3.82,2024-12-12,DOC000020,40|41,[p.40-41] 연평균수익률; 3Y 4.06%; 비교지수 3.82%
CLASS000251,FUND000020,5Y,3.17,2.87,2024-12-12,DOC000020,40|41,[p.40-41] 연평균수익률; 5Y 3.17%; 비교지수 2.87%
CLASS000251,FUND000020,SINCE_INCEPTION,3.06,2.78,2024-12-12,DOC000020,40|41,[p.40-41] 연평균수익률; SINCE_INCEPTION 3.06%; 비교지수 2.78%
CLASS000252,FUND000020,1Y,4.98,4.52,2024-12-12,DOC000020,40|41,[p.40-41] 연평균수익률; 1Y 4.98%; 비교지수 4.52%
CLASS000252,FUND000020,2Y,5.42,4.66,2024-12-12,DOC000020,40|41,[p.40-41] 연평균수익률; 2Y 5.42%; 비교지수 4.66%
CLASS000252,FUND000020,3Y,4.17,3.82,2024-12-12,DOC000020,40|41,[p.40-41] 연평균수익률; 3Y 4.17%; 비교지수 3.82%
CLASS000252,FUND000020,5Y,3.19,2.79,2024-12-12,DOC000020,40|41,[p.40-41] 연평균수익률; 5Y 3.19%; 비교지수 2.79%
CLASS000252,FUND000020,SINCE_INCEPTION,3.05,2.67,2024-12-12,DOC000020,40|41,[p.40-41] 연평균수익률; SINCE_INCEPTION 3.05%; 비교지수 2.67%
CLASS000253,FUND000020,1Y,4.99,4.52,2024-12-12,DOC000020,40|41,[p.40-41] 연평균수익률; 1Y 4.99%; 비교지수 4.52%
CLASS000253,FUND000020,2Y,5.42,4.66,2024-12-12,DOC000020,40|41,[p.40-41] 연평균수익률; 2Y 5.42%; 비교지수 4.66%
CLASS000253,FUND000020,3Y,4.17,3.82,2024-12-12,DOC000020,40|41,[p.40-41] 연평균수익률; 3Y 4.17%; 비교지수 3.82%
CLASS000253,FUND000020,5Y,3.28,2.87,2024-12-12,DOC000020,40|41,[p.40-41] 연평균수익률; 5Y 3.28%; 비교지수 2.87%
CLASS000253,FUND000020,SINCE_INCEPTION,3.17,2.73,2024-12-12,DOC000020,40|41,[p.40-41] 연평균수익률; SINCE_INCEPTION 3.17%; 비교지수 2.73%
CLASS000254,FUND000020,1Y,5.03,4.52,2024-12-12,DOC000020,40|41,[p.40-41] 연평균수익률; 1Y 5.03%; 비교지수 4.52%
CLASS000254,FUND000020,2Y,5.46,4.66,2024-12-12,DOC000020,40|41,[p.40-41] 연평균수익률; 2Y 5.46%; 비교지수 4.66%
CLASS000254,FUND000020,3Y,4.21,3.82,2024-12-12,DOC000020,40|41,[p.40-41] 연평균수익률; 3Y 4.21%; 비교지수 3.82%
CLASS000254,FUND000020,5Y,3.32,2.87,2024-12-12,DOC000020,40|41,[p.40-41] 연평균수익률; 5Y 3.32%; 비교지수 2.87%
CLASS000254,FUND000020,SINCE_INCEPTION,3.21,2.73,2024-12-12,DOC000020,40|41,[p.40-41] 연평균수익률; SINCE_INCEPTION 3.21%; 비교지수 2.73%
CLASS000248,FUND000020,1Y,1.48,,2024-12-12,DOC000020,41,[p.41] 1Y 1.48%; 비교지수 미기재
CLASS000248,FUND000020,SINCE_INCEPTION,1.56,,2024-12-12,DOC000020,41,[p.41] 설정일 이후 1.56%; 비교지수 미기재
CLASS000255,FUND000020,SINCE_INCEPTION,4.52,,2024-12-12,DOC000020,41,[p.41] 설정일 이후 4.52%; 비교지수 미기재
CLASS000256,FUND000020,SINCE_INCEPTION,4.76,,2024-12-12,DOC000020,41,[p.41] 설정일 이후 4.76%; 비교지수 미기재
CLASS000257,FUND000020,SINCE_INCEPTION,4.49,,2024-12-12,DOC000020,41,[p.41] 설정일 이후 4.49%; 비교지수 미기재
CLASS000261,FUND000021,1Y,4.6,4.73,2024-12-31,DOC000021,35,[p.35] 연평균수익률; A; 1Y 4.6%; 비교지수 4.73%
CLASS000261,FUND000021,2Y,5.88,5.41,2024-12-31,DOC000021,35,[p.35] 연평균수익률; A; 2Y 5.88%; 비교지수 5.41%
CLASS000261,FUND000021,3Y,1.88,2.32,2024-12-31,DOC000021,35,[p.35] 연평균수익률; A; 3Y 1.88%; 비교지수 2.32%
CLASS000261,FUND000021,5Y,1.35,1.77,2024-12-31,DOC000021,35,[p.35] 연평균수익률; A; 5Y 1.35%; 비교지수 1.77%
CLASS000261,FUND000021,SINCE_INCEPTION,1.75,3.8,2024-12-31,DOC000021,35,[p.35] 연평균수익률; A; SINCE_INCEPTION 1.75%; 비교지수 3.8%
CLASS000270,FUND000021,1Y,4.71,4.73,2024-12-31,DOC000021,35,[p.35] 연평균수익률; A-E; 1Y 4.71%; 비교지수 4.73%
CLASS000270,FUND000021,SINCE_INCEPTION,5.63,3.8,2024-12-31,DOC000021,35,[p.35] 연평균수익률; A-E; SINCE_INCEPTION 5.63%; 비교지수 3.8%
CLASS000258,FUND000021,1Y,4.46,4.73,2024-12-31,DOC000021,35,[p.35] 연평균수익률; C; 1Y 4.46%; 비교지수 4.73%
CLASS000258,FUND000021,2Y,5.74,5.41,2024-12-31,DOC000021,35,[p.35] 연평균수익률; C; 2Y 5.74%; 비교지수 5.41%
CLASS000258,FUND000021,3Y,1.74,2.32,2024-12-31,DOC000021,35,[p.35] 연평균수익률; C; 3Y 1.74%; 비교지수 2.32%
CLASS000258,FUND000021,5Y,1.21,1.77,2024-12-31,DOC000021,35,[p.35] 연평균수익률; C; 5Y 1.21%; 비교지수 1.77%
CLASS000258,FUND000021,SINCE_INCEPTION,2.97,3.8,2024-12-31,DOC000021,35,[p.35] 연평균수익률; C; SINCE_INCEPTION 2.97%; 비교지수 3.8%
CLASS000267,FUND000021,1Y,4.53,4.73,2024-12-31,DOC000021,35,[p.35] 연평균수익률; C-퇴직연금; 1Y 4.53%; 비교지수 4.73%
CLASS000267,FUND000021,2Y,5.81,5.41,2024-12-31,DOC000021,35,[p.35] 연평균수익률; C-퇴직연금; 2Y 5.81%; 비교지수 5.41%
CLASS000267,FUND000021,3Y,1.81,2.32,2024-12-31,DOC000021,35,[p.35] 연평균수익률; C-퇴직연금; 3Y 1.81%; 비교지수 2.32%
CLASS000267,FUND000021,5Y,1.28,1.77,2024-12-31,DOC000021,35,[p.35] 연평균수익률; C-퇴직연금; 5Y 1.28%; 비교지수 1.77%
CLASS000267,FUND000021,SINCE_INCEPTION,1.74,3.8,2024-12-31,DOC000021,35,[p.35] 연평균수익률; C-퇴직연금; SINCE_INCEPTION 1.74%; 비교지수 3.8%
CLASS000271,FUND000021,1Y,4.67,4.73,2024-12-31,DOC000021,35,[p.35] 연평균수익률; C-퇴직e; 1Y 4.67%; 비교지수 4.73%
CLASS000271,FUND000021,2Y,5.95,5.41,2024-12-31,DOC000021,35,[p.35] 연평균수익률; C-퇴직e; 2Y 5.95%; 비교지수 5.41%
CLASS000271,FUND000021,3Y,1.95,2.32,2024-12-31,DOC000021,35,[p.35] 연평균수익률; C-퇴직e; 3Y 1.95%; 비교지수 2.32%
CLASS000271,FUND000021,5Y,1.44,1.77,2024-12-31,DOC000021,35,[p.35] 연평균수익률; C-퇴직e; 5Y 1.44%; 비교지수 1.77%
CLASS000271,FUND000021,SINCE_INCEPTION,1.27,3.8,2024-12-31,DOC000021,35,[p.35] 연평균수익률; C-퇴직e; SINCE_INCEPTION 1.27%; 비교지수 3.8%
CLASS000262,FUND000021,1Y,4.64,4.73,2024-12-31,DOC000021,35,[p.35] 연평균수익률; C-E; 1Y 4.64%; 비교지수 4.73%
CLASS000262,FUND000021,2Y,5.92,5.41,2024-12-31,DOC000021,35,[p.35] 연평균수익률; C-E; 2Y 5.92%; 비교지수 5.41%
CLASS000262,FUND000021,3Y,1.91,2.32,2024-12-31,DOC000021,35,[p.35] 연평균수익률; C-E; 3Y 1.91%; 비교지수 2.32%
CLASS000262,FUND000021,5Y,1.39,1.77,2024-12-31,DOC000021,35,[p.35] 연평균수익률; C-E; 5Y 1.39%; 비교지수 1.77%
CLASS000262,FUND000021,SINCE_INCEPTION,1.82,3.8,2024-12-31,DOC000021,35,[p.35] 연평균수익률; C-E; SINCE_INCEPTION 1.82%; 비교지수 3.8%
CLASS000259,FUND000021,1Y,4.8,4.73,2024-12-31,DOC000021,35,[p.35] 연평균수익률; C-F; 1Y 4.8%; 비교지수 4.73%
CLASS000259,FUND000021,2Y,6.08,5.41,2024-12-31,DOC000021,35,[p.35] 연평균수익률; C-F; 2Y 6.08%; 비교지수 5.41%
CLASS000259,FUND000021,3Y,2.08,2.32,2024-12-31,DOC000021,35,[p.35] 연평균수익률; C-F; 3Y 2.08%; 비교지수 2.32%
CLASS000259,FUND000021,5Y,1.55,1.77,2024-12-31,DOC000021,35,[p.35] 연평균수익률; C-F; 5Y 1.55%; 비교지수 1.77%
CLASS000259,FUND000021,SINCE_INCEPTION,2.63,3.8,2024-12-31,DOC000021,35,[p.35] 연평균수익률; C-F; SINCE_INCEPTION 2.63%; 비교지수 3.8%
CLASS000264,FUND000021,1Y,4.51,4.73,2024-12-31,DOC000021,35,[p.35] 연평균수익률; C-P; 1Y 4.51%; 비교지수 4.73%
CLASS000264,FUND000021,2Y,5.79,5.41,2024-12-31,DOC000021,35,[p.35] 연평균수익률; C-P; 2Y 5.79%; 비교지수 5.41%
CLASS000264,FUND000021,3Y,1.79,2.32,2024-12-31,DOC000021,35,[p.35] 연평균수익률; C-P; 3Y 1.79%; 비교지수 2.32%
CLASS000264,FUND000021,5Y,1.27,1.77,2024-12-31,DOC000021,35,[p.35] 연평균수익률; C-P; 5Y 1.27%; 비교지수 1.77%
CLASS000264,FUND000021,SINCE_INCEPTION,1.83,3.8,2024-12-31,DOC000021,35,[p.35] 연평균수익률; C-P; SINCE_INCEPTION 1.83%; 비교지수 3.8%
CLASS000265,FUND000021,1Y,4.66,4.73,2024-12-31,DOC000021,35,[p.35] 연평균수익률; C-Pe; 1Y 4.66%; 비교지수 4.73%
CLASS000265,FUND000021,2Y,5.94,5.41,2024-12-31,DOC000021,35,[p.35] 연평균수익률; C-Pe; 2Y 5.94%; 비교지수 5.41%
CLASS000265,FUND000021,3Y,1.94,2.32,2024-12-31,DOC000021,35,[p.35] 연평균수익률; C-Pe; 3Y 1.94%; 비교지수 2.32%
CLASS000265,FUND000021,5Y,1.41,1.77,2024-12-31,DOC000021,35,[p.35] 연평균수익률; C-Pe; 5Y 1.41%; 비교지수 1.77%
CLASS000265,FUND000021,SINCE_INCEPTION,1.96,3.8,2024-12-31,DOC000021,35,[p.35] 연평균수익률; C-Pe; SINCE_INCEPTION 1.96%; 비교지수 3.8%
CLASS000263,FUND000021,1Y,4.81,4.73,2024-12-31,DOC000021,35,[p.35] 연평균수익률; C-W; 1Y 4.81%; 비교지수 4.73%
CLASS000263,FUND000021,2Y,6.1,5.41,2024-12-31,DOC000021,35,[p.35] 연평균수익률; C-W; 2Y 6.1%; 비교지수 5.41%
CLASS000263,FUND000021,3Y,2.09,2.32,2024-12-31,DOC000021,35,[p.35] 연평균수익률; C-W; 3Y 2.09%; 비교지수 2.32%
CLASS000263,FUND000021,5Y,1.56,1.77,2024-12-31,DOC000021,35,[p.35] 연평균수익률; C-W; 5Y 1.56%; 비교지수 1.77%
CLASS000263,FUND000021,SINCE_INCEPTION,1.57,3.8,2024-12-31,DOC000021,35,[p.35] 연평균수익률; C-W; SINCE_INCEPTION 1.57%; 비교지수 3.8%
CLASS000260,FUND000021,1Y,4.71,4.73,2024-12-31,DOC000021,35,[p.35] 연평균수익률; S; 1Y 4.71%; 비교지수 4.73%
CLASS000260,FUND000021,2Y,5.99,5.41,2024-12-31,DOC000021,35,[p.35] 연평균수익률; S; 2Y 5.99%; 비교지수 5.41%
CLASS000260,FUND000021,3Y,1.99,2.32,2024-12-31,DOC000021,35,[p.35] 연평균수익률; S; 3Y 1.99%; 비교지수 2.32%
CLASS000260,FUND000021,5Y,1.46,1.77,2024-12-31,DOC000021,35,[p.35] 연평균수익률; S; 5Y 1.46%; 비교지수 1.77%
CLASS000260,FUND000021,SINCE_INCEPTION,2.25,3.8,2024-12-31,DOC000021,35,[p.35] 연평균수익률; S; SINCE_INCEPTION 2.25%; 비교지수 3.8%
CLASS000272,FUND000021,1Y,4.76,4.73,2024-12-31,DOC000021,35,[p.35] 연평균수익률; S-퇴직; 1Y 4.76%; 비교지수 4.73%
CLASS000272,FUND000021,SINCE_INCEPTION,5.51,3.8,2024-12-31,DOC000021,35,[p.35] 연평균수익률; S-퇴직; SINCE_INCEPTION 5.51%; 비교지수 3.8%
CLASS000266,FUND000021,1Y,4.73,4.73,2024-12-31,DOC000021,35,[p.35] 연평균수익률; S-P; 1Y 4.73%; 비교지수 4.73%
CLASS000266,FUND000021,2Y,6.01,5.41,2024-12-31,DOC000021,35,[p.35] 연평균수익률; S-P; 2Y 6.01%; 비교지수 5.41%
CLASS000266,FUND000021,3Y,2.01,2.32,2024-12-31,DOC000021,35,[p.35] 연평균수익률; S-P; 3Y 2.01%; 비교지수 2.32%
CLASS000266,FUND000021,5Y,1.48,1.77,2024-12-31,DOC000021,35,[p.35] 연평균수익률; S-P; 5Y 1.48%; 비교지수 1.77%
CLASS000266,FUND000021,SINCE_INCEPTION,1.74,3.8,2024-12-31,DOC000021,35,[p.35] 연평균수익률; S-P; SINCE_INCEPTION 1.74%; 비교지수 3.8%
CLASS000273,FUND000022,1Y,3.35,3.28,2025-08-20,DOC000023,37,[p.37] 연평균수익률; A; 1Y 3.35%; 비교지수 3.28%
CLASS000273,FUND000022,2Y,3.71,3.64,2025-08-20,DOC000023,37,[p.37] 연평균수익률; A; 2Y 3.71%; 비교지수 3.64%
CLASS000273,FUND000022,3Y,3.55,3.49,2025-08-20,DOC000023,37,[p.37] 연평균수익률; A; 3Y 3.55%; 비교지수 3.49%
CLASS000273,FUND000022,5Y,2.34,2.29,2025-08-20,DOC000023,37,[p.37] 연평균수익률; A; 5Y 2.34%; 비교지수 2.29%
CLASS000273,FUND000022,SINCE_INCEPTION,1.93,2.02,2025-08-20,DOC000023,37,[p.37] 연평균수익률; A; SINCE_INCEPTION 1.93%; 비교지수 2.02%
CLASS000286,FUND000022,1Y,3.37,3.28,2025-08-20,DOC000023,37,[p.37] 연평균수익률; A-E; 1Y 3.37%; 비교지수 3.28%
CLASS000286,FUND000022,2Y,3.72,3.64,2025-08-20,DOC000023,37,[p.37] 연평균수익률; A-E; 2Y 3.72%; 비교지수 3.64%
CLASS000286,FUND000022,3Y,3.57,3.49,2025-08-20,DOC000023,37,[p.37] 연평균수익률; A-E; 3Y 3.57%; 비교지수 3.49%
CLASS000286,FUND000022,5Y,2.35,2.29,2025-08-20,DOC000023,37,[p.37] 연평균수익률; A-E; 5Y 2.35%; 비교지수 2.29%
CLASS000286,FUND000022,SINCE_INCEPTION,2.23,2.02,2025-08-20,DOC000023,37,[p.37] 연평균수익률; A-E; SINCE_INCEPTION 2.23%; 비교지수 2.02%
CLASS000274,FUND000022,1Y,3.22,3.28,2025-08-20,DOC000023,37,[p.37] 연평균수익률; C; 1Y 3.22%; 비교지수 3.28%
CLASS000274,FUND000022,2Y,3.57,3.64,2025-08-20,DOC000023,37,[p.37] 연평균수익률; C; 2Y 3.57%; 비교지수 3.64%
CLASS000274,FUND000022,3Y,3.42,3.49,2025-08-20,DOC000023,37,[p.37] 연평균수익률; C; 3Y 3.42%; 비교지수 3.49%
CLASS000274,FUND000022,5Y,2.21,2.29,2025-08-20,DOC000023,37,[p.37] 연평균수익률; C; 5Y 2.21%; 비교지수 2.29%
CLASS000274,FUND000022,SINCE_INCEPTION,1.93,2.02,2025-08-20,DOC000023,37,[p.37] 연평균수익률; C; SINCE_INCEPTION 1.93%; 비교지수 2.02%
CLASS000277,FUND000022,1Y,3.24,3.28,2025-08-20,DOC000023,37,[p.37] 연평균수익률; C-퇴직연금; 1Y 3.24%; 비교지수 3.28%
CLASS000277,FUND000022,2Y,3.6,3.64,2025-08-20,DOC000023,37,[p.37] 연평균수익률; C-퇴직연금; 2Y 3.6%; 비교지수 3.64%
CLASS000277,FUND000022,3Y,3.44,3.49,2025-08-20,DOC000023,37,[p.37] 연평균수익률; C-퇴직연금; 3Y 3.44%; 비교지수 3.49%
CLASS000277,FUND000022,5Y,2.23,2.29,2025-08-20,DOC000023,37,[p.37] 연평균수익률; C-퇴직연금; 5Y 2.23%; 비교지수 2.29%
CLASS000277,FUND000022,SINCE_INCEPTION,1.95,2.02,2025-08-20,DOC000023,37,[p.37] 연평균수익률; C-퇴직연금; SINCE_INCEPTION 1.95%; 비교지수 2.02%
CLASS000285,FUND000022,1Y,3.31,3.28,2025-08-20,DOC000023,37,[p.37] 연평균수익률; C-퇴직e; 1Y 3.31%; 비교지수 3.28%
CLASS000285,FUND000022,2Y,3.67,3.64,2025-08-20,DOC000023,37,[p.37] 연평균수익률; C-퇴직e; 2Y 3.67%; 비교지수 3.64%
CLASS000285,FUND000022,3Y,3.51,3.49,2025-08-20,DOC000023,37,[p.37] 연평균수익률; C-퇴직e; 3Y 3.51%; 비교지수 3.49%
CLASS000285,FUND000022,5Y,2.3,2.29,2025-08-20,DOC000023,37,[p.37] 연평균수익률; C-퇴직e; 5Y 2.3%; 비교지수 2.29%
CLASS000285,FUND000022,SINCE_INCEPTION,2.13,2.02,2025-08-20,DOC000023,37,[p.37] 연평균수익률; C-퇴직e; SINCE_INCEPTION 2.13%; 비교지수 2.02%
CLASS000275,FUND000022,1Y,3.3,3.28,2025-08-20,DOC000023,37,[p.37] 연평균수익률; C-E; 1Y 3.3%; 비교지수 3.28%
CLASS000275,FUND000022,2Y,3.66,3.64,2025-08-20,DOC000023,37,[p.37] 연평균수익률; C-E; 2Y 3.66%; 비교지수 3.64%
CLASS000275,FUND000022,3Y,3.5,3.49,2025-08-20,DOC000023,37,[p.37] 연평균수익률; C-E; 3Y 3.5%; 비교지수 3.49%
CLASS000275,FUND000022,5Y,2.29,2.29,2025-08-20,DOC000023,37,[p.37] 연평균수익률; C-E; 5Y 2.29%; 비교지수 2.29%
CLASS000275,FUND000022,SINCE_INCEPTION,2.02,2.02,2025-08-20,DOC000023,37,[p.37] 연평균수익률; C-E; SINCE_INCEPTION 2.02%; 비교지수 2.02%
CLASS000276,FUND000022,1Y,3.37,3.28,2025-08-20,DOC000023,37,[p.37] 연평균수익률; C-F; 1Y 3.37%; 비교지수 3.28%
CLASS000276,FUND000022,2Y,3.73,3.64,2025-08-20,DOC000023,37,[p.37] 연평균수익률; C-F; 2Y 3.73%; 비교지수 3.64%
CLASS000276,FUND000022,3Y,3.57,3.49,2025-08-20,DOC000023,37,[p.37] 연평균수익률; C-F; 3Y 3.57%; 비교지수 3.49%
CLASS000276,FUND000022,5Y,2.36,2.29,2025-08-20,DOC000023,37,[p.37] 연평균수익률; C-F; 5Y 2.36%; 비교지수 2.29%
CLASS000276,FUND000022,SINCE_INCEPTION,2.14,2.02,2025-08-20,DOC000023,37,[p.37] 연평균수익률; C-F; SINCE_INCEPTION 2.14%; 비교지수 2.02%
CLASS000279,FUND000022,1Y,3.23,3.28,2025-08-20,DOC000023,37,[p.37] 연평균수익률; C-P; 1Y 3.23%; 비교지수 3.28%
CLASS000279,FUND000022,2Y,3.59,3.64,2025-08-20,DOC000023,37,[p.37] 연평균수익률; C-P; 2Y 3.59%; 비교지수 3.64%
CLASS000279,FUND000022,3Y,3.43,3.49,2025-08-20,DOC000023,37,[p.37] 연평균수익률; C-P; 3Y 3.43%; 비교지수 3.49%
CLASS000279,FUND000022,5Y,2.22,2.29,2025-08-20,DOC000023,37,[p.37] 연평균수익률; C-P; 5Y 2.22%; 비교지수 2.29%
CLASS000279,FUND000022,SINCE_INCEPTION,2.1,2.02,2025-08-20,DOC000023,37,[p.37] 연평균수익률; C-P; SINCE_INCEPTION 2.1%; 비교지수 2.02%
CLASS000280,FUND000022,1Y,3.31,3.28,2025-08-20,DOC000023,37,[p.37] 연평균수익률; C-Pe; 1Y 3.31%; 비교지수 3.28%
CLASS000280,FUND000022,2Y,3.67,3.64,2025-08-20,DOC000023,37,[p.37] 연평균수익률; C-Pe; 2Y 3.67%; 비교지수 3.64%
CLASS000280,FUND000022,3Y,3.51,3.49,2025-08-20,DOC000023,37,[p.37] 연평균수익률; C-Pe; 3Y 3.51%; 비교지수 3.49%
CLASS000280,FUND000022,5Y,2.3,2.29,2025-08-20,DOC000023,37,[p.37] 연평균수익률; C-Pe; 5Y 2.3%; 비교지수 2.29%
CLASS000280,FUND000022,SINCE_INCEPTION,2.18,2.02,2025-08-20,DOC000023,37,[p.37] 연평균수익률; C-Pe; SINCE_INCEPTION 2.18%; 비교지수 2.02%
CLASS000278,FUND000022,1Y,3.39,3.28,2025-08-20,DOC000023,37,[p.37] 연평균수익률; C-W; 1Y 3.39%; 비교지수 3.28%
CLASS000278,FUND000022,2Y,3.75,3.64,2025-08-20,DOC000023,37,[p.37] 연평균수익률; C-W; 2Y 3.75%; 비교지수 3.64%
CLASS000278,FUND000022,3Y,3.59,3.49,2025-08-20,DOC000023,37,[p.37] 연평균수익률; C-W; 3Y 3.59%; 비교지수 3.49%
CLASS000278,FUND000022,5Y,2.38,2.29,2025-08-20,DOC000023,37,[p.37] 연평균수익률; C-W; 5Y 2.38%; 비교지수 2.29%
CLASS000278,FUND000022,SINCE_INCEPTION,2.1,2.02,2025-08-20,DOC000023,37,[p.37] 연평균수익률; C-W; SINCE_INCEPTION 2.1%; 비교지수 2.02%
CLASS000281,FUND000022,1Y,3.36,3.28,2025-08-20,DOC000023,37,[p.37] 연평균수익률; S; 1Y 3.36%; 비교지수 3.28%
CLASS000281,FUND000022,2Y,3.66,3.64,2025-08-20,DOC000023,37,[p.37] 연평균수익률; S; 2Y 3.66%; 비교지수 3.64%
CLASS000281,FUND000022,3Y,3.49,3.49,2025-08-20,DOC000023,37,[p.37] 연평균수익률; S; 3Y 3.49%; 비교지수 3.49%
CLASS000281,FUND000022,5Y,2.26,2.29,2025-08-20,DOC000023,37,[p.37] 연평균수익률; S; 5Y 2.26%; 비교지수 2.29%
CLASS000281,FUND000022,SINCE_INCEPTION,2.04,2.02,2025-08-20,DOC000023,37,[p.37] 연평균수익률; S; SINCE_INCEPTION 2.04%; 비교지수 2.02%
CLASS000282,FUND000022,1Y,3.31,3.28,2025-08-20,DOC000023,37,[p.37] 연평균수익률; S-P; 1Y 3.31%; 비교지수 3.28%
CLASS000282,FUND000022,2Y,3.64,3.64,2025-08-20,DOC000023,37,[p.37] 연평균수익률; S-P; 2Y 3.64%; 비교지수 3.64%
CLASS000282,FUND000022,3Y,3.47,3.49,2025-08-20,DOC000023,37,[p.37] 연평균수익률; S-P; 3Y 3.47%; 비교지수 3.49%
CLASS000282,FUND000022,5Y,2.26,2.29,2025-08-20,DOC000023,37,[p.37] 연평균수익률; S-P; 5Y 2.26%; 비교지수 2.29%
CLASS000282,FUND000022,SINCE_INCEPTION,2.04,2.02,2025-08-20,DOC000023,37,[p.37] 연평균수익률; S-P; SINCE_INCEPTION 2.04%; 비교지수 2.02%
CLASS000288,FUND000023,1Y,4.6,4.47,2025-09-07,DOC000024,35,[p.35] 연평균수익률; A; 1Y 4.6%; 비교지수 4.47%
CLASS000288,FUND000023,2Y,8.63,8.34,2025-09-07,DOC000024,35,[p.35] 연평균수익률; A; 2Y 8.63%; 비교지수 8.34%
CLASS000288,FUND000023,3Y,6.28,6.28,2025-09-07,DOC000024,35,[p.35] 연평균수익률; A; 3Y 6.28%; 비교지수 6.28%
CLASS000288,FUND000023,5Y,0.71,0.72,2025-09-07,DOC000024,35,[p.35] 연평균수익률; A; 5Y 0.71%; 비교지수 0.72%
CLASS000288,FUND000023,SINCE_INCEPTION,1.23,1.35,2025-09-07,DOC000024,35,[p.35] 연평균수익률; A; SINCE_INCEPTION 1.23%; 비교지수 1.35%
CLASS000289,FUND000023,1Y,4.67,4.47,2025-09-07,DOC000024,35,[p.35] 연평균수익률; A-E; 1Y 4.67%; 비교지수 4.47%
CLASS000289,FUND000023,2Y,8.7,8.34,2025-09-07,DOC000024,35,[p.35] 연평균수익률; A-E; 2Y 8.7%; 비교지수 8.34%
CLASS000289,FUND000023,3Y,6.35,6.28,2025-09-07,DOC000024,35,[p.35] 연평균수익률; A-E; 3Y 6.35%; 비교지수 6.28%
CLASS000289,FUND000023,5Y,0.78,0.72,2025-09-07,DOC000024,35,[p.35] 연평균수익률; A-E; 5Y 0.78%; 비교지수 0.72%
CLASS000289,FUND000023,SINCE_INCEPTION,1.46,1.35,2025-09-07,DOC000024,35,[p.35] 연평균수익률; A-E; SINCE_INCEPTION 1.46%; 비교지수 1.35%
CLASS000290,FUND000023,1Y,4.42,4.47,2025-09-07,DOC000024,35,[p.35] 연평균수익률; C; 1Y 4.42%; 비교지수 4.47%
CLASS000290,FUND000023,2Y,8.44,8.34,2025-09-07,DOC000024,35,[p.35] 연평균수익률; C; 2Y 8.44%; 비교지수 8.34%
CLASS000290,FUND000023,3Y,6.11,6.28,2025-09-07,DOC000024,35,[p.35] 연평균수익률; C; 3Y 6.11%; 비교지수 6.28%
CLASS000290,FUND000023,5Y,0.57,0.72,2025-09-07,DOC000024,35,[p.35] 연평균수익률; C; 5Y 0.57%; 비교지수 0.72%
CLASS000290,FUND000023,SINCE_INCEPTION,1.12,1.35,2025-09-07,DOC000024,35,[p.35] 연평균수익률; C; SINCE_INCEPTION 1.12%; 비교지수 1.35%
CLASS000297,FUND000023,1Y,4.48,4.47,2025-09-07,DOC000024,35,[p.35] 연평균수익률; C-퇴직연금; 1Y 4.48%; 비교지수 4.47%
CLASS000297,FUND000023,2Y,8.5,8.34,2025-09-07,DOC000024,35,[p.35] 연평균수익률; C-퇴직연금; 2Y 8.5%; 비교지수 8.34%
CLASS000297,FUND000023,3Y,6.15,6.28,2025-09-07,DOC000024,35,[p.35] 연평균수익률; C-퇴직연금; 3Y 6.15%; 비교지수 6.28%
CLASS000297,FUND000023,5Y,0.59,0.72,2025-09-07,DOC000024,35,[p.35] 연평균수익률; C-퇴직연금; 5Y 0.59%; 비교지수 0.72%
CLASS000297,FUND000023,SINCE_INCEPTION,1.92,1.35,2025-09-07,DOC000024,35,[p.35] 연평균수익률; C-퇴직연금; SINCE_INCEPTION 1.92%; 비교지수 1.35%
CLASS000298,FUND000023,1Y,4.61,4.47,2025-09-07,DOC000024,35,[p.35] 연평균수익률; C-퇴직e; 1Y 4.61%; 비교지수 4.47%
CLASS000298,FUND000023,2Y,8.64,8.34,2025-09-07,DOC000024,35,[p.35] 연평균수익률; C-퇴직e; 2Y 8.64%; 비교지수 8.34%
CLASS000298,FUND000023,3Y,6.29,6.28,2025-09-07,DOC000024,35,[p.35] 연평균수익률; C-퇴직e; 3Y 6.29%; 비교지수 6.28%
CLASS000298,FUND000023,5Y,0.72,0.72,2025-09-07,DOC000024,35,[p.35] 연평균수익률; C-퇴직e; 5Y 0.72%; 비교지수 0.72%
CLASS000298,FUND000023,SINCE_INCEPTION,0.46,1.35,2025-09-07,DOC000024,35,[p.35] 연평균수익률; C-퇴직e; SINCE_INCEPTION 0.46%; 비교지수 1.35%
CLASS000291,FUND000023,1Y,4.58,4.47,2025-09-07,DOC000024,35,[p.35] 연평균수익률; C-E; 1Y 4.58%; 비교지수 4.47%
CLASS000291,FUND000023,2Y,8.61,8.34,2025-09-07,DOC000024,35,[p.35] 연평균수익률; C-E; 2Y 8.61%; 비교지수 8.34%
CLASS000291,FUND000023,3Y,6.26,6.28,2025-09-07,DOC000024,35,[p.35] 연평균수익률; C-E; 3Y 6.26%; 비교지수 6.28%
CLASS000291,FUND000023,5Y,0.69,0.72,2025-09-07,DOC000024,35,[p.35] 연평균수익률; C-E; 5Y 0.69%; 비교지수 0.72%
CLASS000291,FUND000023,SINCE_INCEPTION,1.27,1.35,2025-09-07,DOC000024,35,[p.35] 연평균수익률; C-E; SINCE_INCEPTION 1.27%; 비교지수 1.35%
CLASS000295,FUND000023,1Y,4.47,4.47,2025-09-07,DOC000024,35,[p.35] 연평균수익률; C-P; 1Y 4.47%; 비교지수 4.47%
CLASS000295,FUND000023,2Y,8.49,8.34,2025-09-07,DOC000024,35,[p.35] 연평균수익률; C-P; 2Y 8.49%; 비교지수 8.34%
CLASS000295,FUND000023,3Y,6.14,6.28,2025-09-07,DOC000024,35,[p.35] 연평균수익률; C-P; 3Y 6.14%; 비교지수 6.28%
CLASS000295,FUND000023,5Y,0.58,0.72,2025-09-07,DOC000024,35,[p.35] 연평균수익률; C-P; 5Y 0.58%; 비교지수 0.72%
CLASS000295,FUND000023,SINCE_INCEPTION,1.22,1.35,2025-09-07,DOC000024,35,[p.35] 연평균수익률; C-P; SINCE_INCEPTION 1.22%; 비교지수 1.35%
CLASS000296,FUND000023,1Y,4.61,4.47,2025-09-07,DOC000024,35,[p.35] 연평균수익률; C-Pe; 1Y 4.61%; 비교지수 4.47%
CLASS000296,FUND000023,2Y,8.63,8.34,2025-09-07,DOC000024,35,[p.35] 연평균수익률; C-Pe; 2Y 8.63%; 비교지수 8.34%
CLASS000296,FUND000023,3Y,6.29,6.28,2025-09-07,DOC000024,35,[p.35] 연평균수익률; C-Pe; 3Y 6.29%; 비교지수 6.28%
CLASS000296,FUND000023,5Y,0.71,0.72,2025-09-07,DOC000024,35,[p.35] 연평균수익률; C-Pe; 5Y 0.71%; 비교지수 0.72%
CLASS000296,FUND000023,SINCE_INCEPTION,1.24,1.35,2025-09-07,DOC000024,35,[p.35] 연평균수익률; C-Pe; SINCE_INCEPTION 1.24%; 비교지수 1.35%
CLASS000294,FUND000023,1Y,4.68,4.47,2025-09-07,DOC000024,35,[p.35] 연평균수익률; S; 1Y 4.68%; 비교지수 4.47%
CLASS000294,FUND000023,2Y,8.71,8.34,2025-09-07,DOC000024,35,[p.35] 연평균수익률; S; 2Y 8.71%; 비교지수 8.34%
CLASS000294,FUND000023,3Y,6.36,6.28,2025-09-07,DOC000024,35,[p.35] 연평균수익률; S; 3Y 6.36%; 비교지수 6.28%
CLASS000294,FUND000023,5Y,0.79,0.72,2025-09-07,DOC000024,35,[p.35] 연평균수익률; S; 5Y 0.79%; 비교지수 0.72%
CLASS000294,FUND000023,SINCE_INCEPTION,1.41,1.35,2025-09-07,DOC000024,35,[p.35] 연평균수익률; S; SINCE_INCEPTION 1.41%; 비교지수 1.35%
CLASS000300,FUND000023,1Y,4.71,4.47,2025-09-07,DOC000024,35,[p.35] 연평균수익률; S-퇴직; 1Y 4.71%; 비교지수 4.47%
CLASS000300,FUND000023,SINCE_INCEPTION,6.92,1.35,2025-09-07,DOC000024,35,[p.35] 연평균수익률; S-퇴직; SINCE_INCEPTION 6.92%; 비교지수 1.35%
CLASS000299,FUND000023,1Y,4.69,4.47,2025-09-07,DOC000024,35,[p.35] 연평균수익률; S-P; 1Y 4.69%; 비교지수 4.47%
CLASS000299,FUND000023,SINCE_INCEPTION,6.67,1.35,2025-09-07,DOC000024,35,[p.35] 연평균수익률; S-P; SINCE_INCEPTION 6.67%; 비교지수 1.35%
CLASS000301,FUND000024,1Y,81.86,58.58,2025-11-04,DOC000025,37,[p.37] 연평균수익률; A; 1Y 81.86%; 비교지수 58.58%
CLASS000301,FUND000024,2Y,41.22,30.35,2025-11-04,DOC000025,37,[p.37] 연평균수익률; A; 2Y 41.22%; 비교지수 30.35%
CLASS000301,FUND000024,3Y,27.24,20.11,2025-11-04,DOC000025,37,[p.37] 연평균수익률; A; 3Y 27.24%; 비교지수 20.11%
CLASS000301,FUND000024,5Y,18.77,11.61,2025-11-04,DOC000025,37,[p.37] 연평균수익률; A; 5Y 18.77%; 비교지수 11.61%
CLASS000301,FUND000024,SINCE_INCEPTION,9.23,8.09,2025-11-04,DOC000025,37,[p.37] 연평균수익률; A; SINCE_INCEPTION 9.23%; 비교지수 8.09%
CLASS000311,FUND000024,1Y,82.37,58.58,2025-11-04,DOC000025,37,[p.37] 연평균수익률; A-E; 1Y 82.37%; 비교지수 58.58%
CLASS000311,FUND000024,2Y,41.63,30.35,2025-11-04,DOC000025,37,[p.37] 연평균수익률; A-E; 2Y 41.63%; 비교지수 30.35%
CLASS000311,FUND000024,3Y,27.61,20.11,2025-11-04,DOC000025,37,[p.37] 연평균수익률; A-E; 3Y 27.61%; 비교지수 20.11%
CLASS000311,FUND000024,5Y,19.12,11.61,2025-11-04,DOC000025,37,[p.37] 연평균수익률; A-E; 5Y 19.12%; 비교지수 11.61%
CLASS000311,FUND000024,SINCE_INCEPTION,12.84,8.09,2025-11-04,DOC000025,37,[p.37] 연평균수익률; A-E; SINCE_INCEPTION 12.84%; 비교지수 8.09%
CLASS000302,FUND000024,SINCE_INCEPTION,2.28,8.09,2025-11-04,DOC000025,37,[p.37] 연평균수익률; C; SINCE_INCEPTION 2.28%; 비교지수 8.09%
CLASS000303,FUND000024,1Y,80.7,58.58,2025-11-04,DOC000025,37,[p.37] 연평균수익률; C2; 1Y 80.7%; 비교지수 58.58%
CLASS000303,FUND000024,2Y,40.25,30.35,2025-11-04,DOC000025,37,[p.37] 연평균수익률; C2; 2Y 40.25%; 비교지수 30.35%
CLASS000303,FUND000024,3Y,26.34,20.11,2025-11-04,DOC000025,37,[p.37] 연평균수익률; C2; 3Y 26.34%; 비교지수 20.11%
CLASS000303,FUND000024,5Y,17.93,11.61,2025-11-04,DOC000025,37,[p.37] 연평균수익률; C2; 5Y 17.93%; 비교지수 11.61%
CLASS000303,FUND000024,SINCE_INCEPTION,5.38,8.09,2025-11-04,DOC000025,37,[p.37] 연평균수익률; C2; SINCE_INCEPTION 5.38%; 비교지수 8.09%
CLASS000304,FUND000024,1Y,80.97,58.58,2025-11-04,DOC000025,37,[p.37] 연평균수익률; C3; 1Y 80.97%; 비교지수 58.58%
CLASS000304,FUND000024,2Y,40.47,30.35,2025-11-04,DOC000025,37,[p.37] 연평균수익률; C3; 2Y 40.47%; 비교지수 30.35%
CLASS000304,FUND000024,3Y,26.55,20.11,2025-11-04,DOC000025,37,[p.37] 연평균수익률; C3; 3Y 26.55%; 비교지수 20.11%
CLASS000304,FUND000024,5Y,18.12,11.61,2025-11-04,DOC000025,37,[p.37] 연평균수익률; C3; 5Y 18.12%; 비교지수 11.61%
CLASS000304,FUND000024,SINCE_INCEPTION,7.37,8.09,2025-11-04,DOC000025,37,[p.37] 연평균수익률; C3; SINCE_INCEPTION 7.37%; 비교지수 8.09%
CLASS000305,FUND000024,1Y,81.23,58.58,2025-11-04,DOC000025,37,[p.37] 연평균수익률; C4; 1Y 81.23%; 비교지수 58.58%
CLASS000305,FUND000024,2Y,40.68,30.35,2025-11-04,DOC000025,37,[p.37] 연평균수익률; C4; 2Y 40.68%; 비교지수 30.35%
CLASS000305,FUND000024,3Y,26.74,20.11,2025-11-04,DOC000025,37,[p.37] 연평균수익률; C4; 3Y 26.74%; 비교지수 20.11%
CLASS000305,FUND000024,5Y,18.3,11.61,2025-11-04,DOC000025,37,[p.37] 연평균수익률; C4; 5Y 18.3%; 비교지수 11.61%
CLASS000305,FUND000024,SINCE_INCEPTION,8.46,8.09,2025-11-04,DOC000025,37,[p.37] 연평균수익률; C4; SINCE_INCEPTION 8.46%; 비교지수 8.09%
CLASS000310,FUND000024,1Y,81.84,58.58,2025-11-04,DOC000025,37,[p.37] 연평균수익률; C-퇴직연금; 1Y 81.84%; 비교지수 58.58%
CLASS000310,FUND000024,2Y,41.17,30.35,2025-11-04,DOC000025,37,[p.37] 연평균수익률; C-퇴직연금; 2Y 41.17%; 비교지수 30.35%
CLASS000310,FUND000024,3Y,27.19,20.11,2025-11-04,DOC000025,37,[p.37] 연평균수익률; C-퇴직연금; 3Y 27.19%; 비교지수 20.11%
CLASS000310,FUND000024,5Y,18.72,11.61,2025-11-04,DOC000025,37,[p.37] 연평균수익률; C-퇴직연금; 5Y 18.72%; 비교지수 11.61%
CLASS000310,FUND000024,SINCE_INCEPTION,12.48,8.09,2025-11-04,DOC000025,37,[p.37] 연평균수익률; C-퇴직연금; SINCE_INCEPTION 12.48%; 비교지수 8.09%
CLASS000317,FUND000024,1Y,82.38,58.58,2025-11-04,DOC000025,37,[p.37] 연평균수익률; C-퇴직e; 1Y 82.38%; 비교지수 58.58%
CLASS000317,FUND000024,2Y,41.61,30.35,2025-11-04,DOC000025,37,[p.37] 연평균수익률; C-퇴직e; 2Y 41.61%; 비교지수 30.35%
CLASS000317,FUND000024,3Y,27.58,20.11,2025-11-04,DOC000025,37,[p.37] 연평균수익률; C-퇴직e; 3Y 27.58%; 비교지수 20.11%
CLASS000317,FUND000024,5Y,19.09,11.61,2025-11-04,DOC000025,37,[p.37] 연평균수익률; C-퇴직e; 5Y 19.09%; 비교지수 11.61%
CLASS000317,FUND000024,SINCE_INCEPTION,11.84,8.09,2025-11-04,DOC000025,37,[p.37] 연평균수익률; C-퇴직e; SINCE_INCEPTION 11.84%; 비교지수 8.09%
CLASS000307,FUND000024,1Y,81.2,58.58,2025-11-04,DOC000025,37,[p.37] 연평균수익률; C-E; 1Y 81.2%; 비교지수 58.58%
CLASS000307,FUND000024,2Y,40.68,30.35,2025-11-04,DOC000025,37,[p.37] 연평균수익률; C-E; 2Y 40.68%; 비교지수 30.35%
CLASS000307,FUND000024,3Y,26.74,20.11,2025-11-04,DOC000025,37,[p.37] 연평균수익률; C-E; 3Y 26.74%; 비교지수 20.11%
CLASS000307,FUND000024,5Y,18.31,11.61,2025-11-04,DOC000025,37,[p.37] 연평균수익률; C-E; 5Y 18.31%; 비교지수 11.61%
CLASS000307,FUND000024,SINCE_INCEPTION,8.76,8.09,2025-11-04,DOC000025,37,[p.37] 연평균수익률; C-E; SINCE_INCEPTION 8.76%; 비교지수 8.09%
CLASS000308,FUND000024,1Y,82.87,58.58,2025-11-04,DOC000025,37,[p.37] 연평균수익률; C-F; 1Y 82.87%; 비교지수 58.58%
CLASS000308,FUND000024,2Y,42,30.35,2025-11-04,DOC000025,37,[p.37] 연평균수익률; C-F; 2Y 42%; 비교지수 30.35%
CLASS000308,FUND000024,3Y,27.94,20.11,2025-11-04,DOC000025,37,[p.37] 연평균수익률; C-F; 3Y 27.94%; 비교지수 20.11%
CLASS000308,FUND000024,5Y,19.43,11.61,2025-11-04,DOC000025,37,[p.37] 연평균수익률; C-F; 5Y 19.43%; 비교지수 11.61%
CLASS000308,FUND000024,SINCE_INCEPTION,9.35,8.09,2025-11-04,DOC000025,37,[p.37] 연평균수익률; C-F; SINCE_INCEPTION 9.35%; 비교지수 8.09%
CLASS000313,FUND000024,1Y,82.19,58.58,2025-11-04,DOC000025,37,[p.37] 연평균수익률; C-Pe; 1Y 82.19%; 비교지수 58.58%
CLASS000313,FUND000024,2Y,41.46,30.35,2025-11-04,DOC000025,37,[p.37] 연평균수익률; C-Pe; 2Y 41.46%; 비교지수 30.35%
CLASS000313,FUND000024,3Y,27.45,20.11,2025-11-04,DOC000025,37,[p.37] 연평균수익률; C-Pe; 3Y 27.45%; 비교지수 20.11%
CLASS000313,FUND000024,5Y,18.97,11.61,2025-11-04,DOC000025,37,[p.37] 연평균수익률; C-Pe; 5Y 18.97%; 비교지수 11.61%
CLASS000313,FUND000024,SINCE_INCEPTION,13.46,8.09,2025-11-04,DOC000025,37,[p.37] 연평균수익률; C-Pe; SINCE_INCEPTION 13.46%; 비교지수 8.09%
CLASS000306,FUND000024,1Y,81.23,58.58,2025-11-04,DOC000025,37,[p.37] 연평균수익률; C-R; 1Y 81.23%; 비교지수 58.58%
CLASS000306,FUND000024,2Y,40.68,30.35,2025-11-04,DOC000025,37,[p.37] 연평균수익률; C-R; 2Y 40.68%; 비교지수 30.35%
CLASS000306,FUND000024,3Y,26.74,20.11,2025-11-04,DOC000025,37,[p.37] 연평균수익률; C-R; 3Y 26.74%; 비교지수 20.11%
CLASS000306,FUND000024,5Y,18.3,11.61,2025-11-04,DOC000025,37,[p.37] 연평균수익률; C-R; 5Y 18.3%; 비교지수 11.61%
CLASS000306,FUND000024,SINCE_INCEPTION,11.27,8.09,2025-11-04,DOC000025,37,[p.37] 연평균수익률; C-R; SINCE_INCEPTION 11.27%; 비교지수 8.09%
CLASS000309,FUND000024,1Y,82.5,58.58,2025-11-04,DOC000025,37,[p.37] 연평균수익률; S; 1Y 82.5%; 비교지수 58.58%
CLASS000309,FUND000024,2Y,41.7,30.35,2025-11-04,DOC000025,37,[p.37] 연평균수익률; S; 2Y 41.7%; 비교지수 30.35%
CLASS000309,FUND000024,3Y,27.67,20.11,2025-11-04,DOC000025,37,[p.37] 연평균수익률; S; 3Y 27.67%; 비교지수 20.11%
CLASS000309,FUND000024,5Y,19.18,11.61,2025-11-04,DOC000025,37,[p.37] 연평균수익률; S; 5Y 19.18%; 비교지수 11.61%
CLASS000309,FUND000024,SINCE_INCEPTION,9.98,8.09,2025-11-04,DOC000025,37,[p.37] 연평균수익률; S; SINCE_INCEPTION 9.98%; 비교지수 8.09%
CLASS000318,FUND000024,1Y,82.55,58.58,2025-11-04,DOC000025,37,[p.37] 연평균수익률; S-퇴직; 1Y 82.55%; 비교지수 58.58%
CLASS000318,FUND000024,2Y,41.75,30.35,2025-11-04,DOC000025,37,[p.37] 연평균수익률; S-퇴직; 2Y 41.75%; 비교지수 30.35%
CLASS000318,FUND000024,3Y,27.71,20.11,2025-11-04,DOC000025,37,[p.37] 연평균수익률; S-퇴직; 3Y 27.71%; 비교지수 20.11%
CLASS000318,FUND000024,5Y,19.21,11.61,2025-11-04,DOC000025,37,[p.37] 연평균수익률; S-퇴직; 5Y 19.21%; 비교지수 11.61%
CLASS000318,FUND000024,SINCE_INCEPTION,22.62,8.09,2025-11-04,DOC000025,37,[p.37] 연평균수익률; S-퇴직; SINCE_INCEPTION 22.62%; 비교지수 8.09%
CLASS000314,FUND000024,1Y,82.53,58.58,2025-11-04,DOC000025,37,[p.37] 연평균수익률; S-P; 1Y 82.53%; 비교지수 58.58%
CLASS000314,FUND000024,2Y,41.73,30.35,2025-11-04,DOC000025,37,[p.37] 연평균수익률; S-P; 2Y 41.73%; 비교지수 30.35%
CLASS000314,FUND000024,3Y,27.7,20.11,2025-11-04,DOC000025,37,[p.37] 연평균수익률; S-P; 3Y 27.7%; 비교지수 20.11%
CLASS000314,FUND000024,5Y,19.2,11.61,2025-11-04,DOC000025,37,[p.37] 연평균수익률; S-P; 5Y 19.2%; 비교지수 11.61%
CLASS000314,FUND000024,SINCE_INCEPTION,12.36,8.09,2025-11-04,DOC000025,37,[p.37] 연평균수익률; S-P; SINCE_INCEPTION 12.36%; 비교지수 8.09%
CLASS000319,FUND000025,1Y,-17.34,-17.28,2025-05-17,DOC000026,38,[p.38] 연평균수익률; A; 1Y -17.34%; 비교지수 -17.28%
CLASS000319,FUND000025,2Y,-1.85,-2.68,2025-05-17,DOC000026,38,[p.38] 연평균수익률; A; 2Y -1.85%; 비교지수 -2.68%
CLASS000319,FUND000025,3Y,0.12,-0.86,2025-05-17,DOC000026,38,[p.38] 연평균수익률; A; 3Y 0.12%; 비교지수 -0.86%
CLASS000319,FUND000025,5Y,2.9,1.83,2025-05-17,DOC000026,38,[p.38] 연평균수익률; A; 5Y 2.9%; 비교지수 1.83%
CLASS000319,FUND000025,SINCE_INCEPTION,2.98,1.12,2025-05-17,DOC000026,38,[p.38] 연평균수익률; A; SINCE_INCEPTION 2.98%; 비교지수 1.12%
CLASS000320,FUND000025,1Y,-17.04,-17.28,2025-05-17,DOC000026,38,[p.38] 연평균수익률; A-E; 1Y -17.04%; 비교지수 -17.28%
CLASS000320,FUND000025,2Y,-1.49,-2.68,2025-05-17,DOC000026,38,[p.38] 연평균수익률; A-E; 2Y -1.49%; 비교지수 -2.68%
CLASS000320,FUND000025,3Y,0.48,-0.86,2025-05-17,DOC000026,38,[p.38] 연평균수익률; A-E; 3Y 0.48%; 비교지수 -0.86%
CLASS000320,FUND000025,5Y,3.27,1.83,2025-05-17,DOC000026,38,[p.38] 연평균수익률; A-E; 5Y 3.27%; 비교지수 1.83%
CLASS000320,FUND000025,SINCE_INCEPTION,3.37,1.12,2025-05-17,DOC000026,38,[p.38] 연평균수익률; A-E; SINCE_INCEPTION 3.37%; 비교지수 1.12%
CLASS000321,FUND000025,1Y,-17.57,-17.28,2025-05-17,DOC000026,38,[p.38] 연평균수익률; C; 1Y -17.57%; 비교지수 -17.28%
CLASS000321,FUND000025,2Y,-2.13,-2.68,2025-05-17,DOC000026,38,[p.38] 연평균수익률; C; 2Y -2.13%; 비교지수 -2.68%
CLASS000321,FUND000025,3Y,-0.15,-0.86,2025-05-17,DOC000026,38,[p.38] 연평균수익률; C; 3Y -0.15%; 비교지수 -0.86%
CLASS000321,FUND000025,5Y,2.61,1.83,2025-05-17,DOC000026,38,[p.38] 연평균수익률; C; 5Y 2.61%; 비교지수 1.83%
CLASS000321,FUND000025,SINCE_INCEPTION,2.7,1.12,2025-05-17,DOC000026,38,[p.38] 연평균수익률; C; SINCE_INCEPTION 2.7%; 비교지수 1.12%
CLASS000329,FUND000025,1Y,-17.32,-17.28,2025-05-17,DOC000026,38,[p.38] 연평균수익률; C-퇴직; 1Y -17.32%; 비교지수 -17.28%
CLASS000329,FUND000025,2Y,-1.83,-2.68,2025-05-17,DOC000026,38,[p.38] 연평균수익률; C-퇴직; 2Y -1.83%; 비교지수 -2.68%
CLASS000329,FUND000025,3Y,0.14,-0.86,2025-05-17,DOC000026,38,[p.38] 연평균수익률; C-퇴직; 3Y 0.14%; 비교지수 -0.86%
CLASS000329,FUND000025,5Y,2.92,1.83,2025-05-17,DOC000026,38,[p.38] 연평균수익률; C-퇴직; 5Y 2.92%; 비교지수 1.83%
CLASS000329,FUND000025,SINCE_INCEPTION,0.29,1.12,2025-05-17,DOC000026,38,[p.38] 연평균수익률; C-퇴직; SINCE_INCEPTION 0.29%; 비교지수 1.12%
CLASS000330,FUND000025,1Y,-17.03,-17.28,2025-05-17,DOC000026,38,[p.38] 연평균수익률; C-퇴직e; 1Y -17.03%; 비교지수 -17.28%
CLASS000330,FUND000025,2Y,-1.48,-2.68,2025-05-17,DOC000026,38,[p.38] 연평균수익률; C-퇴직e; 2Y -1.48%; 비교지수 -2.68%
CLASS000330,FUND000025,3Y,0.49,-0.86,2025-05-17,DOC000026,38,[p.38] 연평균수익률; C-퇴직e; 3Y 0.49%; 비교지수 -0.86%
CLASS000330,FUND000025,5Y,3.28,1.83,2025-05-17,DOC000026,38,[p.38] 연평균수익률; C-퇴직e; 5Y 3.28%; 비교지수 1.83%
CLASS000330,FUND000025,SINCE_INCEPTION,2.21,1.12,2025-05-17,DOC000026,38,[p.38] 연평균수익률; C-퇴직e; SINCE_INCEPTION 2.21%; 비교지수 1.12%
CLASS000322,FUND000025,1Y,-17.15,-17.28,2025-05-17,DOC000026,38,[p.38] 연평균수익률; C-E; 1Y -17.15%; 비교지수 -17.28%
CLASS000322,FUND000025,2Y,-1.63,-2.68,2025-05-17,DOC000026,38,[p.38] 연평균수익률; C-E; 2Y -1.63%; 비교지수 -2.68%
CLASS000322,FUND000025,3Y,0.34,-0.86,2025-05-17,DOC000026,38,[p.38] 연평균수익률; C-E; 3Y 0.34%; 비교지수 -0.86%
CLASS000322,FUND000025,5Y,3.12,1.83,2025-05-17,DOC000026,38,[p.38] 연평균수익률; C-E; 5Y 3.12%; 비교지수 1.83%
CLASS000322,FUND000025,SINCE_INCEPTION,3.21,1.12,2025-05-17,DOC000026,38,[p.38] 연평균수익률; C-E; SINCE_INCEPTION 3.21%; 비교지수 1.12%
CLASS000326,FUND000025,1Y,-17.4,-17.28,2025-05-17,DOC000026,38,[p.38] 연평균수익률; C-P; 1Y -17.4%; 비교지수 -17.28%
CLASS000326,FUND000025,2Y,-1.93,-2.68,2025-05-17,DOC000026,38,[p.38] 연평균수익률; C-P; 2Y -1.93%; 비교지수 -2.68%
CLASS000326,FUND000025,3Y,0.04,-0.86,2025-05-17,DOC000026,38,[p.38] 연평균수익률; C-P; 3Y 0.04%; 비교지수 -0.86%
CLASS000326,FUND000025,5Y,2.82,1.83,2025-05-17,DOC000026,38,[p.38] 연평균수익률; C-P; 5Y 2.82%; 비교지수 1.83%
CLASS000326,FUND000025,SINCE_INCEPTION,-1.22,1.12,2025-05-17,DOC000026,38,[p.38] 연평균수익률; C-P; SINCE_INCEPTION -1.22%; 비교지수 1.12%
CLASS000327,FUND000025,1Y,-17.07,-17.28,2025-05-17,DOC000026,38,[p.38] 연평균수익률; C-Pe; 1Y -17.07%; 비교지수 -17.28%
CLASS000327,FUND000025,2Y,-1.53,-2.68,2025-05-17,DOC000026,38,[p.38] 연평균수익률; C-Pe; 2Y -1.53%; 비교지수 -2.68%
CLASS000327,FUND000025,3Y,0.44,-0.86,2025-05-17,DOC000026,38,[p.38] 연평균수익률; C-Pe; 3Y 0.44%; 비교지수 -0.86%
CLASS000327,FUND000025,5Y,3.23,1.83,2025-05-17,DOC000026,38,[p.38] 연평균수익률; C-Pe; 5Y 3.23%; 비교지수 1.83%
CLASS000327,FUND000025,SINCE_INCEPTION,-1.11,1.12,2025-05-17,DOC000026,38,[p.38] 연평균수익률; C-Pe; SINCE_INCEPTION -1.11%; 비교지수 1.12%
CLASS000324,FUND000025,1Y,-16.74,-17.28,2025-05-17,DOC000026,38,[p.38] 연평균수익률; C-W; 1Y -16.74%; 비교지수 -17.28%
CLASS000324,FUND000025,2Y,-1.14,-2.68,2025-05-17,DOC000026,38,[p.38] 연평균수익률; C-W; 2Y -1.14%; 비교지수 -2.68%
CLASS000324,FUND000025,3Y,0.84,-0.86,2025-05-17,DOC000026,38,[p.38] 연평균수익률; C-W; 3Y 0.84%; 비교지수 -0.86%
CLASS000324,FUND000025,5Y,3.64,1.83,2025-05-17,DOC000026,38,[p.38] 연평균수익률; C-W; 5Y 3.64%; 비교지수 1.83%
CLASS000324,FUND000025,SINCE_INCEPTION,5.57,1.12,2025-05-17,DOC000026,38,[p.38] 연평균수익률; C-W; SINCE_INCEPTION 5.57%; 비교지수 1.12%
CLASS000325,FUND000025,1Y,-16.99,-17.28,2025-05-17,DOC000026,38,[p.38] 연평균수익률; S; 1Y -16.99%; 비교지수 -17.28%
CLASS000325,FUND000025,2Y,-1.43,-2.68,2025-05-17,DOC000026,38,[p.38] 연평균수익률; S; 2Y -1.43%; 비교지수 -2.68%
CLASS000325,FUND000025,3Y,0.54,-0.86,2025-05-17,DOC000026,38,[p.38] 연평균수익률; S; 3Y 0.54%; 비교지수 -0.86%
CLASS000325,FUND000025,5Y,3.33,1.83,2025-05-17,DOC000026,38,[p.38] 연평균수익률; S; 5Y 3.33%; 비교지수 1.83%
CLASS000325,FUND000025,SINCE_INCEPTION,3.6,1.12,2025-05-17,DOC000026,38,[p.38] 연평균수익률; S; SINCE_INCEPTION 3.6%; 비교지수 1.12%
CLASS000328,FUND000025,1Y,-16.94,-17.28,2025-05-17,DOC000026,38,[p.38] 연평균수익률; S-P; 1Y -16.94%; 비교지수 -17.28%
CLASS000328,FUND000025,2Y,-1.38,-2.68,2025-05-17,DOC000026,38,[p.38] 연평균수익률; S-P; 2Y -1.38%; 비교지수 -2.68%
CLASS000328,FUND000025,3Y,0.6,-0.86,2025-05-17,DOC000026,38,[p.38] 연평균수익률; S-P; 3Y 0.6%; 비교지수 -0.86%
CLASS000328,FUND000025,5Y,3.39,1.83,2025-05-17,DOC000026,38,[p.38] 연평균수익률; S-P; 5Y 3.39%; 비교지수 1.83%
CLASS000328,FUND000025,SINCE_INCEPTION,3.22,1.12,2025-05-17,DOC000026,38,[p.38] 연평균수익률; S-P; SINCE_INCEPTION 3.22%; 비교지수 1.12%
CLASS000333,FUND000026,1Y,78.01,69.58,2025-11-05,DOC000028,38,[p.38] 연평균수익률; A; 1Y 78.01%; 비교지수 69.58%
CLASS000333,FUND000026,SINCE_INCEPTION,78.01,69.58,2025-11-05,DOC000028,38,[p.38] 연평균수익률; A; SINCE_INCEPTION 78.01%; 비교지수 69.58%
CLASS000334,FUND000026,SINCE_INCEPTION,78.63,69.58,2025-11-05,DOC000028,38,[p.38] 연평균수익률; A-E; SINCE_INCEPTION 78.63%; 비교지수 69.58%
CLASS000336,FUND000026,1Y,77.46,69.58,2025-11-05,DOC000028,38,[p.38] 연평균수익률; C; 1Y 77.46%; 비교지수 69.58%
CLASS000336,FUND000026,SINCE_INCEPTION,77.46,69.58,2025-11-05,DOC000028,38,[p.38] 연평균수익률; C; SINCE_INCEPTION 77.46%; 비교지수 69.58%
CLASS000345,FUND000026,SINCE_INCEPTION,163.57,69.58,2025-11-05,DOC000028,38,[p.38] 연평균수익률; C-퇴직; SINCE_INCEPTION 163.57%; 비교지수 69.58%
CLASS000346,FUND000026,1Y,78.37,69.58,2025-11-05,DOC000028,38,[p.38] 연평균수익률; C-퇴직e; 1Y 78.37%; 비교지수 69.58%
CLASS000346,FUND000026,SINCE_INCEPTION,78.37,69.58,2025-11-05,DOC000028,38,[p.38] 연평균수익률; C-퇴직e; SINCE_INCEPTION 78.37%; 비교지수 69.58%
CLASS000337,FUND000026,SINCE_INCEPTION,78.35,69.58,2025-11-05,DOC000028,38,[p.38] 연평균수익률; C-E; SINCE_INCEPTION 78.35%; 비교지수 69.58%
CLASS000339,FUND000026,1Y,78.94,69.58,2025-11-05,DOC000028,38,[p.38] 연평균수익률; C-F; 1Y 78.94%; 비교지수 69.58%
CLASS000339,FUND000026,SINCE_INCEPTION,78.94,69.58,2025-11-05,DOC000028,38,[p.38] 연평균수익률; C-F; SINCE_INCEPTION 78.94%; 비교지수 69.58%
CLASS000344,FUND000026,SINCE_INCEPTION,78.5,69.58,2025-11-05,DOC000028,38,[p.38] 연평균수익률; C-Pe; SINCE_INCEPTION 78.5%; 비교지수 69.58%
,FUND000027,1Y,4.42,4.4,2025-09-01,DOC000029,53,[p.53-54] 연평균수익률; 투자신탁 전체; 1Y 4.42%; 비교지수 4.4%
,FUND000027,2Y,6.49,6.49,2025-09-01,DOC000029,53,[p.53-54] 연평균수익률; 투자신탁 전체; 2Y 6.49%; 비교지수 6.49%
,FUND000027,3Y,5.52,5.56,2025-09-01,DOC000029,53,[p.53-54] 연평균수익률; 투자신탁 전체; 3Y 5.52%; 비교지수 5.56%
,FUND000027,5Y,0.6,0.64,2025-09-01,DOC000029,53,[p.53-54] 연평균수익률; 투자신탁 전체; 5Y 0.6%; 비교지수 0.64%
,FUND000027,SINCE_INCEPTION,2.43,2.5,2025-09-01,DOC000029,53,[p.53-54] 연평균수익률; 투자신탁 전체; SINCE_INCEPTION 2.43%; 비교지수 2.5%
CLASS000348,FUND000027,1Y,4.15,4.4,2025-09-01,DOC000029,53,[p.53-54] 연평균수익률; A; 1Y 4.15%; 비교지수 4.4%
CLASS000348,FUND000027,2Y,6.22,6.49,2025-09-01,DOC000029,53,[p.53-54] 연평균수익률; A; 2Y 6.22%; 비교지수 6.49%
CLASS000348,FUND000027,3Y,5.25,5.56,2025-09-01,DOC000029,53,[p.53-54] 연평균수익률; A; 3Y 5.25%; 비교지수 5.56%
CLASS000348,FUND000027,5Y,0.34,0.64,2025-09-01,DOC000029,53,[p.53-54] 연평균수익률; A; 5Y 0.34%; 비교지수 0.64%
CLASS000348,FUND000027,SINCE_INCEPTION,2.16,2.5,2025-09-01,DOC000029,53,[p.53-54] 연평균수익률; A; SINCE_INCEPTION 2.16%; 비교지수 2.5%
CLASS000350,FUND000027,1Y,3.83,4.4,2025-09-01,DOC000029,53,[p.53-54] 연평균수익률; C; 1Y 3.83%; 비교지수 4.4%
CLASS000350,FUND000027,2Y,5.89,6.49,2025-09-01,DOC000029,53,[p.53-54] 연평균수익률; C; 2Y 5.89%; 비교지수 6.49%
CLASS000350,FUND000027,3Y,4.92,5.56,2025-09-01,DOC000029,53,[p.53-54] 연평균수익률; C; 3Y 4.92%; 비교지수 5.56%
CLASS000350,FUND000027,5Y,0.03,0.64,2025-09-01,DOC000029,53,[p.53-54] 연평균수익률; C; 5Y 0.03%; 비교지수 0.64%
CLASS000350,FUND000027,SINCE_INCEPTION,1.86,2.52,2025-09-01,DOC000029,53,[p.53-54] 연평균수익률; C; SINCE_INCEPTION 1.86%; 비교지수 2.52%
CLASS000351,FUND000027,1Y,4.24,4.4,2025-09-01,DOC000029,53,[p.53-54] 연평균수익률; Ae; 1Y 4.24%; 비교지수 4.4%
CLASS000351,FUND000027,2Y,6.31,6.49,2025-09-01,DOC000029,53,[p.53-54] 연평균수익률; Ae; 2Y 6.31%; 비교지수 6.49%
CLASS000351,FUND000027,3Y,5.34,5.56,2025-09-01,DOC000029,53,[p.53-54] 연평균수익률; Ae; 3Y 5.34%; 비교지수 5.56%
CLASS000351,FUND000027,5Y,0.43,0.64,2025-09-01,DOC000029,53,[p.53-54] 연평균수익률; Ae; 5Y 0.43%; 비교지수 0.64%
CLASS000351,FUND000027,SINCE_INCEPTION,2.09,2.34,2025-09-01,DOC000029,53,[p.53-54] 연평균수익률; Ae; SINCE_INCEPTION 2.09%; 비교지수 2.34%
CLASS000352,FUND000027,1Y,4.14,4.4,2025-09-01,DOC000029,53,[p.53-54] 연평균수익률; Ce; 1Y 4.14%; 비교지수 4.4%
CLASS000352,FUND000027,2Y,6.2,6.49,2025-09-01,DOC000029,53,[p.53-54] 연평균수익률; Ce; 2Y 6.2%; 비교지수 6.49%
CLASS000352,FUND000027,3Y,5.24,5.56,2025-09-01,DOC000029,53,[p.53-54] 연평균수익률; Ce; 3Y 5.24%; 비교지수 5.56%
CLASS000352,FUND000027,5Y,0.33,0.64,2025-09-01,DOC000029,53,[p.53-54] 연평균수익률; Ce; 5Y 0.33%; 비교지수 0.64%
CLASS000352,FUND000027,SINCE_INCEPTION,1.99,2.34,2025-09-01,DOC000029,53,[p.53-54] 연평균수익률; Ce; SINCE_INCEPTION 1.99%; 비교지수 2.34%
CLASS000353,FUND000027,1Y,4.27,4.4,2025-09-01,DOC000029,53,[p.53-54] 연평균수익률; Ci; 1Y 4.27%; 비교지수 4.4%
CLASS000353,FUND000027,2Y,6.33,6.49,2025-09-01,DOC000029,53,[p.53-54] 연평균수익률; Ci; 2Y 6.33%; 비교지수 6.49%
CLASS000353,FUND000027,3Y,5.36,5.56,2025-09-01,DOC000029,53,[p.53-54] 연평균수익률; Ci; 3Y 5.36%; 비교지수 5.56%
CLASS000353,FUND000027,5Y,0.45,0.64,2025-09-01,DOC000029,53,[p.53-54] 연평균수익률; Ci; 5Y 0.45%; 비교지수 0.64%
CLASS000353,FUND000027,SINCE_INCEPTION,1.07,1.22,2025-09-01,DOC000029,53,[p.53-54] 연평균수익률; Ci; SINCE_INCEPTION 1.07%; 비교지수 1.22%
CLASS000354,FUND000027,1Y,4.24,4.4,2025-09-01,DOC000029,53,[p.53-54] 연평균수익률; S; 1Y 4.24%; 비교지수 4.4%
CLASS000354,FUND000027,2Y,6.31,6.49,2025-09-01,DOC000029,53,[p.53-54] 연평균수익률; S; 2Y 6.31%; 비교지수 6.49%
CLASS000354,FUND000027,3Y,5.34,5.56,2025-09-01,DOC000029,53,[p.53-54] 연평균수익률; S; 3Y 5.34%; 비교지수 5.56%
CLASS000354,FUND000027,5Y,0.43,0.64,2025-09-01,DOC000029,53,[p.53-54] 연평균수익률; S; 5Y 0.43%; 비교지수 0.64%
CLASS000354,FUND000027,SINCE_INCEPTION,2.08,2.33,2025-09-01,DOC000029,53,[p.53-54] 연평균수익률; S; SINCE_INCEPTION 2.08%; 비교지수 2.33%
CLASS000357,FUND000027,1Y,4.04,4.4,2025-09-01,DOC000029,53,[p.53-54] 연평균수익률; C-P1; 1Y 4.04%; 비교지수 4.4%
CLASS000357,FUND000027,2Y,6.1,6.49,2025-09-01,DOC000029,53,[p.53-54] 연평균수익률; C-P1; 2Y 6.1%; 비교지수 6.49%
CLASS000357,FUND000027,3Y,5.13,5.56,2025-09-01,DOC000029,53,[p.53-54] 연평균수익률; C-P1; 3Y 5.13%; 비교지수 5.56%
CLASS000357,FUND000027,5Y,0.23,0.64,2025-09-01,DOC000029,53,[p.53-54] 연평균수익률; C-P1; 5Y 0.23%; 비교지수 0.64%
CLASS000357,FUND000027,SINCE_INCEPTION,1.98,2.43,2025-09-01,DOC000029,53,[p.53-54] 연평균수익률; C-P1; SINCE_INCEPTION 1.98%; 비교지수 2.43%
CLASS000358,FUND000027,1Y,4.06,4.4,2025-09-01,DOC000029,53,[p.53-54] 연평균수익률; C-P2; 1Y 4.06%; 비교지수 4.4%
CLASS000358,FUND000027,2Y,6.12,6.49,2025-09-01,DOC000029,53,[p.53-54] 연평균수익률; C-P2; 2Y 6.12%; 비교지수 6.49%
CLASS000358,FUND000027,3Y,5.15,5.56,2025-09-01,DOC000029,53,[p.53-54] 연평균수익률; C-P2; 3Y 5.15%; 비교지수 5.56%
CLASS000358,FUND000027,5Y,0.25,0.64,2025-09-01,DOC000029,53,[p.53-54] 연평균수익률; C-P2; 5Y 0.25%; 비교지수 0.64%
CLASS000358,FUND000027,SINCE_INCEPTION,1.91,2.35,2025-09-01,DOC000029,53,[p.53-54] 연평균수익률; C-P2; SINCE_INCEPTION 1.91%; 비교지수 2.35%
CLASS000361,FUND000027,1Y,4.3,4.4,2025-09-01,DOC000029,53,[p.53-54] 연평균수익률; Cw; 1Y 4.3%; 비교지수 4.4%
CLASS000361,FUND000027,2Y,6.36,6.49,2025-09-01,DOC000029,53,[p.53-54] 연평균수익률; Cw; 2Y 6.36%; 비교지수 6.49%
CLASS000361,FUND000027,3Y,5.39,5.56,2025-09-01,DOC000029,53,[p.53-54] 연평균수익률; Cw; 3Y 5.39%; 비교지수 5.56%
CLASS000361,FUND000027,5Y,0.48,0.64,2025-09-01,DOC000029,53,[p.53-54] 연평균수익률; Cw; 5Y 0.48%; 비교지수 0.64%
CLASS000361,FUND000027,SINCE_INCEPTION,1.34,1.55,2025-09-01,DOC000029,53,[p.53-54] 연평균수익률; Cw; SINCE_INCEPTION 1.34%; 비교지수 1.55%
CLASS000362,FUND000027,1Y,4.42,4.4,2025-09-01,DOC000029,53,[p.53-54] 연평균수익률; AG; 1Y 4.42%; 비교지수 4.4%
CLASS000362,FUND000027,2Y,6.49,6.49,2025-09-01,DOC000029,53,[p.53-54] 연평균수익률; AG; 2Y 6.49%; 비교지수 6.49%
CLASS000362,FUND000027,3Y,5.52,5.56,2025-09-01,DOC000029,53,[p.53-54] 연평균수익률; AG; 3Y 5.52%; 비교지수 5.56%
CLASS000362,FUND000027,5Y,0.6,0.64,2025-09-01,DOC000029,53,[p.53-54] 연평균수익률; AG; 5Y 0.6%; 비교지수 0.64%
CLASS000362,FUND000027,SINCE_INCEPTION,1.31,1.41,2025-09-01,DOC000029,53,[p.53-54] 연평균수익률; AG; SINCE_INCEPTION 1.31%; 비교지수 1.41%
CLASS000356,FUND000027,1Y,4.26,4.4,2025-09-01,DOC000029,53,[p.53-54] 연평균수익률; S-P2; 1Y 4.26%; 비교지수 4.4%
CLASS000356,FUND000027,2Y,6.33,6.49,2025-09-01,DOC000029,53,[p.53-54] 연평균수익률; S-P2; 2Y 6.33%; 비교지수 6.49%
CLASS000356,FUND000027,3Y,5.36,5.56,2025-09-01,DOC000029,53,[p.53-54] 연평균수익률; S-P2; 3Y 5.36%; 비교지수 5.56%
CLASS000356,FUND000027,5Y,0.44,0.64,2025-09-01,DOC000029,53,[p.53-54] 연평균수익률; S-P2; 5Y 0.44%; 비교지수 0.64%
CLASS000356,FUND000027,SINCE_INCEPTION,0.55,0.76,2025-09-01,DOC000029,53,[p.53-54] 연평균수익률; S-P2; SINCE_INCEPTION 0.55%; 비교지수 0.76%
CLASS000355,FUND000027,1Y,4.25,4.4,2025-09-01,DOC000029,53,[p.53-54] 연평균수익률; S-P1; 1Y 4.25%; 비교지수 4.4%
CLASS000355,FUND000027,2Y,6.32,6.49,2025-09-01,DOC000029,53,[p.53-54] 연평균수익률; S-P1; 2Y 6.32%; 비교지수 6.49%
CLASS000355,FUND000027,3Y,5.35,5.56,2025-09-01,DOC000029,53,[p.53-54] 연평균수익률; S-P1; 3Y 5.35%; 비교지수 5.56%
CLASS000355,FUND000027,5Y,0.44,0.64,2025-09-01,DOC000029,53,[p.53-54] 연평균수익률; S-P1; 5Y 0.44%; 비교지수 0.64%
CLASS000355,FUND000027,SINCE_INCEPTION,1.62,1.88,2025-09-01,DOC000029,53,[p.53-54] 연평균수익률; S-P1; SINCE_INCEPTION 1.62%; 비교지수 1.88%
CLASS000359,FUND000027,1Y,4.17,4.4,2025-09-01,DOC000029,53,[p.53-54] 연평균수익률; C-P1e; 1Y 4.17%; 비교지수 4.4%
CLASS000359,FUND000027,2Y,6.23,6.49,2025-09-01,DOC000029,53,[p.53-54] 연평균수익률; C-P1e; 2Y 6.23%; 비교지수 6.49%
CLASS000359,FUND000027,3Y,5.26,5.56,2025-09-01,DOC000029,53,[p.53-54] 연평균수익률; C-P1e; 3Y 5.26%; 비교지수 5.56%
CLASS000359,FUND000027,5Y,0.35,0.64,2025-09-01,DOC000029,53,[p.53-54] 연평균수익률; C-P1e; 5Y 0.35%; 비교지수 0.64%
CLASS000359,FUND000027,SINCE_INCEPTION,1.63,1.97,2025-09-01,DOC000029,53,[p.53-54] 연평균수익률; C-P1e; SINCE_INCEPTION 1.63%; 비교지수 1.97%
CLASS000360,FUND000027,1Y,4.18,4.4,2025-09-01,DOC000029,53,[p.53-54] 연평균수익률; C-P2e; 1Y 4.18%; 비교지수 4.4%
CLASS000360,FUND000027,2Y,6.24,6.49,2025-09-01,DOC000029,53,[p.53-54] 연평균수익률; C-P2e; 2Y 6.24%; 비교지수 6.49%
CLASS000360,FUND000027,3Y,5.27,5.56,2025-09-01,DOC000029,53,[p.53-54] 연평균수익률; C-P2e; 3Y 5.27%; 비교지수 5.56%
CLASS000360,FUND000027,5Y,0.36,0.64,2025-09-01,DOC000029,53,[p.53-54] 연평균수익률; C-P2e; 5Y 0.36%; 비교지수 0.64%
CLASS000360,FUND000027,SINCE_INCEPTION,1.5,1.82,2025-09-01,DOC000029,53,[p.53-54] 연평균수익률; C-P2e; SINCE_INCEPTION 1.5%; 비교지수 1.82%
CLASS000364,FUND000027,1Y,4.21,4.4,2025-09-01,DOC000029,54,[p.53-54] 연평균수익률; C-P2I; 1Y 4.21%; 비교지수 4.4%
CLASS000364,FUND000027,2Y,6.27,6.49,2025-09-01,DOC000029,54,[p.53-54] 연평균수익률; C-P2I; 2Y 6.27%; 비교지수 6.49%
CLASS000364,FUND000027,SINCE_INCEPTION,5.58,5.79,2025-09-01,DOC000029,54,[p.53-54] 연평균수익률; C-P2I; SINCE_INCEPTION 5.58%; 비교지수 5.79%
CLASS000349,FUND000027,1Y,4.26,4.4,2025-09-01,DOC000029,54,[p.53-54] 연평균수익률; A2; 1Y 4.26%; 비교지수 4.4%
CLASS000349,FUND000027,SINCE_INCEPTION,5.73,5.89,2025-09-01,DOC000029,54,[p.53-54] 연평균수익률; A2; SINCE_INCEPTION 5.73%; 비교지수 5.89%
,FUND000028,1Y,12.87,,2025-01-25,DOC000030,54,[p.54-55] 연평균수익률; 투자신탁 전체; 1Y 12.87%; 비교지수 해당사항 없음
,FUND000028,2Y,13.35,,2025-01-25,DOC000030,54,[p.54-55] 연평균수익률; 투자신탁 전체; 2Y 13.35%; 비교지수 해당사항 없음
,FUND000028,3Y,9.78,,2025-01-25,DOC000030,54,[p.54-55] 연평균수익률; 투자신탁 전체; 3Y 9.78%; 비교지수 해당사항 없음
,FUND000028,5Y,6.66,,2025-01-25,DOC000030,54,[p.54-55] 연평균수익률; 투자신탁 전체; 5Y 6.66%; 비교지수 해당사항 없음
,FUND000028,SINCE_INCEPTION,6.82,,2025-01-25,DOC000030,54,[p.54-55] 연평균수익률; 투자신탁 전체; SINCE_INCEPTION 6.82%; 비교지수 해당사항 없음
CLASS000365,FUND000028,1Y,12.46,,2025-01-25,DOC000030,54,[p.54-55] 연평균수익률; A; 1Y 12.46%; 비교지수 해당사항 없음
CLASS000365,FUND000028,2Y,12.94,,2025-01-25,DOC000030,54,[p.54-55] 연평균수익률; A; 2Y 12.94%; 비교지수 해당사항 없음
CLASS000365,FUND000028,3Y,9.39,,2025-01-25,DOC000030,54,[p.54-55] 연평균수익률; A; 3Y 9.39%; 비교지수 해당사항 없음
CLASS000365,FUND000028,5Y,6.27,,2025-01-25,DOC000030,54,[p.54-55] 연평균수익률; A; 5Y 6.27%; 비교지수 해당사항 없음
CLASS000365,FUND000028,SINCE_INCEPTION,6.43,,2025-01-25,DOC000030,54,[p.54-55] 연평균수익률; A; SINCE_INCEPTION 6.43%; 비교지수 해당사항 없음
CLASS000367,FUND000028,1Y,12.57,,2025-01-25,DOC000030,55,[p.54-55] 연평균수익률; Ae; 1Y 12.57%; 비교지수 해당사항 없음
CLASS000367,FUND000028,2Y,13.05,,2025-01-25,DOC000030,55,[p.54-55] 연평균수익률; Ae; 2Y 13.05%; 비교지수 해당사항 없음
CLASS000367,FUND000028,3Y,9.49,,2025-01-25,DOC000030,55,[p.54-55] 연평균수익률; Ae; 3Y 9.49%; 비교지수 해당사항 없음
CLASS000367,FUND000028,5Y,6.38,,2025-01-25,DOC000030,55,[p.54-55] 연평균수익률; Ae; 5Y 6.38%; 비교지수 해당사항 없음
CLASS000367,FUND000028,SINCE_INCEPTION,5.86,,2025-01-25,DOC000030,55,[p.54-55] 연평균수익률; Ae; SINCE_INCEPTION 5.86%; 비교지수 해당사항 없음
CLASS000369,FUND000028,1Y,12.36,,2025-01-25,DOC000030,55,[p.54-55] 연평균수익률; C; 1Y 12.36%; 비교지수 해당사항 없음
CLASS000369,FUND000028,2Y,12.83,,2025-01-25,DOC000030,55,[p.54-55] 연평균수익률; C; 2Y 12.83%; 비교지수 해당사항 없음
CLASS000369,FUND000028,3Y,9.28,,2025-01-25,DOC000030,55,[p.54-55] 연평균수익률; C; 3Y 9.28%; 비교지수 해당사항 없음
CLASS000369,FUND000028,5Y,6.17,,2025-01-25,DOC000030,55,[p.54-55] 연평균수익률; C; 5Y 6.17%; 비교지수 해당사항 없음
CLASS000369,FUND000028,SINCE_INCEPTION,6.33,,2025-01-25,DOC000030,55,[p.54-55] 연평균수익률; C; SINCE_INCEPTION 6.33%; 비교지수 해당사항 없음
CLASS000370,FUND000028,1Y,12.52,,2025-01-25,DOC000030,55,[p.54-55] 연평균수익률; Ce; 1Y 12.52%; 비교지수 해당사항 없음
CLASS000370,FUND000028,2Y,13,,2025-01-25,DOC000030,55,[p.54-55] 연평균수익률; Ce; 2Y 13%; 비교지수 해당사항 없음
CLASS000370,FUND000028,3Y,9.44,,2025-01-25,DOC000030,55,[p.54-55] 연평균수익률; Ce; 3Y 9.44%; 비교지수 해당사항 없음
CLASS000370,FUND000028,5Y,6.33,,2025-01-25,DOC000030,55,[p.54-55] 연평균수익률; Ce; 5Y 6.33%; 비교지수 해당사항 없음
CLASS000370,FUND000028,SINCE_INCEPTION,6.52,,2025-01-25,DOC000030,55,[p.54-55] 연평균수익률; Ce; SINCE_INCEPTION 6.52%; 비교지수 해당사항 없음
CLASS000373,FUND000028,1Y,8.17,,2025-01-25,DOC000030,55,[p.54-55] 연평균수익률; Cw; 1Y 8.17%; 비교지수 해당사항 없음
CLASS000373,FUND000028,2Y,4.01,,2025-01-25,DOC000030,55,[p.54-55] 연평균수익률; Cw; 2Y 4.01%; 비교지수 해당사항 없음
CLASS000373,FUND000028,SINCE_INCEPTION,3.46,,2025-01-25,DOC000030,55,[p.54-55] 연평균수익률; Cw; SINCE_INCEPTION 3.46%; 비교지수 해당사항 없음
CLASS000374,FUND000028,1Y,12.42,,2025-01-25,DOC000030,55,[p.54-55] 연평균수익률; C-P1; 1Y 12.42%; 비교지수 해당사항 없음
CLASS000374,FUND000028,2Y,12.9,,2025-01-25,DOC000030,55,[p.54-55] 연평균수익률; C-P1; 2Y 12.9%; 비교지수 해당사항 없음
CLASS000374,FUND000028,3Y,9.35,,2025-01-25,DOC000030,55,[p.54-55] 연평균수익률; C-P1; 3Y 9.35%; 비교지수 해당사항 없음
CLASS000374,FUND000028,5Y,6.24,,2025-01-25,DOC000030,55,[p.54-55] 연평균수익률; C-P1; 5Y 6.24%; 비교지수 해당사항 없음
CLASS000374,FUND000028,SINCE_INCEPTION,5.45,,2025-01-25,DOC000030,55,[p.54-55] 연평균수익률; C-P1; SINCE_INCEPTION 5.45%; 비교지수 해당사항 없음
CLASS000375,FUND000028,1Y,12.55,,2025-01-25,DOC000030,55,[p.54-55] 연평균수익률; C-P1e; 1Y 12.55%; 비교지수 해당사항 없음
CLASS000375,FUND000028,2Y,13.02,,2025-01-25,DOC000030,55,[p.54-55] 연평균수익률; C-P1e; 2Y 13.02%; 비교지수 해당사항 없음
CLASS000375,FUND000028,3Y,9.47,,2025-01-25,DOC000030,55,[p.54-55] 연평균수익률; C-P1e; 3Y 9.47%; 비교지수 해당사항 없음
CLASS000375,FUND000028,5Y,6.35,,2025-01-25,DOC000030,55,[p.54-55] 연평균수익률; C-P1e; 5Y 6.35%; 비교지수 해당사항 없음
CLASS000375,FUND000028,SINCE_INCEPTION,6.51,,2025-01-25,DOC000030,55,[p.54-55] 연평균수익률; C-P1e; SINCE_INCEPTION 6.51%; 비교지수 해당사항 없음
CLASS000376,FUND000028,1Y,12.43,,2025-01-25,DOC000030,55,[p.54-55] 연평균수익률; C-P2; 1Y 12.43%; 비교지수 해당사항 없음
CLASS000376,FUND000028,2Y,12.91,,2025-01-25,DOC000030,55,[p.54-55] 연평균수익률; C-P2; 2Y 12.91%; 비교지수 해당사항 없음
CLASS000376,FUND000028,3Y,9.36,,2025-01-25,DOC000030,55,[p.54-55] 연평균수익률; C-P2; 3Y 9.36%; 비교지수 해당사항 없음
CLASS000376,FUND000028,5Y,6.24,,2025-01-25,DOC000030,55,[p.54-55] 연평균수익률; C-P2; 5Y 6.24%; 비교지수 해당사항 없음
CLASS000376,FUND000028,SINCE_INCEPTION,6.09,,2025-01-25,DOC000030,55,[p.54-55] 연평균수익률; C-P2; SINCE_INCEPTION 6.09%; 비교지수 해당사항 없음
CLASS000377,FUND000028,1Y,12.56,,2025-01-25,DOC000030,55,[p.54-55] 연평균수익률; C-P2e; 1Y 12.56%; 비교지수 해당사항 없음
CLASS000377,FUND000028,2Y,13.04,,2025-01-25,DOC000030,55,[p.54-55] 연평균수익률; C-P2e; 2Y 13.04%; 비교지수 해당사항 없음
CLASS000377,FUND000028,3Y,9.48,,2025-01-25,DOC000030,55,[p.54-55] 연평균수익률; C-P2e; 3Y 9.48%; 비교지수 해당사항 없음
CLASS000377,FUND000028,5Y,6.36,,2025-01-25,DOC000030,55,[p.54-55] 연평균수익률; C-P2e; 5Y 6.36%; 비교지수 해당사항 없음
CLASS000377,FUND000028,SINCE_INCEPTION,6.56,,2025-01-25,DOC000030,55,[p.54-55] 연평균수익률; C-P2e; SINCE_INCEPTION 6.56%; 비교지수 해당사항 없음
CLASS000378,FUND000028,1Y,12.59,,2025-01-25,DOC000030,55,[p.54-55] 연평균수익률; S; 1Y 12.59%; 비교지수 해당사항 없음
CLASS000378,FUND000028,2Y,13.07,,2025-01-25,DOC000030,55,[p.54-55] 연평균수익률; S; 2Y 13.07%; 비교지수 해당사항 없음
CLASS000378,FUND000028,3Y,9.51,,2025-01-25,DOC000030,55,[p.54-55] 연평균수익률; S; 3Y 9.51%; 비교지수 해당사항 없음
CLASS000378,FUND000028,5Y,6.39,,2025-01-25,DOC000030,55,[p.54-55] 연평균수익률; S; 5Y 6.39%; 비교지수 해당사항 없음
CLASS000378,FUND000028,SINCE_INCEPTION,6.53,,2025-01-25,DOC000030,55,[p.54-55] 연평균수익률; S; SINCE_INCEPTION 6.53%; 비교지수 해당사항 없음
CLASS000379,FUND000028,1Y,12.61,,2025-01-25,DOC000030,55,[p.54-55] 연평균수익률; S-P1; 1Y 12.61%; 비교지수 해당사항 없음
CLASS000379,FUND000028,2Y,13.09,,2025-01-25,DOC000030,55,[p.54-55] 연평균수익률; S-P1; 2Y 13.09%; 비교지수 해당사항 없음
CLASS000379,FUND000028,3Y,9.53,,2025-01-25,DOC000030,55,[p.54-55] 연평균수익률; S-P1; 3Y 9.53%; 비교지수 해당사항 없음
CLASS000379,FUND000028,5Y,6.41,,2025-01-25,DOC000030,55,[p.54-55] 연평균수익률; S-P1; 5Y 6.41%; 비교지수 해당사항 없음
CLASS000379,FUND000028,SINCE_INCEPTION,6.55,,2025-01-25,DOC000030,55,[p.54-55] 연평균수익률; S-P1; SINCE_INCEPTION 6.55%; 비교지수 해당사항 없음
CLASS000380,FUND000028,1Y,12.62,,2025-01-25,DOC000030,55,[p.54-55] 연평균수익률; S-P2; 1Y 12.62%; 비교지수 해당사항 없음
CLASS000380,FUND000028,2Y,13.09,,2025-01-25,DOC000030,55,[p.54-55] 연평균수익률; S-P2; 2Y 13.09%; 비교지수 해당사항 없음
CLASS000380,FUND000028,3Y,9.54,,2025-01-25,DOC000030,55,[p.54-55] 연평균수익률; S-P2; 3Y 9.54%; 비교지수 해당사항 없음
CLASS000380,FUND000028,SINCE_INCEPTION,9.05,,2025-01-25,DOC000030,55,[p.54-55] 연평균수익률; S-P2; SINCE_INCEPTION 9.05%; 비교지수 해당사항 없음
,FUND000029,1Y,3.97,3.23,2025-09-14,DOC000031,49,[p.49-50] 연평균수익률; 투자신탁 전체; 1Y 3.97%; 비교지수 3.23%
,FUND000029,2Y,4.66,3.66,2025-09-14,DOC000031,49,[p.49-50] 연평균수익률; 투자신탁 전체; 2Y 4.66%; 비교지수 3.66%
,FUND000029,3Y,4.75,3.74,2025-09-14,DOC000031,49,[p.49-50] 연평균수익률; 투자신탁 전체; 3Y 4.75%; 비교지수 3.74%
,FUND000029,5Y,3.39,2.61,2025-09-14,DOC000031,49,[p.49-50] 연평균수익률; 투자신탁 전체; 5Y 3.39%; 비교지수 2.61%
,FUND000029,SINCE_INCEPTION,3.1,2.38,2025-09-14,DOC000031,49,[p.49-50] 연평균수익률; 투자신탁 전체; SINCE_INCEPTION 3.1%; 비교지수 2.38%
CLASS000382,FUND000029,1Y,3.82,3.23,2025-09-14,DOC000031,49,[p.49-50] 연평균수익률; A2; 1Y 3.82%; 비교지수 3.23%
CLASS000382,FUND000029,2Y,4.51,3.66,2025-09-14,DOC000031,49,[p.49-50] 연평균수익률; A2; 2Y 4.51%; 비교지수 3.66%
CLASS000382,FUND000029,3Y,4.6,3.74,2025-09-14,DOC000031,49,[p.49-50] 연평균수익률; A2; 3Y 4.6%; 비교지수 3.74%
CLASS000382,FUND000029,5Y,3.24,2.61,2025-09-14,DOC000031,49,[p.49-50] 연평균수익률; A2; 5Y 3.24%; 비교지수 2.61%
CLASS000382,FUND000029,SINCE_INCEPTION,2.97,2.41,2025-09-14,DOC000031,49,[p.49-50] 연평균수익률; A2; SINCE_INCEPTION 2.97%; 비교지수 2.41%
CLASS000381,FUND000029,1Y,3.66,3.23,2025-09-14,DOC000031,49,[p.49-50] 연평균수익률; A; 1Y 3.66%; 비교지수 3.23%
CLASS000381,FUND000029,2Y,4.35,3.66,2025-09-14,DOC000031,49,[p.49-50] 연평균수익률; A; 2Y 4.35%; 비교지수 3.66%
CLASS000381,FUND000029,3Y,4.44,3.74,2025-09-14,DOC000031,49,[p.49-50] 연평균수익률; A; 3Y 4.44%; 비교지수 3.74%
CLASS000381,FUND000029,5Y,3.09,2.61,2025-09-14,DOC000031,49,[p.49-50] 연평균수익률; A; 5Y 3.09%; 비교지수 2.61%
CLASS000381,FUND000029,SINCE_INCEPTION,2.79,2.38,2025-09-14,DOC000031,49,[p.49-50] 연평균수익률; A; SINCE_INCEPTION 2.79%; 비교지수 2.38%
CLASS000383,FUND000029,1Y,3.76,3.23,2025-09-14,DOC000031,49,[p.49-50] 연평균수익률; Ae; 1Y 3.76%; 비교지수 3.23%
CLASS000383,FUND000029,2Y,4.45,3.66,2025-09-14,DOC000031,49,[p.49-50] 연평균수익률; Ae; 2Y 4.45%; 비교지수 3.66%
CLASS000383,FUND000029,3Y,4.55,3.74,2025-09-14,DOC000031,49,[p.49-50] 연평균수익률; Ae; 3Y 4.55%; 비교지수 3.74%
CLASS000383,FUND000029,5Y,3.19,2.61,2025-09-14,DOC000031,49,[p.49-50] 연평균수익률; Ae; 5Y 3.19%; 비교지수 2.61%
CLASS000383,FUND000029,SINCE_INCEPTION,2.9,2.39,2025-09-14,DOC000031,49,[p.49-50] 연평균수익률; Ae; SINCE_INCEPTION 2.9%; 비교지수 2.39%
CLASS000385,FUND000029,1Y,3.56,3.23,2025-09-14,DOC000031,49,[p.49-50] 연평균수익률; C; 1Y 3.56%; 비교지수 3.23%
CLASS000385,FUND000029,2Y,4.25,3.66,2025-09-14,DOC000031,49,[p.49-50] 연평균수익률; C; 2Y 4.25%; 비교지수 3.66%
CLASS000385,FUND000029,3Y,4.34,3.74,2025-09-14,DOC000031,49,[p.49-50] 연평균수익률; C; 3Y 4.34%; 비교지수 3.74%
CLASS000385,FUND000029,5Y,2.98,2.61,2025-09-14,DOC000031,49,[p.49-50] 연평균수익률; C; 5Y 2.98%; 비교지수 2.61%
CLASS000385,FUND000029,SINCE_INCEPTION,2.69,2.38,2025-09-14,DOC000031,49,[p.49-50] 연평균수익률; C; SINCE_INCEPTION 2.69%; 비교지수 2.38%
CLASS000386,FUND000029,1Y,3.71,3.23,2025-09-14,DOC000031,49,[p.49-50] 연평균수익률; Ce; 1Y 3.71%; 비교지수 3.23%
CLASS000386,FUND000029,2Y,4.4,3.66,2025-09-14,DOC000031,49,[p.49-50] 연평균수익률; Ce; 2Y 4.4%; 비교지수 3.66%
CLASS000386,FUND000029,3Y,4.5,3.74,2025-09-14,DOC000031,49,[p.49-50] 연평균수익률; Ce; 3Y 4.5%; 비교지수 3.74%
CLASS000386,FUND000029,5Y,3.14,2.61,2025-09-14,DOC000031,49,[p.49-50] 연평균수익률; Ce; 5Y 3.14%; 비교지수 2.61%
CLASS000386,FUND000029,SINCE_INCEPTION,2.84,2.38,2025-09-14,DOC000031,49,[p.49-50] 연평균수익률; Ce; SINCE_INCEPTION 2.84%; 비교지수 2.38%
CLASS000388,FUND000029,1Y,3.86,3.23,2025-09-14,DOC000031,49,[p.49-50] 연평균수익률; Cf; 1Y 3.86%; 비교지수 3.23%
CLASS000388,FUND000029,2Y,4.55,3.66,2025-09-14,DOC000031,49,[p.49-50] 연평균수익률; Cf; 2Y 4.55%; 비교지수 3.66%
CLASS000388,FUND000029,3Y,4.64,3.74,2025-09-14,DOC000031,49,[p.49-50] 연평균수익률; Cf; 3Y 4.64%; 비교지수 3.74%
CLASS000388,FUND000029,5Y,3.28,2.61,2025-09-14,DOC000031,49,[p.49-50] 연평균수익률; Cf; 5Y 3.28%; 비교지수 2.61%
CLASS000388,FUND000029,SINCE_INCEPTION,2.99,2.38,2025-09-14,DOC000031,49,[p.49-50] 연평균수익률; Cf; SINCE_INCEPTION 2.99%; 비교지수 2.38%
CLASS000390,FUND000029,1Y,3.87,3.23,2025-09-14,DOC000031,49,[p.49-50] 연평균수익률; Cw; 1Y 3.87%; 비교지수 3.23%
CLASS000390,FUND000029,2Y,4.56,3.66,2025-09-14,DOC000031,49,[p.49-50] 연평균수익률; Cw; 2Y 4.56%; 비교지수 3.66%
CLASS000390,FUND000029,3Y,4.65,3.74,2025-09-14,DOC000031,49,[p.49-50] 연평균수익률; Cw; 3Y 4.65%; 비교지수 3.74%
CLASS000390,FUND000029,5Y,3.29,2.61,2025-09-14,DOC000031,49,[p.49-50] 연평균수익률; Cw; 5Y 3.29%; 비교지수 2.61%
CLASS000390,FUND000029,SINCE_INCEPTION,3.01,2.39,2025-09-14,DOC000031,49,[p.49-50] 연평균수익률; Cw; SINCE_INCEPTION 3.01%; 비교지수 2.39%
CLASS000391,FUND000029,1Y,3.67,3.23,2025-09-14,DOC000031,49,[p.49-50] 연평균수익률; C-P1; 1Y 3.67%; 비교지수 3.23%
CLASS000391,FUND000029,2Y,4.36,3.66,2025-09-14,DOC000031,49,[p.49-50] 연평균수익률; C-P1; 2Y 4.36%; 비교지수 3.66%
CLASS000391,FUND000029,3Y,4.45,3.74,2025-09-14,DOC000031,49,[p.49-50] 연평균수익률; C-P1; 3Y 4.45%; 비교지수 3.74%
CLASS000391,FUND000029,5Y,3.1,2.61,2025-09-14,DOC000031,49,[p.49-50] 연평균수익률; C-P1; 5Y 3.1%; 비교지수 2.61%
CLASS000391,FUND000029,SINCE_INCEPTION,2.8,2.38,2025-09-14,DOC000031,49,[p.49-50] 연평균수익률; C-P1; SINCE_INCEPTION 2.8%; 비교지수 2.38%
CLASS000392,FUND000029,1Y,3.77,3.23,2025-09-14,DOC000031,50,[p.49-50] 연평균수익률; C-P1e; 1Y 3.77%; 비교지수 3.23%
CLASS000392,FUND000029,2Y,4.46,3.66,2025-09-14,DOC000031,50,[p.49-50] 연평균수익률; C-P1e; 2Y 4.46%; 비교지수 3.66%
CLASS000392,FUND000029,3Y,4.55,3.74,2025-09-14,DOC000031,50,[p.49-50] 연평균수익률; C-P1e; 3Y 4.55%; 비교지수 3.74%
CLASS000392,FUND000029,5Y,3.2,2.61,2025-09-14,DOC000031,50,[p.49-50] 연평균수익률; C-P1e; 5Y 3.2%; 비교지수 2.61%
CLASS000392,FUND000029,SINCE_INCEPTION,2.9,2.38,2025-09-14,DOC000031,50,[p.49-50] 연평균수익률; C-P1e; SINCE_INCEPTION 2.9%; 비교지수 2.38%
CLASS000393,FUND000029,1Y,3.68,3.23,2025-09-14,DOC000031,50,[p.49-50] 연평균수익률; C-P2; 1Y 3.68%; 비교지수 3.23%
CLASS000393,FUND000029,2Y,4.37,3.66,2025-09-14,DOC000031,50,[p.49-50] 연평균수익률; C-P2; 2Y 4.37%; 비교지수 3.66%
CLASS000393,FUND000029,3Y,4.46,3.74,2025-09-14,DOC000031,50,[p.49-50] 연평균수익률; C-P2; 3Y 4.46%; 비교지수 3.74%
CLASS000393,FUND000029,5Y,3.11,2.61,2025-09-14,DOC000031,50,[p.49-50] 연평균수익률; C-P2; 5Y 3.11%; 비교지수 2.61%
CLASS000393,FUND000029,SINCE_INCEPTION,2.81,2.39,2025-09-14,DOC000031,50,[p.49-50] 연평균수익률; C-P2; SINCE_INCEPTION 2.81%; 비교지수 2.39%
CLASS000394,FUND000029,1Y,3.77,3.23,2025-09-14,DOC000031,50,[p.49-50] 연평균수익률; C-P2e; 1Y 3.77%; 비교지수 3.23%
CLASS000394,FUND000029,2Y,4.47,3.66,2025-09-14,DOC000031,50,[p.49-50] 연평균수익률; C-P2e; 2Y 4.47%; 비교지수 3.66%
CLASS000394,FUND000029,3Y,4.56,3.74,2025-09-14,DOC000031,50,[p.49-50] 연평균수익률; C-P2e; 3Y 4.56%; 비교지수 3.74%
CLASS000394,FUND000029,5Y,3.2,2.61,2025-09-14,DOC000031,50,[p.49-50] 연평균수익률; C-P2e; 5Y 3.2%; 비교지수 2.61%
CLASS000394,FUND000029,SINCE_INCEPTION,2.92,2.39,2025-09-14,DOC000031,50,[p.49-50] 연평균수익률; C-P2e; SINCE_INCEPTION 2.92%; 비교지수 2.39%
,FUND000030,1Y,28.38,21.98,2025-08-14,DOC000032,51,[p.51-52] 연평균수익률; 투자신탁 전체; 1Y 28.38%; 참조지수 21.98%
,FUND000030,2Y,15.67,12,2025-08-14,DOC000032,51,[p.51-52] 연평균수익률; 투자신탁 전체; 2Y 15.67%; 참조지수 12%
,FUND000030,3Y,17.15,8.46,2025-08-14,DOC000032,51,[p.51-52] 연평균수익률; 투자신탁 전체; 3Y 17.15%; 참조지수 8.46%
,FUND000030,5Y,13.25,6.02,2025-08-14,DOC000032,51,[p.51-52] 연평균수익률; 투자신탁 전체; 5Y 13.25%; 참조지수 6.02%
,FUND000030,SINCE_INCEPTION,18.94,8.96,2025-08-14,DOC000032,51,[p.51-52] 연평균수익률; 투자신탁 전체; SINCE_INCEPTION 18.94%; 참조지수 8.96%
CLASS000398,FUND000030,1Y,27.62,21.98,2025-08-14,DOC000032,51,[p.51-52] 연평균수익률; A; 1Y 27.62%; 참조지수 21.98%
CLASS000398,FUND000030,2Y,14.82,12,2025-08-14,DOC000032,51,[p.51-52] 연평균수익률; A; 2Y 14.82%; 참조지수 12%
CLASS000398,FUND000030,3Y,16.26,8.46,2025-08-14,DOC000032,51,[p.51-52] 연평균수익률; A; 3Y 16.26%; 참조지수 8.46%
CLASS000398,FUND000030,5Y,12.34,6.02,2025-08-14,DOC000032,51,[p.51-52] 연평균수익률; A; 5Y 12.34%; 참조지수 6.02%
CLASS000398,FUND000030,SINCE_INCEPTION,17.99,8.96,2025-08-14,DOC000032,51,[p.51-52] 연평균수익률; A; SINCE_INCEPTION 17.99%; 참조지수 8.96%
CLASS000400,FUND000030,1Y,27.77,21.98,2025-08-14,DOC000032,51,[p.51-52] 연평균수익률; Ae; 1Y 27.77%; 참조지수 21.98%
CLASS000400,FUND000030,2Y,14.99,12,2025-08-14,DOC000032,51,[p.51-52] 연평균수익률; Ae; 2Y 14.99%; 참조지수 12%
CLASS000400,FUND000030,3Y,16.45,8.46,2025-08-14,DOC000032,51,[p.51-52] 연평균수익률; Ae; 3Y 16.45%; 참조지수 8.46%
CLASS000400,FUND000030,5Y,12.53,6.02,2025-08-14,DOC000032,51,[p.51-52] 연평균수익률; Ae; 5Y 12.53%; 참조지수 6.02%
CLASS000400,FUND000030,SINCE_INCEPTION,18.18,8.96,2025-08-14,DOC000032,51,[p.51-52] 연평균수익률; Ae; SINCE_INCEPTION 18.18%; 참조지수 8.96%
CLASS000403,FUND000030,1Y,27.4,21.98,2025-08-14,DOC000032,51,[p.51-52] 연평균수익률; C; 1Y 27.4%; 참조지수 21.98%
CLASS000403,FUND000030,2Y,14.63,12,2025-08-14,DOC000032,51,[p.51-52] 연평균수익률; C; 2Y 14.63%; 참조지수 12%
CLASS000403,FUND000030,3Y,16.08,8.46,2025-08-14,DOC000032,51,[p.51-52] 연평균수익률; C; 3Y 16.08%; 참조지수 8.46%
CLASS000403,FUND000030,5Y,12.16,6.02,2025-08-14,DOC000032,51,[p.51-52] 연평균수익률; C; 5Y 12.16%; 참조지수 6.02%
CLASS000403,FUND000030,SINCE_INCEPTION,17.81,8.96,2025-08-14,DOC000032,51,[p.51-52] 연평균수익률; C; SINCE_INCEPTION 17.81%; 참조지수 8.96%
CLASS000404,FUND000030,1Y,27.66,21.98,2025-08-14,DOC000032,51,[p.51-52] 연평균수익률; Ce; 1Y 27.66%; 참조지수 21.98%
CLASS000404,FUND000030,2Y,14.89,12,2025-08-14,DOC000032,51,[p.51-52] 연평균수익률; Ce; 2Y 14.89%; 참조지수 12%
CLASS000404,FUND000030,3Y,16.35,8.46,2025-08-14,DOC000032,51,[p.51-52] 연평균수익률; Ce; 3Y 16.35%; 참조지수 8.46%
CLASS000404,FUND000030,5Y,12.43,6.02,2025-08-14,DOC000032,51,[p.51-52] 연평균수익률; Ce; 5Y 12.43%; 참조지수 6.02%
CLASS000404,FUND000030,SINCE_INCEPTION,18.08,8.96,2025-08-14,DOC000032,51,[p.51-52] 연평균수익률; Ce; SINCE_INCEPTION 18.08%; 참조지수 8.96%
CLASS000406,FUND000030,1Y,27.82,21.98,2025-08-14,DOC000032,51,[p.51-52] 연평균수익률; Cf; 1Y 27.82%; 참조지수 21.98%
CLASS000406,FUND000030,2Y,15.14,12,2025-08-14,DOC000032,51,[p.51-52] 연평균수익률; Cf; 2Y 15.14%; 참조지수 12%
CLASS000406,FUND000030,3Y,16.64,8.46,2025-08-14,DOC000032,51,[p.51-52] 연평균수익률; Cf; 3Y 16.64%; 참조지수 8.46%
CLASS000406,FUND000030,5Y,12.71,6.02,2025-08-14,DOC000032,51,[p.51-52] 연평균수익률; Cf; 5Y 12.71%; 참조지수 6.02%
CLASS000406,FUND000030,SINCE_INCEPTION,18.38,8.96,2025-08-14,DOC000032,51,[p.51-52] 연평균수익률; Cf; SINCE_INCEPTION 18.38%; 참조지수 8.96%
CLASS000407,FUND000030,1Y,28.05,21.98,2025-08-14,DOC000032,52,[p.51-52] 연평균수익률; Cw; 1Y 28.05%; 참조지수 21.98%
CLASS000407,FUND000030,2Y,15.29,12,2025-08-14,DOC000032,52,[p.51-52] 연평균수익률; Cw; 2Y 15.29%; 참조지수 12%
CLASS000407,FUND000030,3Y,16.74,8.46,2025-08-14,DOC000032,52,[p.51-52] 연평균수익률; Cw; 3Y 16.74%; 참조지수 8.46%
CLASS000407,FUND000030,5Y,12.76,6.02,2025-08-14,DOC000032,52,[p.51-52] 연평균수익률; Cw; 5Y 12.76%; 참조지수 6.02%
CLASS000407,FUND000030,SINCE_INCEPTION,18.52,8.88,2025-08-14,DOC000032,52,[p.51-52] 연평균수익률; Cw; SINCE_INCEPTION 18.52%; 참조지수 8.88%
CLASS000408,FUND000030,1Y,27.65,21.98,2025-08-14,DOC000032,52,[p.51-52] 연평균수익률; C-P1; 1Y 27.65%; 참조지수 21.98%
CLASS000408,FUND000030,2Y,14.87,12,2025-08-14,DOC000032,52,[p.51-52] 연평균수익률; C-P1; 2Y 14.87%; 참조지수 12%
CLASS000408,FUND000030,3Y,16.33,8.46,2025-08-14,DOC000032,52,[p.51-52] 연평균수익률; C-P1; 3Y 16.33%; 참조지수 8.46%
CLASS000408,FUND000030,5Y,12.42,6.02,2025-08-14,DOC000032,52,[p.51-52] 연평균수익률; C-P1; 5Y 12.42%; 참조지수 6.02%
CLASS000408,FUND000030,SINCE_INCEPTION,18.15,8.77,2025-08-14,DOC000032,52,[p.51-52] 연평균수익률; C-P1; SINCE_INCEPTION 18.15%; 참조지수 8.77%
CLASS000409,FUND000030,1Y,27.79,21.98,2025-08-14,DOC000032,52,[p.51-52] 연평균수익률; C-P1e; 1Y 27.79%; 참조지수 21.98%
CLASS000409,FUND000030,2Y,15.01,12,2025-08-14,DOC000032,52,[p.51-52] 연평균수익률; C-P1e; 2Y 15.01%; 참조지수 12%
CLASS000409,FUND000030,3Y,16.48,8.46,2025-08-14,DOC000032,52,[p.51-52] 연평균수익률; C-P1e; 3Y 16.48%; 참조지수 8.46%
CLASS000409,FUND000030,5Y,12.56,6.02,2025-08-14,DOC000032,52,[p.51-52] 연평균수익률; C-P1e; 5Y 12.56%; 참조지수 6.02%
CLASS000409,FUND000030,SINCE_INCEPTION,18.22,8.96,2025-08-14,DOC000032,52,[p.51-52] 연평균수익률; C-P1e; SINCE_INCEPTION 18.22%; 참조지수 8.96%
CLASS000410,FUND000030,1Y,27.63,21.98,2025-08-14,DOC000032,52,[p.51-52] 연평균수익률; C-P2; 1Y 27.63%; 참조지수 21.98%
CLASS000410,FUND000030,2Y,14.87,12,2025-08-14,DOC000032,52,[p.51-52] 연평균수익률; C-P2; 2Y 14.87%; 참조지수 12%
CLASS000410,FUND000030,3Y,16.33,8.46,2025-08-14,DOC000032,52,[p.51-52] 연평균수익률; C-P2; 3Y 16.33%; 참조지수 8.46%
CLASS000410,FUND000030,5Y,12.42,6.02,2025-08-14,DOC000032,52,[p.51-52] 연평균수익률; C-P2; 5Y 12.42%; 참조지수 6.02%
CLASS000410,FUND000030,SINCE_INCEPTION,18.33,9.04,2025-08-14,DOC000032,52,[p.51-52] 연평균수익률; C-P2; SINCE_INCEPTION 18.33%; 참조지수 9.04%
CLASS000411,FUND000030,1Y,27.76,21.98,2025-08-14,DOC000032,52,[p.51-52] 연평균수익률; C-P2e; 1Y 27.76%; 참조지수 21.98%
CLASS000411,FUND000030,2Y,15.01,12,2025-08-14,DOC000032,52,[p.51-52] 연평균수익률; C-P2e; 2Y 15.01%; 참조지수 12%
CLASS000411,FUND000030,3Y,16.47,8.46,2025-08-14,DOC000032,52,[p.51-52] 연평균수익률; C-P2e; 3Y 16.47%; 참조지수 8.46%
CLASS000411,FUND000030,5Y,12.56,6.02,2025-08-14,DOC000032,52,[p.51-52] 연평균수익률; C-P2e; 5Y 12.56%; 참조지수 6.02%
CLASS000411,FUND000030,SINCE_INCEPTION,18.21,8.8,2025-08-14,DOC000032,52,[p.51-52] 연평균수익률; C-P2e; SINCE_INCEPTION 18.21%; 참조지수 8.8%
CLASS000412,FUND000030,1Y,27.76,21.98,2025-08-14,DOC000032,52,[p.51-52] 연평균수익률; S; 1Y 27.76%; 참조지수 21.98%
CLASS000412,FUND000030,2Y,14.96,12,2025-08-14,DOC000032,52,[p.51-52] 연평균수익률; S; 2Y 14.96%; 참조지수 12%
CLASS000412,FUND000030,3Y,16.41,8.46,2025-08-14,DOC000032,52,[p.51-52] 연평균수익률; S; 3Y 16.41%; 참조지수 8.46%
CLASS000412,FUND000030,5Y,12.49,6.02,2025-08-14,DOC000032,52,[p.51-52] 연평균수익률; S; 5Y 12.49%; 참조지수 6.02%
CLASS000412,FUND000030,SINCE_INCEPTION,18.49,9.11,2025-08-14,DOC000032,52,[p.51-52] 연평균수익률; S; SINCE_INCEPTION 18.49%; 참조지수 9.11%
CLASS000413,FUND000030,1Y,27.89,21.98,2025-08-14,DOC000032,52,[p.51-52] 연평균수익률; S-P1; 1Y 27.89%; 참조지수 21.98%
CLASS000413,FUND000030,2Y,15.09,12,2025-08-14,DOC000032,52,[p.51-52] 연평균수익률; S-P1; 2Y 15.09%; 참조지수 12%
CLASS000413,FUND000030,3Y,16.55,8.46,2025-08-14,DOC000032,52,[p.51-52] 연평균수익률; S-P1; 3Y 16.55%; 참조지수 8.46%
CLASS000413,FUND000030,5Y,12.62,6.02,2025-08-14,DOC000032,52,[p.51-52] 연평균수익률; S-P1; 5Y 12.62%; 참조지수 6.02%
CLASS000413,FUND000030,SINCE_INCEPTION,18.63,9.11,2025-08-14,DOC000032,52,[p.51-52] 연평균수익률; S-P1; SINCE_INCEPTION 18.63%; 참조지수 9.11%
CLASS000414,FUND000030,1Y,27.79,21.98,2025-08-14,DOC000032,52,[p.51-52] 연평균수익률; S-P2; 1Y 27.79%; 참조지수 21.98%
CLASS000414,FUND000030,2Y,15.06,12,2025-08-14,DOC000032,52,[p.51-52] 연평균수익률; S-P2; 2Y 15.06%; 참조지수 12%
CLASS000414,FUND000030,3Y,16.53,8.46,2025-08-14,DOC000032,52,[p.51-52] 연평균수익률; S-P2; 3Y 16.53%; 참조지수 8.46%
CLASS000414,FUND000030,SINCE_INCEPTION,10.33,3.31,2025-08-14,DOC000032,52,[p.51-52] 연평균수익률; S-P2; SINCE_INCEPTION 10.33%; 참조지수 3.31%
CLASS000399,FUND000030,1Y,27.52,21.98,2025-08-14,DOC000032,52,[p.51-52] 연평균수익률; A2; 1Y 27.52%; 참조지수 21.98%
CLASS000399,FUND000030,SINCE_INCEPTION,20.6,17.05,2025-08-14,DOC000032,52,[p.51-52] 연평균수익률; A2; SINCE_INCEPTION 20.6%; 참조지수 17.05%
CLASS000401,FUND000030,1Y,27.6,21.98,2025-08-14,DOC000032,52,[p.51-52] 연평균수익률; A2e; 1Y 27.6%; 참조지수 21.98%
CLASS000401,FUND000030,SINCE_INCEPTION,8.12,13.31,2025-08-14,DOC000032,52,[p.51-52] 연평균수익률; A2e; SINCE_INCEPTION 8.12%; 참조지수 13.31%
CLASS000415,FUND000031,1Y,4.98,3.76,2025-01-12,DOC000033,37,[p.37] 연평균수익률; A; 1Y 4.98%; 비교지수 3.76%
CLASS000415,FUND000031,2Y,3.63,3.74,2025-01-12,DOC000033,37,[p.37] 연평균수익률; A; 2Y 3.63%; 비교지수 3.74%
CLASS000415,FUND000031,3Y,2.79,2.88,2025-01-12,DOC000033,37,[p.37] 연평균수익률; A; 3Y 2.79%; 비교지수 2.88%
CLASS000415,FUND000031,5Y,1.8,2.02,2025-01-12,DOC000033,37,[p.37] 연평균수익률; A; 5Y 1.8%; 비교지수 2.02%
CLASS000415,FUND000031,SINCE_INCEPTION,1.37,1.82,2025-01-12,DOC000033,37,[p.37] 연평균수익률; A; SINCE_INCEPTION 1.37%; 비교지수 1.82%
CLASS000421,FUND000031,1Y,5.04,3.76,2025-01-12,DOC000033,37,[p.37] 연평균수익률; Ae; 1Y 5.04%; 비교지수 3.76%
CLASS000421,FUND000031,2Y,3.7,3.74,2025-01-12,DOC000033,37,[p.37] 연평균수익률; Ae; 2Y 3.7%; 비교지수 3.74%
CLASS000421,FUND000031,3Y,2.85,2.88,2025-01-12,DOC000033,37,[p.37] 연평균수익률; Ae; 3Y 2.85%; 비교지수 2.88%
CLASS000421,FUND000031,5Y,1.86,2.02,2025-01-12,DOC000033,37,[p.37] 연평균수익률; Ae; 5Y 1.86%; 비교지수 2.02%
CLASS000421,FUND000031,SINCE_INCEPTION,1.34,1.82,2025-01-12,DOC000033,37,[p.37] 연평균수익률; Ae; SINCE_INCEPTION 1.34%; 비교지수 1.82%
CLASS000416,FUND000031,1Y,4.88,3.76,2025-01-12,DOC000033,37,[p.37] 연평균수익률; C; 1Y 4.88%; 비교지수 3.76%
CLASS000416,FUND000031,2Y,3.54,3.74,2025-01-12,DOC000033,37,[p.37] 연평균수익률; C; 2Y 3.54%; 비교지수 3.74%
CLASS000416,FUND000031,3Y,2.7,2.88,2025-01-12,DOC000033,37,[p.37] 연평균수익률; C; 3Y 2.7%; 비교지수 2.88%
CLASS000416,FUND000031,5Y,1.71,2.02,2025-01-12,DOC000033,37,[p.37] 연평균수익률; C; 5Y 1.71%; 비교지수 2.02%
CLASS000416,FUND000031,SINCE_INCEPTION,1.31,1.82,2025-01-12,DOC000033,37,[p.37] 연평균수익률; C; SINCE_INCEPTION 1.31%; 비교지수 1.82%
CLASS000417,FUND000031,1Y,4.99,3.76,2025-01-12,DOC000033,37,[p.37] 연평균수익률; Ce; 1Y 4.99%; 비교지수 3.76%
CLASS000417,FUND000031,2Y,3.65,3.74,2025-01-12,DOC000033,37,[p.37] 연평균수익률; Ce; 2Y 3.65%; 비교지수 3.74%
CLASS000417,FUND000031,3Y,2.8,2.88,2025-01-12,DOC000033,37,[p.37] 연평균수익률; Ce; 3Y 2.8%; 비교지수 2.88%
CLASS000417,FUND000031,5Y,1.81,2.02,2025-01-12,DOC000033,37,[p.37] 연평균수익률; Ce; 5Y 1.81%; 비교지수 2.02%
CLASS000417,FUND000031,SINCE_INCEPTION,1.38,1.82,2025-01-12,DOC000033,37,[p.37] 연평균수익률; Ce; SINCE_INCEPTION 1.38%; 비교지수 1.82%
CLASS000420,FUND000031,1Y,5.08,3.76,2025-01-12,DOC000033,37,[p.37] 연평균수익률; CF; 1Y 5.08%; 비교지수 3.76%
CLASS000420,FUND000031,2Y,3.74,3.74,2025-01-12,DOC000033,37,[p.37] 연평균수익률; CF; 2Y 3.74%; 비교지수 3.74%
CLASS000420,FUND000031,3Y,2.89,2.88,2025-01-12,DOC000033,37,[p.37] 연평균수익률; CF; 3Y 2.89%; 비교지수 2.88%
CLASS000420,FUND000031,5Y,1.9,2.02,2025-01-12,DOC000033,37,[p.37] 연평균수익률; CF; 5Y 1.9%; 비교지수 2.02%
CLASS000420,FUND000031,SINCE_INCEPTION,1.31,1.82,2025-01-12,DOC000033,37,[p.37] 연평균수익률; CF; SINCE_INCEPTION 1.31%; 비교지수 1.82%
CLASS000427,FUND000031,1Y,4.96,3.76,2025-01-12,DOC000033,37,[p.37] 연평균수익률; Cg; 1Y 4.96%; 비교지수 3.76%
CLASS000427,FUND000031,2Y,3.62,3.74,2025-01-12,DOC000033,37,[p.37] 연평균수익률; Cg; 2Y 3.62%; 비교지수 3.74%
CLASS000427,FUND000031,3Y,2.77,2.88,2025-01-12,DOC000033,37,[p.37] 연평균수익률; Cg; 3Y 2.77%; 비교지수 2.88%
CLASS000427,FUND000031,5Y,1.78,2.02,2025-01-12,DOC000033,37,[p.37] 연평균수익률; Cg; 5Y 1.78%; 비교지수 2.02%
CLASS000427,FUND000031,SINCE_INCEPTION,1.25,1.82,2025-01-12,DOC000033,37,[p.37] 연평균수익률; Cg; SINCE_INCEPTION 1.25%; 비교지수 1.82%
CLASS000418,FUND000031,SINCE_INCEPTION,0.03,1.82,2025-01-12,DOC000033,37,[p.37] 연평균수익률; CI; SINCE_INCEPTION 0.03%; 비교지수 1.82%
CLASS000419,FUND000031,1Y,5.04,3.76,2025-01-12,DOC000033,37,[p.37] 연평균수익률; CI2; 1Y 5.04%; 비교지수 3.76%
CLASS000419,FUND000031,2Y,3.7,3.74,2025-01-12,DOC000033,37,[p.37] 연평균수익률; CI2; 2Y 3.7%; 비교지수 3.74%
CLASS000419,FUND000031,3Y,2.85,2.88,2025-01-12,DOC000033,37,[p.37] 연평균수익률; CI2; 3Y 2.85%; 비교지수 2.88%
CLASS000419,FUND000031,5Y,1.86,2.02,2025-01-12,DOC000033,37,[p.37] 연평균수익률; CI2; 5Y 1.86%; 비교지수 2.02%
CLASS000419,FUND000031,SINCE_INCEPTION,1.42,1.82,2025-01-12,DOC000033,37,[p.37] 연평균수익률; CI2; SINCE_INCEPTION 1.42%; 비교지수 1.82%
CLASS000424,FUND000031,1Y,4.96,3.76,2025-01-12,DOC000033,37,[p.37] 연평균수익률; CP; 1Y 4.96%; 비교지수 3.76%
CLASS000424,FUND000031,2Y,3.61,3.74,2025-01-12,DOC000033,37,[p.37] 연평균수익률; CP; 2Y 3.61%; 비교지수 3.74%
CLASS000424,FUND000031,3Y,2.77,2.88,2025-01-12,DOC000033,37,[p.37] 연평균수익률; CP; 3Y 2.77%; 비교지수 2.88%
CLASS000424,FUND000031,5Y,1.78,2.02,2025-01-12,DOC000033,37,[p.37] 연평균수익률; CP; 5Y 1.78%; 비교지수 2.02%
CLASS000424,FUND000031,SINCE_INCEPTION,1.37,1.82,2025-01-12,DOC000033,37,[p.37] 연평균수익률; CP; SINCE_INCEPTION 1.37%; 비교지수 1.82%
CLASS000425,FUND000031,1Y,4.95,3.76,2025-01-12,DOC000033,37,[p.37] 연평균수익률; C-P; 1Y 4.95%; 비교지수 3.76%
CLASS000425,FUND000031,2Y,3.6,3.74,2025-01-12,DOC000033,37,[p.37] 연평균수익률; C-P; 2Y 3.6%; 비교지수 3.74%
CLASS000425,FUND000031,3Y,2.76,2.88,2025-01-12,DOC000033,37,[p.37] 연평균수익률; C-P; 3Y 2.76%; 비교지수 2.88%
CLASS000425,FUND000031,5Y,1.77,2.02,2025-01-12,DOC000033,37,[p.37] 연평균수익률; C-P; 5Y 1.77%; 비교지수 2.02%
CLASS000425,FUND000031,SINCE_INCEPTION,1.37,1.82,2025-01-12,DOC000033,37,[p.37] 연평균수익률; C-P; SINCE_INCEPTION 1.37%; 비교지수 1.82%
CLASS000428,FUND000031,1Y,5.03,3.76,2025-01-12,DOC000033,37,[p.37] 연평균수익률; CPe; 1Y 5.03%; 비교지수 3.76%
CLASS000428,FUND000031,2Y,3.69,3.74,2025-01-12,DOC000033,37,[p.37] 연평균수익률; CPe; 2Y 3.69%; 비교지수 3.74%
CLASS000428,FUND000031,3Y,2.84,2.88,2025-01-12,DOC000033,37,[p.37] 연평균수익률; CPe; 3Y 2.84%; 비교지수 2.88%
CLASS000428,FUND000031,5Y,1.85,2.02,2025-01-12,DOC000033,37,[p.37] 연평균수익률; CPe; 5Y 1.85%; 비교지수 2.02%
CLASS000428,FUND000031,SINCE_INCEPTION,1.32,1.82,2025-01-12,DOC000033,37,[p.37] 연평균수익률; CPe; SINCE_INCEPTION 1.32%; 비교지수 1.82%
CLASS000429,FUND000031,1Y,5.02,3.76,2025-01-12,DOC000033,37,[p.37] 연평균수익률; C-Pe; 1Y 5.02%; 비교지수 3.76%
CLASS000429,FUND000031,2Y,3.68,3.74,2025-01-12,DOC000033,37,[p.37] 연평균수익률; C-Pe; 2Y 3.68%; 비교지수 3.74%
CLASS000429,FUND000031,3Y,2.83,2.88,2025-01-12,DOC000033,37,[p.37] 연평균수익률; C-Pe; 3Y 2.83%; 비교지수 2.88%
CLASS000429,FUND000031,5Y,1.84,2.02,2025-01-12,DOC000033,37,[p.37] 연평균수익률; C-Pe; 5Y 1.84%; 비교지수 2.02%
CLASS000429,FUND000031,SINCE_INCEPTION,1.31,1.82,2025-01-12,DOC000033,37,[p.37] 연평균수익률; C-Pe; SINCE_INCEPTION 1.31%; 비교지수 1.82%
CLASS000423,FUND000031,1Y,5.09,3.76,2025-01-12,DOC000033,37,[p.37] 연평균수익률; CW; 1Y 5.09%; 비교지수 3.76%
CLASS000423,FUND000031,2Y,3.75,3.74,2025-01-12,DOC000033,37,[p.37] 연평균수익률; CW; 2Y 3.75%; 비교지수 3.74%
CLASS000423,FUND000031,3Y,2.9,2.88,2025-01-12,DOC000033,37,[p.37] 연평균수익률; CW; 3Y 2.9%; 비교지수 2.88%
CLASS000423,FUND000031,5Y,1.91,2.02,2025-01-12,DOC000033,37,[p.37] 연평균수익률; CW; 5Y 1.91%; 비교지수 2.02%
CLASS000423,FUND000031,SINCE_INCEPTION,1.49,1.82,2025-01-12,DOC000033,37,[p.37] 연평균수익률; CW; SINCE_INCEPTION 1.49%; 비교지수 1.82%
CLASS000422,FUND000031,SINCE_INCEPTION,-0.41,1.82,2025-01-12,DOC000033,37,[p.37] 연평균수익률; CI3; SINCE_INCEPTION -0.41%; 비교지수 1.82%
,FUND000032,1Y,0.64,-2.7,2025-05-25,DOC000034,43,[p.43] 연평균수익률; 운용(펀드 전체); 1Y 0.64%; 비교지수 -2.7%
,FUND000032,2Y,9.09,1.16,2025-05-25,DOC000034,43,[p.43] 연평균수익률; 운용(펀드 전체); 2Y 9.09%; 비교지수 1.16%
,FUND000032,3Y,6.06,0.2,2025-05-25,DOC000034,43,[p.43] 연평균수익률; 운용(펀드 전체); 3Y 6.06%; 비교지수 0.2%
,FUND000032,5Y,11.69,5.23,2025-05-25,DOC000034,43,[p.43] 연평균수익률; 운용(펀드 전체); 5Y 11.69%; 비교지수 5.23%
,FUND000032,SINCE_INCEPTION,7.25,2.55,2025-05-25,DOC000034,43,[p.43] 연평균수익률; 운용(펀드 전체); SINCE_INCEPTION 7.25%; 비교지수 2.55%
CLASS000430,FUND000032,1Y,-0.53,-2.7,2025-05-25,DOC000034,43,[p.43] 연평균수익률; A; 1Y -0.53%; 비교지수 -2.7%
CLASS000430,FUND000032,2Y,7.83,1.16,2025-05-25,DOC000034,43,[p.43] 연평균수익률; A; 2Y 7.83%; 비교지수 1.16%
CLASS000430,FUND000032,3Y,4.84,0.2,2025-05-25,DOC000034,43,[p.43] 연평균수익률; A; 3Y 4.84%; 비교지수 0.2%
CLASS000430,FUND000032,5Y,10.4,5.23,2025-05-25,DOC000034,43,[p.43] 연평균수익률; A; 5Y 10.4%; 비교지수 5.23%
CLASS000430,FUND000032,SINCE_INCEPTION,7.57,3.09,2025-05-25,DOC000034,43,[p.43] 연평균수익률; A; SINCE_INCEPTION 7.57%; 비교지수 3.09%
CLASS000431,FUND000032,1Y,-0.16,-2.7,2025-05-25,DOC000034,43,[p.43] 연평균수익률; Ae; 1Y -0.16%; 비교지수 -2.7%
CLASS000431,FUND000032,2Y,8.22,1.16,2025-05-25,DOC000034,43,[p.43] 연평균수익률; Ae; 2Y 8.22%; 비교지수 1.16%
CLASS000431,FUND000032,3Y,5.22,0.2,2025-05-25,DOC000034,43,[p.43] 연평균수익률; Ae; 3Y 5.22%; 비교지수 0.2%
CLASS000431,FUND000032,5Y,10.74,5.23,2025-05-25,DOC000034,43,[p.43] 연평균수익률; Ae; 5Y 10.74%; 비교지수 5.23%
CLASS000431,FUND000032,SINCE_INCEPTION,4.18,2.24,2025-05-25,DOC000034,43,[p.43] 연평균수익률; Ae; SINCE_INCEPTION 4.18%; 비교지수 2.24%
CLASS000432,FUND000032,1Y,-0.45,-2.7,2025-05-25,DOC000034,43,[p.43] 연평균수익률; A-G; 1Y -0.45%; 비교지수 -2.7%
CLASS000432,FUND000032,2Y,7.91,1.16,2025-05-25,DOC000034,43,[p.43] 연평균수익률; A-G; 2Y 7.91%; 비교지수 1.16%
CLASS000432,FUND000032,3Y,4.91,0.2,2025-05-25,DOC000034,43,[p.43] 연평균수익률; A-G; 3Y 4.91%; 비교지수 0.2%
CLASS000432,FUND000032,5Y,10.47,5.23,2025-05-25,DOC000034,43,[p.43] 연평균수익률; A-G; 5Y 10.47%; 비교지수 5.23%
CLASS000432,FUND000032,SINCE_INCEPTION,3.38,1.65,2025-05-25,DOC000034,43,[p.43] 연평균수익률; A-G; SINCE_INCEPTION 3.38%; 비교지수 1.65%
CLASS000433,FUND000032,1Y,-0.69,-2.7,2025-05-25,DOC000034,43,[p.43] 연평균수익률; C; 1Y -0.69%; 비교지수 -2.7%
CLASS000433,FUND000032,2Y,7.65,1.16,2025-05-25,DOC000034,43,[p.43] 연평균수익률; C; 2Y 7.65%; 비교지수 1.16%
CLASS000433,FUND000032,3Y,4.66,0.2,2025-05-25,DOC000034,43,[p.43] 연평균수익률; C; 3Y 4.66%; 비교지수 0.2%
CLASS000433,FUND000032,5Y,10.21,5.23,2025-05-25,DOC000034,43,[p.43] 연평균수익률; C; 5Y 10.21%; 비교지수 5.23%
CLASS000433,FUND000032,SINCE_INCEPTION,10.83,6.12,2025-05-25,DOC000034,43,[p.43] 연평균수익률; C; SINCE_INCEPTION 10.83%; 비교지수 6.12%
CLASS000440,FUND000032,1Y,-0.66,-2.7,2025-05-25,DOC000034,43,[p.43] 연평균수익률; C-G; 1Y -0.66%; 비교지수 -2.7%
CLASS000440,FUND000032,2Y,7.68,1.16,2025-05-25,DOC000034,43,[p.43] 연평균수익률; C-G; 2Y 7.68%; 비교지수 1.16%
CLASS000440,FUND000032,3Y,4.69,0.2,2025-05-25,DOC000034,43,[p.43] 연평균수익률; C-G; 3Y 4.69%; 비교지수 0.2%
CLASS000440,FUND000032,5Y,10.25,5.23,2025-05-25,DOC000034,43,[p.43] 연평균수익률; C-G; 5Y 10.25%; 비교지수 5.23%
CLASS000440,FUND000032,SINCE_INCEPTION,2.81,1.5,2025-05-25,DOC000034,43,[p.43] 연평균수익률; C-G; SINCE_INCEPTION 2.81%; 비교지수 1.5%
CLASS000434,FUND000032,1Y,0.17,-2.7,2025-05-25,DOC000034,43,[p.43] 연평균수익률; W; 1Y 0.17%; 비교지수 -2.7%
CLASS000434,FUND000032,2Y,8.58,1.16,2025-05-25,DOC000034,43,[p.43] 연평균수익률; W; 2Y 8.58%; 비교지수 1.16%
CLASS000434,FUND000032,3Y,5.57,0.2,2025-05-25,DOC000034,43,[p.43] 연평균수익률; W; 3Y 5.57%; 비교지수 0.2%
CLASS000434,FUND000032,5Y,11.17,5.23,2025-05-25,DOC000034,43,[p.43] 연평균수익률; W; 5Y 11.17%; 비교지수 5.23%
CLASS000434,FUND000032,SINCE_INCEPTION,8.28,3.09,2025-05-25,DOC000034,43,[p.43] 연평균수익률; W; SINCE_INCEPTION 8.28%; 비교지수 3.09%
CLASS000435,FUND000032,1Y,-0.25,-2.7,2025-05-25,DOC000034,43,[p.43] 연평균수익률; e; 1Y -0.25%; 비교지수 -2.7%
CLASS000435,FUND000032,2Y,8.13,1.16,2025-05-25,DOC000034,43,[p.43] 연평균수익률; e; 2Y 8.13%; 비교지수 1.16%
CLASS000435,FUND000032,3Y,5.13,0.2,2025-05-25,DOC000034,43,[p.43] 연평균수익률; e; 3Y 5.13%; 비교지수 0.2%
CLASS000435,FUND000032,5Y,10.6,5.23,2025-05-25,DOC000034,43,[p.43] 연평균수익률; e; 5Y 10.6%; 비교지수 5.23%
CLASS000435,FUND000032,SINCE_INCEPTION,7.82,4.02,2025-05-25,DOC000034,43,[p.43] 연평균수익률; e; SINCE_INCEPTION 7.82%; 비교지수 4.02%
CLASS000437,FUND000032,1Y,0.15,-2.7,2025-05-25,DOC000034,43,[p.43] 연평균수익률; I; 1Y 0.15%; 비교지수 -2.7%
CLASS000437,FUND000032,2Y,8.56,1.16,2025-05-25,DOC000034,43,[p.43] 연평균수익률; I; 2Y 8.56%; 비교지수 1.16%
CLASS000437,FUND000032,3Y,5.55,0.2,2025-05-25,DOC000034,43,[p.43] 연평균수익률; I; 3Y 5.55%; 비교지수 0.2%
CLASS000437,FUND000032,5Y,11.15,5.23,2025-05-25,DOC000034,43,[p.43] 연평균수익률; I; 5Y 11.15%; 비교지수 5.23%
CLASS000437,FUND000032,SINCE_INCEPTION,7.83,2.71,2025-05-25,DOC000034,43,[p.43] 연평균수익률; I; SINCE_INCEPTION 7.83%; 비교지수 2.71%
CLASS000436,FUND000032,1Y,-0.29,-2.7,2025-05-25,DOC000034,44,[p.44] 연평균수익률; Cy; 1Y -0.29%; 비교지수 -2.7%
CLASS000436,FUND000032,2Y,8.08,1.16,2025-05-25,DOC000034,44,[p.44] 연평균수익률; Cy; 2Y 8.08%; 비교지수 1.16%
CLASS000436,FUND000032,3Y,5.08,0.2,2025-05-25,DOC000034,44,[p.44] 연평균수익률; Cy; 3Y 5.08%; 비교지수 0.2%
CLASS000436,FUND000032,5Y,10.66,5.23,2025-05-25,DOC000034,44,[p.44] 연평균수익률; Cy; 5Y 10.66%; 비교지수 5.23%
CLASS000436,FUND000032,SINCE_INCEPTION,5.27,2.23,2025-05-25,DOC000034,44,[p.44] 연평균수익률; Cy; SINCE_INCEPTION 5.27%; 비교지수 2.23%
CLASS000438,FUND000032,1Y,-0.68,-2.7,2025-05-25,DOC000034,44,[p.44] 연평균수익률; C-P; 1Y -0.68%; 비교지수 -2.7%
CLASS000438,FUND000032,2Y,7.66,1.16,2025-05-25,DOC000034,44,[p.44] 연평균수익률; C-P; 2Y 7.66%; 비교지수 1.16%
CLASS000438,FUND000032,3Y,4.67,0.2,2025-05-25,DOC000034,44,[p.44] 연평균수익률; C-P; 3Y 4.67%; 비교지수 0.2%
CLASS000438,FUND000032,5Y,10.22,5.23,2025-05-25,DOC000034,44,[p.44] 연평균수익률; C-P; 5Y 10.22%; 비교지수 5.23%
CLASS000438,FUND000032,SINCE_INCEPTION,5.31,2.32,2025-05-25,DOC000034,44,[p.44] 연평균수익률; C-P; SINCE_INCEPTION 5.31%; 비교지수 2.32%
CLASS000439,FUND000032,1Y,-0.24,-2.7,2025-05-25,DOC000034,44,[p.44] 연평균수익률; C-Pe; 1Y -0.24%; 비교지수 -2.7%
CLASS000439,FUND000032,2Y,8.14,1.16,2025-05-25,DOC000034,44,[p.44] 연평균수익률; C-Pe; 2Y 8.14%; 비교지수 1.16%
CLASS000439,FUND000032,3Y,5.13,0.2,2025-05-25,DOC000034,44,[p.44] 연평균수익률; C-Pe; 3Y 5.13%; 비교지수 0.2%
CLASS000439,FUND000032,5Y,10.71,5.23,2025-05-25,DOC000034,44,[p.44] 연평균수익률; C-Pe; 5Y 10.71%; 비교지수 5.23%
CLASS000439,FUND000032,SINCE_INCEPTION,4.73,2.85,2025-05-25,DOC000034,44,[p.44] 연평균수익률; C-Pe; SINCE_INCEPTION 4.73%; 비교지수 2.85%
CLASS000441,FUND000032,1Y,-0.59,-2.7,2025-05-25,DOC000034,44,[p.44] 연평균수익률; C-P2; 1Y -0.59%; 비교지수 -2.7%
CLASS000441,FUND000032,2Y,7.77,1.16,2025-05-25,DOC000034,44,[p.44] 연평균수익률; C-P2; 2Y 7.77%; 비교지수 1.16%
CLASS000441,FUND000032,3Y,4.77,0.2,2025-05-25,DOC000034,44,[p.44] 연평균수익률; C-P2; 3Y 4.77%; 비교지수 0.2%
CLASS000441,FUND000032,5Y,10.33,5.23,2025-05-25,DOC000034,44,[p.44] 연평균수익률; C-P2; 5Y 10.33%; 비교지수 5.23%
CLASS000441,FUND000032,SINCE_INCEPTION,6.67,3.89,2025-05-25,DOC000034,44,[p.44] 연평균수익률; C-P2; SINCE_INCEPTION 6.67%; 비교지수 3.89%
CLASS000442,FUND000032,1Y,-0.19,-2.7,2025-05-25,DOC000034,44,[p.44] 연평균수익률; C-P2e; 1Y -0.19%; 비교지수 -2.7%
CLASS000442,FUND000032,2Y,8.19,1.16,2025-05-25,DOC000034,44,[p.44] 연평균수익률; C-P2e; 2Y 8.19%; 비교지수 1.16%
CLASS000442,FUND000032,3Y,5.19,0.2,2025-05-25,DOC000034,44,[p.44] 연평균수익률; C-P2e; 3Y 5.19%; 비교지수 0.2%
CLASS000442,FUND000032,5Y,10.76,5.23,2025-05-25,DOC000034,44,[p.44] 연평균수익률; C-P2e; 5Y 10.76%; 비교지수 5.23%
CLASS000442,FUND000032,SINCE_INCEPTION,8.21,5.15,2025-05-25,DOC000034,44,[p.44] 연평균수익률; C-P2e; SINCE_INCEPTION 8.21%; 비교지수 5.15%
CLASS000443,FUND000032,1Y,-0.12,-2.7,2025-05-25,DOC000034,44,[p.44] 연평균수익률; S; 1Y -0.12%; 비교지수 -2.7%
CLASS000443,FUND000032,2Y,8.27,1.16,2025-05-25,DOC000034,44,[p.44] 연평균수익률; S; 2Y 8.27%; 비교지수 1.16%
CLASS000443,FUND000032,SINCE_INCEPTION,10.13,4.49,2025-05-25,DOC000034,44,[p.44] 연평균수익률; S; SINCE_INCEPTION 10.13%; 비교지수 4.49%
CLASS000444,FUND000032,1Y,-0.06,-2.7,2025-05-25,DOC000034,44,[p.44] 연평균수익률; S-P; 1Y -0.06%; 비교지수 -2.7%
CLASS000444,FUND000032,2Y,8.33,1.16,2025-05-25,DOC000034,44,[p.44] 연평균수익률; S-P; 2Y 8.33%; 비교지수 1.16%
CLASS000444,FUND000032,SINCE_INCEPTION,10.14,4.49,2025-05-25,DOC000034,44,[p.44] 연평균수익률; S-P; SINCE_INCEPTION 10.14%; 비교지수 4.49%
CLASS000445,FUND000032,1Y,-0.05,-2.7,2025-05-25,DOC000034,44,[p.44] 연평균수익률; S-P2; 1Y -0.05%; 비교지수 -2.7%
CLASS000445,FUND000032,2Y,8.34,1.16,2025-05-25,DOC000034,44,[p.44] 연평균수익률; S-P2; 2Y 8.34%; 비교지수 1.16%
CLASS000445,FUND000032,SINCE_INCEPTION,10.08,4.57,2025-05-25,DOC000034,44,[p.44] 연평균수익률; S-P2; SINCE_INCEPTION 10.08%; 비교지수 4.57%
,FUND000033,1Y,-6.44,-4.67,2025-04-24,DOC000035,40,[p.40] 연평균수익률; 운용(펀드 전체); 1Y -6.44%; 비교지수 -4.67%
,FUND000033,2Y,3.02,0.49,2025-04-24,DOC000035,40,[p.40] 연평균수익률; 운용(펀드 전체); 2Y 3.02%; 비교지수 0.49%
,FUND000033,3Y,-0.22,-1.59,2025-04-24,DOC000035,40,[p.40] 연평균수익률; 운용(펀드 전체); 3Y -0.22%; 비교지수 -1.59%
,FUND000033,5Y,9.12,5.75,2025-04-24,DOC000035,40,[p.40] 연평균수익률; 운용(펀드 전체); 5Y 9.12%; 비교지수 5.75%
,FUND000033,SINCE_INCEPTION,6.36,3.03,2025-04-24,DOC000035,40,[p.40] 연평균수익률; 운용(펀드 전체); SINCE_INCEPTION 6.36%; 비교지수 3.03%
CLASS000449,FUND000033,1Y,-7.84,-4.67,2025-04-24,DOC000035,41,[p.41] 연평균수익률; C; 1Y -7.84%; 비교지수 -4.67%
CLASS000449,FUND000033,2Y,1.48,0.49,2025-04-24,DOC000035,41,[p.41] 연평균수익률; C; 2Y 1.48%; 비교지수 0.49%
CLASS000449,FUND000033,3Y,-1.71,-1.59,2025-04-24,DOC000035,41,[p.41] 연평균수익률; C; 3Y -1.71%; 비교지수 -1.59%
CLASS000449,FUND000033,5Y,7.51,5.75,2025-04-24,DOC000035,41,[p.41] 연평균수익률; C; 5Y 7.51%; 비교지수 5.75%
CLASS000449,FUND000033,SINCE_INCEPTION,8.85,4.53,2025-04-24,DOC000035,41,[p.41] 연평균수익률; C; SINCE_INCEPTION 8.85%; 비교지수 4.53%
CLASS000452,FUND000033,1Y,-6.91,-4.67,2025-04-24,DOC000035,41,[p.41] 연평균수익률; W; 1Y -6.91%; 비교지수 -4.67%
CLASS000452,FUND000033,2Y,2.51,0.49,2025-04-24,DOC000035,41,[p.41] 연평균수익률; W; 2Y 2.51%; 비교지수 0.49%
CLASS000452,FUND000033,3Y,-0.71,-1.59,2025-04-24,DOC000035,41,[p.41] 연평균수익률; W; 3Y -0.71%; 비교지수 -1.59%
CLASS000452,FUND000033,5Y,8.58,5.75,2025-04-24,DOC000035,41,[p.41] 연평균수익률; W; 5Y 8.58%; 비교지수 5.75%
CLASS000452,FUND000033,SINCE_INCEPTION,7.11,3.65,2025-04-24,DOC000035,41,[p.41] 연평균수익률; W; SINCE_INCEPTION 7.11%; 비교지수 3.65%
CLASS000450,FUND000033,1Y,-7.37,-4.67,2025-04-24,DOC000035,41,[p.41] 연평균수익률; e; 1Y -7.37%; 비교지수 -4.67%
CLASS000450,FUND000033,2Y,1.99,0.49,2025-04-24,DOC000035,41,[p.41] 연평균수익률; e; 2Y 1.99%; 비교지수 0.49%
CLASS000450,FUND000033,3Y,-1.21,-1.59,2025-04-24,DOC000035,41,[p.41] 연평균수익률; e; 3Y -1.21%; 비교지수 -1.59%
CLASS000450,FUND000033,5Y,7.91,5.75,2025-04-24,DOC000035,41,[p.41] 연평균수익률; e; 5Y 7.91%; 비교지수 5.75%
CLASS000450,FUND000033,SINCE_INCEPTION,4.5,2.55,2025-04-24,DOC000035,41,[p.41] 연평균수익률; e; SINCE_INCEPTION 4.5%; 비교지수 2.55%
CLASS000453,FUND000033,1Y,-6.93,-4.67,2025-04-24,DOC000035,41,[p.41] 연평균수익률; I; 1Y -6.93%; 비교지수 -4.67%
CLASS000453,FUND000033,2Y,1.85,-0.37,2025-04-24,DOC000035,41,[p.41] 연평균수익률; I; 2Y 1.85%; 비교지수 -0.37%
CLASS000453,FUND000033,3Y,1.23,-0.25,2025-04-24,DOC000035,41,[p.41] 연평균수익률; I; 3Y 1.23%; 비교지수 -0.25%
CLASS000453,FUND000033,5Y,10.96,9,2025-04-24,DOC000035,41,[p.41] 연평균수익률; I; 5Y 10.96%; 비교지수 9%
CLASS000453,FUND000033,SINCE_INCEPTION,5.36,2.61,2025-04-24,DOC000035,41,[p.41] 연평균수익률; I; SINCE_INCEPTION 5.36%; 비교지수 2.61%
CLASS000454,FUND000033,1Y,-7.79,-4.67,2025-04-24,DOC000035,41,[p.41] 연평균수익률; C-P; 1Y -7.79%; 비교지수 -4.67%
CLASS000454,FUND000033,2Y,1.53,0.49,2025-04-24,DOC000035,41,[p.41] 연평균수익률; C-P; 2Y 1.53%; 비교지수 0.49%
CLASS000454,FUND000033,3Y,-1.66,-1.59,2025-04-24,DOC000035,41,[p.41] 연평균수익률; C-P; 3Y -1.66%; 비교지수 -1.59%
CLASS000454,FUND000033,5Y,7.57,5.75,2025-04-24,DOC000035,41,[p.41] 연평균수익률; C-P; 5Y 7.57%; 비교지수 5.75%
CLASS000454,FUND000033,SINCE_INCEPTION,3.97,3.52,2025-04-24,DOC000035,41,[p.41] 연평균수익률; C-P; SINCE_INCEPTION 3.97%; 비교지수 3.52%
CLASS000456,FUND000033,1Y,-7.7,-4.67,2025-04-24,DOC000035,42,[p.42] 연평균수익률; C-P2; 1Y -7.7%; 비교지수 -4.67%
CLASS000456,FUND000033,2Y,1.64,0.49,2025-04-24,DOC000035,42,[p.42] 연평균수익률; C-P2; 2Y 1.64%; 비교지수 0.49%
CLASS000456,FUND000033,3Y,-1.56,-1.59,2025-04-24,DOC000035,42,[p.42] 연평균수익률; C-P2; 3Y -1.56%; 비교지수 -1.59%
CLASS000456,FUND000033,5Y,7.67,5.75,2025-04-24,DOC000035,42,[p.42] 연평균수익률; C-P2; 5Y 7.67%; 비교지수 5.75%
CLASS000456,FUND000033,SINCE_INCEPTION,2.73,2.42,2025-04-24,DOC000035,42,[p.42] 연평균수익률; C-P2; SINCE_INCEPTION 2.73%; 비교지수 2.42%
CLASS000455,FUND000033,1Y,-7.35,-4.67,2025-04-24,DOC000035,42,[p.42] 연평균수익률; C-Pe; 1Y -7.35%; 비교지수 -4.67%
CLASS000455,FUND000033,2Y,2.02,0.49,2025-04-24,DOC000035,42,[p.42] 연평균수익률; C-Pe; 2Y 2.02%; 비교지수 0.49%
CLASS000455,FUND000033,3Y,-1.18,-1.59,2025-04-24,DOC000035,42,[p.42] 연평균수익률; C-Pe; 3Y -1.18%; 비교지수 -1.59%
CLASS000455,FUND000033,5Y,8.07,5.75,2025-04-24,DOC000035,42,[p.42] 연평균수익률; C-Pe; 5Y 8.07%; 비교지수 5.75%
CLASS000455,FUND000033,SINCE_INCEPTION,3.32,2.92,2025-04-24,DOC000035,42,[p.42] 연평균수익률; C-Pe; SINCE_INCEPTION 3.32%; 비교지수 2.92%
CLASS000457,FUND000033,1Y,-7.3,-4.67,2025-04-24,DOC000035,42,[p.42] 연평균수익률; C-P2e; 1Y -7.3%; 비교지수 -4.67%
CLASS000457,FUND000033,2Y,2.07,0.49,2025-04-24,DOC000035,42,[p.42] 연평균수익률; C-P2e; 2Y 2.07%; 비교지수 0.49%
CLASS000457,FUND000033,3Y,-1.14,-1.59,2025-04-24,DOC000035,42,[p.42] 연평균수익률; C-P2e; 3Y -1.14%; 비교지수 -1.59%
CLASS000457,FUND000033,5Y,8.13,5.75,2025-04-24,DOC000035,42,[p.42] 연평균수익률; C-P2e; 5Y 8.13%; 비교지수 5.75%
CLASS000457,FUND000033,SINCE_INCEPTION,1.11,0.75,2025-04-24,DOC000035,42,[p.42] 연평균수익률; C-P2e; SINCE_INCEPTION 1.11%; 비교지수 0.75%
CLASS000451,FUND000033,1Y,-7.82,-4.67,2025-04-24,DOC000035,42,[p.42] 연평균수익률; C-G; 1Y -7.82%; 비교지수 -4.67%
CLASS000451,FUND000033,2Y,1.5,0.49,2025-04-24,DOC000035,42,[p.42] 연평균수익률; C-G; 2Y 1.5%; 비교지수 0.49%
CLASS000451,FUND000033,3Y,-1.69,-1.59,2025-04-24,DOC000035,42,[p.42] 연평균수익률; C-G; 3Y -1.69%; 비교지수 -1.59%
CLASS000451,FUND000033,5Y,7.52,5.75,2025-04-24,DOC000035,42,[p.42] 연평균수익률; C-G; 5Y 7.52%; 비교지수 5.75%
CLASS000451,FUND000033,SINCE_INCEPTION,1.07,0.72,2025-04-24,DOC000035,42,[p.42] 연평균수익률; C-G; SINCE_INCEPTION 1.07%; 비교지수 0.72%
CLASS000446,FUND000033,1Y,-7.56,-4.67,2025-04-24,DOC000035,42,[p.42] 연평균수익률; A; 1Y -7.56%; 비교지수 -4.67%
CLASS000446,FUND000033,2Y,1.79,0.49,2025-04-24,DOC000035,42,[p.42] 연평균수익률; A; 2Y 1.79%; 비교지수 0.49%
CLASS000446,FUND000033,3Y,-1.41,-1.59,2025-04-24,DOC000035,42,[p.42] 연평균수익률; A; 3Y -1.41%; 비교지수 -1.59%
CLASS000446,FUND000033,5Y,7.84,5.75,2025-04-24,DOC000035,42,[p.42] 연평균수익률; A; 5Y 7.84%; 비교지수 5.75%
CLASS000446,FUND000033,SINCE_INCEPTION,9.79,5.03,2025-04-24,DOC000035,42,[p.42] 연평균수익률; A; SINCE_INCEPTION 9.79%; 비교지수 5.03%
CLASS000447,FUND000033,1Y,-7.23,-4.67,2025-04-24,DOC000035,42,[p.42] 연평균수익률; Ae; 1Y -7.23%; 비교지수 -4.67%
CLASS000447,FUND000033,2Y,2.15,0.49,2025-04-24,DOC000035,42,[p.42] 연평균수익률; Ae; 2Y 2.15%; 비교지수 0.49%
CLASS000447,FUND000033,3Y,-1.06,-1.59,2025-04-24,DOC000035,42,[p.42] 연평균수익률; Ae; 3Y -1.06%; 비교지수 -1.59%
CLASS000447,FUND000033,5Y,8.21,5.75,2025-04-24,DOC000035,42,[p.42] 연평균수익률; Ae; 5Y 8.21%; 비교지수 5.75%
CLASS000447,FUND000033,SINCE_INCEPTION,8.72,4.32,2025-04-24,DOC000035,42,[p.42] 연평균수익률; Ae; SINCE_INCEPTION 8.72%; 비교지수 4.32%
CLASS000458,FUND000033,1Y,-7.19,-4.67,2025-04-24,DOC000035,42,[p.42] 연평균수익률; S; 1Y -7.19%; 비교지수 -4.67%
CLASS000458,FUND000033,2Y,2.22,0.49,2025-04-24,DOC000035,42,[p.42] 연평균수익률; S; 2Y 2.22%; 비교지수 0.49%
CLASS000458,FUND000033,SINCE_INCEPTION,3.86,3.55,2025-04-24,DOC000035,42,[p.42] 연평균수익률; S; SINCE_INCEPTION 3.86%; 비교지수 3.55%
CLASS000459,FUND000033,1Y,-7.15,-4.67,2025-04-24,DOC000035,42,[p.42] 연평균수익률; S-P; 1Y -7.15%; 비교지수 -4.67%
CLASS000459,FUND000033,2Y,2.24,0.49,2025-04-24,DOC000035,42,[p.42] 연평균수익률; S-P; 2Y 2.24%; 비교지수 0.49%
CLASS000459,FUND000033,SINCE_INCEPTION,3.88,3.55,2025-04-24,DOC000035,42,[p.42] 연평균수익률; S-P; SINCE_INCEPTION 3.88%; 비교지수 3.55%
CLASS000460,FUND000033,1Y,-7.12,-4.67,2025-04-24,DOC000035,42,[p.42] 연평균수익률; S-P2; 1Y -7.12%; 비교지수 -4.67%
CLASS000460,FUND000033,2Y,2.27,0.49,2025-04-24,DOC000035,42,[p.42] 연평균수익률; S-P2; 2Y 2.27%; 비교지수 0.49%
CLASS000460,FUND000033,SINCE_INCEPTION,3.83,3.63,2025-04-24,DOC000035,42,[p.42] 연평균수익률; S-P2; SINCE_INCEPTION 3.83%; 비교지수 3.63%
,FUND000034,1Y,4.26,3.48,2025-04-16,DOC000036,49,[p.49] 연평균수익률; 펀드; 1Y 4.26%; 비교지수 3.48%
,FUND000034,2Y,4.44,3.62,2025-04-16,DOC000036,49,[p.49] 연평균수익률; 펀드; 2Y 4.44%; 비교지수 3.62%
,FUND000034,3Y,4.23,3.38,2025-04-16,DOC000036,49,[p.49] 연평균수익률; 펀드; 3Y 4.23%; 비교지수 3.38%
,FUND000034,5Y,2.99,2.37,2025-04-16,DOC000036,49,[p.49] 연평균수익률; 펀드; 5Y 2.99%; 비교지수 2.37%
,FUND000034,SINCE_INCEPTION,3.03,2.12,2025-04-16,DOC000036,49,[p.49] 연평균수익률; 펀드; SINCE_INCEPTION 3.03%; 비교지수 2.12%
CLASS000461,FUND000034,1Y,4.21,3.48,2025-04-16,DOC000036,49,[p.49] 연평균수익률; A; 1Y 4.21%; 비교지수 3.48%
CLASS000461,FUND000034,2Y,4.39,3.62,2025-04-16,DOC000036,49,[p.49] 연평균수익률; A; 2Y 4.39%; 비교지수 3.62%
CLASS000461,FUND000034,3Y,4.17,3.38,2025-04-16,DOC000036,49,[p.49] 연평균수익률; A; 3Y 4.17%; 비교지수 3.38%
CLASS000461,FUND000034,5Y,2.94,2.37,2025-04-16,DOC000036,49,[p.49] 연평균수익률; A; 5Y 2.94%; 비교지수 2.37%
CLASS000461,FUND000034,SINCE_INCEPTION,2.42,2.02,2025-04-16,DOC000036,49,[p.49] 연평균수익률; A; SINCE_INCEPTION 2.42%; 비교지수 2.02%
CLASS000464,FUND000034,1Y,4.2,3.48,2025-04-16,DOC000036,49,[p.49] 연평균수익률; C; 1Y 4.2%; 비교지수 3.48%
CLASS000464,FUND000034,2Y,4.37,3.62,2025-04-16,DOC000036,49,[p.49] 연평균수익률; C; 2Y 4.37%; 비교지수 3.62%
CLASS000464,FUND000034,3Y,4.16,3.38,2025-04-16,DOC000036,49,[p.49] 연평균수익률; C; 3Y 4.16%; 비교지수 3.38%
CLASS000464,FUND000034,5Y,2.93,2.37,2025-04-16,DOC000036,49,[p.49] 연평균수익률; C; 5Y 2.93%; 비교지수 2.37%
CLASS000464,FUND000034,SINCE_INCEPTION,3.01,2.12,2025-04-16,DOC000036,49,[p.49] 연평균수익률; C; SINCE_INCEPTION 3.01%; 비교지수 2.12%
CLASS000469,FUND000034,1Y,4.31,3.48,2025-04-16,DOC000036,49,[p.49] 연평균수익률; W; 1Y 4.31%; 비교지수 3.48%
CLASS000469,FUND000034,2Y,4.49,3.62,2025-04-16,DOC000036,49,[p.49] 연평균수익률; W; 2Y 4.49%; 비교지수 3.62%
CLASS000469,FUND000034,3Y,4.28,3.38,2025-04-16,DOC000036,49,[p.49] 연평균수익률; W; 3Y 4.28%; 비교지수 3.38%
CLASS000469,FUND000034,5Y,3.05,2.37,2025-04-16,DOC000036,49,[p.49] 연평균수익률; W; 5Y 3.05%; 비교지수 2.37%
CLASS000469,FUND000034,SINCE_INCEPTION,2.51,2.01,2025-04-16,DOC000036,49,[p.49] 연평균수익률; W; SINCE_INCEPTION 2.51%; 비교지수 2.01%
CLASS000466,FUND000034,1Y,4.29,3.48,2025-04-16,DOC000036,49,[p.49] 연평균수익률; C-F; 1Y 4.29%; 비교지수 3.48%
CLASS000466,FUND000034,2Y,4.47,3.62,2025-04-16,DOC000036,49,[p.49] 연평균수익률; C-F; 2Y 4.47%; 비교지수 3.62%
CLASS000466,FUND000034,3Y,4.26,3.38,2025-04-16,DOC000036,49,[p.49] 연평균수익률; C-F; 3Y 4.26%; 비교지수 3.38%
CLASS000466,FUND000034,5Y,3.03,2.37,2025-04-16,DOC000036,49,[p.49] 연평균수익률; C-F; 5Y 3.03%; 비교지수 2.37%
CLASS000466,FUND000034,SINCE_INCEPTION,2.54,2.04,2025-04-16,DOC000036,49,[p.49] 연평균수익률; C-F; SINCE_INCEPTION 2.54%; 비교지수 2.04%
CLASS000462,FUND000034,1Y,4.3,3.48,2025-04-16,DOC000036,50,[p.50] 연평균수익률; A2; 1Y 4.3%; 비교지수 3.48%
CLASS000462,FUND000034,2Y,4.48,3.62,2025-04-16,DOC000036,50,[p.50] 연평균수익률; A2; 2Y 4.48%; 비교지수 3.62%
CLASS000462,FUND000034,3Y,4.27,3.38,2025-04-16,DOC000036,50,[p.50] 연평균수익률; A2; 3Y 4.27%; 비교지수 3.38%
CLASS000462,FUND000034,5Y,3.04,2.37,2025-04-16,DOC000036,50,[p.50] 연평균수익률; A2; 5Y 3.04%; 비교지수 2.37%
CLASS000462,FUND000034,SINCE_INCEPTION,2.58,2.07,2025-04-16,DOC000036,50,[p.50] 연평균수익률; A2; SINCE_INCEPTION 2.58%; 비교지수 2.07%
CLASS000463,FUND000034,1Y,4.26,3.48,2025-04-16,DOC000036,50,[p.50] 연평균수익률; A-E; 1Y 4.26%; 비교지수 3.48%
CLASS000463,FUND000034,2Y,4.44,3.62,2025-04-16,DOC000036,50,[p.50] 연평균수익률; A-E; 2Y 4.44%; 비교지수 3.62%
CLASS000463,FUND000034,3Y,4.23,3.38,2025-04-16,DOC000036,50,[p.50] 연평균수익률; A-E; 3Y 4.23%; 비교지수 3.38%
CLASS000463,FUND000034,5Y,3,2.37,2025-04-16,DOC000036,50,[p.50] 연평균수익률; A-E; 5Y 3%; 비교지수 2.37%
CLASS000463,FUND000034,SINCE_INCEPTION,2.54,2.07,2025-04-16,DOC000036,50,[p.50] 연평균수익률; A-E; SINCE_INCEPTION 2.54%; 비교지수 2.07%
CLASS000465,FUND000034,1Y,4.26,3.48,2025-04-16,DOC000036,50,[p.50] 연평균수익률; C-E; 1Y 4.26%; 비교지수 3.48%
CLASS000465,FUND000034,2Y,4.43,3.62,2025-04-16,DOC000036,50,[p.50] 연평균수익률; C-E; 2Y 4.43%; 비교지수 3.62%
CLASS000465,FUND000034,3Y,4.22,3.38,2025-04-16,DOC000036,50,[p.50] 연평균수익률; C-E; 3Y 4.22%; 비교지수 3.38%
CLASS000465,FUND000034,5Y,2.99,2.37,2025-04-16,DOC000036,50,[p.50] 연평균수익률; C-E; 5Y 2.99%; 비교지수 2.37%
CLASS000465,FUND000034,SINCE_INCEPTION,2.54,2.07,2025-04-16,DOC000036,50,[p.50] 연평균수익률; C-E; SINCE_INCEPTION 2.54%; 비교지수 2.07%
CLASS000467,FUND000034,1Y,4.21,3.48,2025-04-16,DOC000036,50,[p.50] 연평균수익률; C-P; 1Y 4.21%; 비교지수 3.48%
CLASS000467,FUND000034,2Y,4.39,3.62,2025-04-16,DOC000036,50,[p.50] 연평균수익률; C-P; 2Y 4.39%; 비교지수 3.62%
CLASS000467,FUND000034,3Y,4.17,3.38,2025-04-16,DOC000036,50,[p.50] 연평균수익률; C-P; 3Y 4.17%; 비교지수 3.38%
CLASS000467,FUND000034,5Y,2.94,2.37,2025-04-16,DOC000036,50,[p.50] 연평균수익률; C-P; 5Y 2.94%; 비교지수 2.37%
CLASS000467,FUND000034,SINCE_INCEPTION,2.49,2.07,2025-04-16,DOC000036,50,[p.50] 연평균수익률; C-P; SINCE_INCEPTION 2.49%; 비교지수 2.07%
CLASS000468,FUND000034,1Y,4.21,3.48,2025-04-16,DOC000036,50,[p.50] 연평균수익률; C-P2; 1Y 4.21%; 비교지수 3.48%
CLASS000468,FUND000034,2Y,4.39,3.62,2025-04-16,DOC000036,50,[p.50] 연평균수익률; C-P2; 2Y 4.39%; 비교지수 3.62%
CLASS000468,FUND000034,3Y,4.18,3.38,2025-04-16,DOC000036,50,[p.50] 연평균수익률; C-P2; 3Y 4.18%; 비교지수 3.38%
CLASS000468,FUND000034,5Y,2.94,2.37,2025-04-16,DOC000036,50,[p.50] 연평균수익률; C-P2; 5Y 2.94%; 비교지수 2.37%
CLASS000468,FUND000034,SINCE_INCEPTION,2.49,2.07,2025-04-16,DOC000036,50,[p.50] 연평균수익률; C-P2; SINCE_INCEPTION 2.49%; 비교지수 2.07%
CLASS000470,FUND000034,1Y,4.25,3.48,2025-04-16,DOC000036,50,[p.50] 연평균수익률; C-PE; 1Y 4.25%; 비교지수 3.48%
CLASS000470,FUND000034,2Y,4.43,3.62,2025-04-16,DOC000036,50,[p.50] 연평균수익률; C-PE; 2Y 4.43%; 비교지수 3.62%
CLASS000470,FUND000034,3Y,4.22,3.38,2025-04-16,DOC000036,50,[p.50] 연평균수익률; C-PE; 3Y 4.22%; 비교지수 3.38%
CLASS000470,FUND000034,5Y,2.99,2.37,2025-04-16,DOC000036,50,[p.50] 연평균수익률; C-PE; 5Y 2.99%; 비교지수 2.37%
CLASS000470,FUND000034,SINCE_INCEPTION,2.61,2.12,2025-04-16,DOC000036,50,[p.50] 연평균수익률; C-PE; SINCE_INCEPTION 2.61%; 비교지수 2.12%
CLASS000471,FUND000034,1Y,4.26,3.48,2025-04-16,DOC000036,50,[p.50] 연평균수익률; C-P2E; 1Y 4.26%; 비교지수 3.48%
CLASS000471,FUND000034,2Y,4.44,3.62,2025-04-16,DOC000036,50,[p.50] 연평균수익률; C-P2E; 2Y 4.44%; 비교지수 3.62%
CLASS000471,FUND000034,3Y,4.23,3.38,2025-04-16,DOC000036,50,[p.50] 연평균수익률; C-P2E; 3Y 4.23%; 비교지수 3.38%
CLASS000471,FUND000034,5Y,3,2.37,2025-04-16,DOC000036,50,[p.50] 연평균수익률; C-P2E; 5Y 3%; 비교지수 2.37%
CLASS000471,FUND000034,SINCE_INCEPTION,2.8,2.26,2025-04-16,DOC000036,50,[p.50] 연평균수익률; C-P2E; SINCE_INCEPTION 2.8%; 비교지수 2.26%
,FUND000035,1Y,-25.69,,2025-05-02,DOC000037,56,[p.56] 연평균수익률; 펀드; 1Y -25.69%; 비교지수 표에 미기재
,FUND000035,2Y,-8.08,,2025-05-02,DOC000037,56,[p.56] 연평균수익률; 펀드; 2Y -8.08%; 비교지수 표에 미기재
,FUND000035,3Y,-7.35,,2025-05-02,DOC000037,56,[p.56] 연평균수익률; 펀드; 3Y -7.35%; 비교지수 표에 미기재
,FUND000035,5Y,4.74,,2025-05-02,DOC000037,56,[p.56] 연평균수익률; 펀드; 5Y 4.74%; 비교지수 표에 미기재
,FUND000035,SINCE_INCEPTION,4.71,,2025-05-02,DOC000037,56,[p.56] 연평균수익률; 펀드; SINCE_INCEPTION 4.71%; 비교지수 표에 미기재
CLASS000475,FUND000035,1Y,-25.77,,2025-05-02,DOC000037,56,[p.56] 연평균수익률; A; 1Y -25.77%; 비교지수 표에 미기재
CLASS000475,FUND000035,2Y,-8.17,,2025-05-02,DOC000037,56,[p.56] 연평균수익률; A; 2Y -8.17%; 비교지수 표에 미기재
CLASS000475,FUND000035,3Y,-7.41,,2025-05-02,DOC000037,56,[p.56] 연평균수익률; A; 3Y -7.41%; 비교지수 표에 미기재
CLASS000475,FUND000035,5Y,4.73,,2025-05-02,DOC000037,56,[p.56] 연평균수익률; A; 5Y 4.73%; 비교지수 표에 미기재
CLASS000475,FUND000035,SINCE_INCEPTION,4.93,,2025-05-02,DOC000037,56,[p.56] 연평균수익률; A; SINCE_INCEPTION 4.93%; 비교지수 표에 미기재
CLASS000478,FUND000035,1Y,-26.35,,2025-05-02,DOC000037,56,[p.56] 연평균수익률; C1; 1Y -26.35%; 비교지수 표에 미기재
CLASS000478,FUND000035,2Y,-8.88,,2025-05-02,DOC000037,56,[p.56] 연평균수익률; C1; 2Y -8.88%; 비교지수 표에 미기재
CLASS000478,FUND000035,3Y,-8.12,,2025-05-02,DOC000037,56,[p.56] 연평균수익률; C1; 3Y -8.12%; 비교지수 표에 미기재
CLASS000478,FUND000035,5Y,3.93,,2025-05-02,DOC000037,56,[p.56] 연평균수익률; C1; 5Y 3.93%; 비교지수 표에 미기재
CLASS000478,FUND000035,SINCE_INCEPTION,4.09,,2025-05-02,DOC000037,56,[p.56] 연평균수익률; C1; SINCE_INCEPTION 4.09%; 비교지수 표에 미기재
CLASS000479,FUND000035,1Y,-26.26,,2025-05-02,DOC000037,56,[p.56] 연평균수익률; C2; 1Y -26.26%; 비교지수 표에 미기재
CLASS000479,FUND000035,2Y,-8.77,,2025-05-02,DOC000037,56,[p.56] 연평균수익률; C2; 2Y -8.77%; 비교지수 표에 미기재
CLASS000479,FUND000035,3Y,-8,,2025-05-02,DOC000037,56,[p.56] 연평균수익률; C2; 3Y -8%; 비교지수 표에 미기재
CLASS000479,FUND000035,5Y,4.06,,2025-05-02,DOC000037,56,[p.56] 연평균수익률; C2; 5Y 4.06%; 비교지수 표에 미기재
CLASS000479,FUND000035,SINCE_INCEPTION,2.79,,2025-05-02,DOC000037,56,[p.56] 연평균수익률; C2; SINCE_INCEPTION 2.79%; 비교지수 표에 미기재
CLASS000480,FUND000035,1Y,-26.17,,2025-05-02,DOC000037,56,[p.56] 연평균수익률; C3; 1Y -26.17%; 비교지수 표에 미기재
CLASS000480,FUND000035,2Y,-8.65,,2025-05-02,DOC000037,56,[p.56] 연평균수익률; C3; 2Y -8.65%; 비교지수 표에 미기재
CLASS000480,FUND000035,3Y,-7.89,,2025-05-02,DOC000037,56,[p.56] 연평균수익률; C3; 3Y -7.89%; 비교지수 표에 미기재
CLASS000480,FUND000035,5Y,4.19,,2025-05-02,DOC000037,56,[p.56] 연평균수익률; C3; 5Y 4.19%; 비교지수 표에 미기재
CLASS000480,FUND000035,SINCE_INCEPTION,2.91,,2025-05-02,DOC000037,56,[p.56] 연평균수익률; C3; SINCE_INCEPTION 2.91%; 비교지수 표에 미기재
CLASS000481,FUND000035,1Y,-26.07,,2025-05-02,DOC000037,56,[p.56] 연평균수익률; C4; 1Y -26.07%; 비교지수 표에 미기재
CLASS000481,FUND000035,2Y,-8.53,,2025-05-02,DOC000037,56,[p.56] 연평균수익률; C4; 2Y -8.53%; 비교지수 표에 미기재
CLASS000481,FUND000035,3Y,-7.77,,2025-05-02,DOC000037,56,[p.56] 연평균수익률; C4; 3Y -7.77%; 비교지수 표에 미기재
CLASS000481,FUND000035,5Y,4.32,,2025-05-02,DOC000037,56,[p.56] 연평균수익률; C4; 5Y 4.32%; 비교지수 표에 미기재
CLASS000481,FUND000035,SINCE_INCEPTION,3.12,,2025-05-02,DOC000037,56,[p.56] 연평균수익률; C4; SINCE_INCEPTION 3.12%; 비교지수 표에 미기재
CLASS000482,FUND000035,1Y,-25.97,,2025-05-02,DOC000037,56,[p.56] 연평균수익률; C5; 1Y -25.97%; 비교지수 표에 미기재
CLASS000482,FUND000035,2Y,-8.42,,2025-05-02,DOC000037,56,[p.56] 연평균수익률; C5; 2Y -8.42%; 비교지수 표에 미기재
CLASS000482,FUND000035,3Y,-7.65,,2025-05-02,DOC000037,56,[p.56] 연평균수익률; C5; 3Y -7.65%; 비교지수 표에 미기재
CLASS000482,FUND000035,5Y,4.45,,2025-05-02,DOC000037,56,[p.56] 연평균수익률; C5; 5Y 4.45%; 비교지수 표에 미기재
CLASS000482,FUND000035,SINCE_INCEPTION,2.5,,2025-05-02,DOC000037,56,[p.56] 연평균수익률; C5; SINCE_INCEPTION 2.5%; 비교지수 표에 미기재
CLASS000477,FUND000035,1Y,-25.84,,2025-05-02,DOC000037,56,[p.56] 연평균수익률; A-U; 1Y -25.84%; 비교지수 표에 미기재
CLASS000477,FUND000035,2Y,-8.26,,2025-05-02,DOC000037,56,[p.56] 연평균수익률; A-U; 2Y -8.26%; 비교지수 표에 미기재
CLASS000477,FUND000035,3Y,-7.5,,2025-05-02,DOC000037,56,[p.56] 연평균수익률; A-U; 3Y -7.5%; 비교지수 표에 미기재
CLASS000477,FUND000035,5Y,4.61,,2025-05-02,DOC000037,56,[p.56] 연평균수익률; A-U; 5Y 4.61%; 비교지수 표에 미기재
CLASS000477,FUND000035,SINCE_INCEPTION,3.45,,2025-05-02,DOC000037,56,[p.56] 연평균수익률; A-U; SINCE_INCEPTION 3.45%; 비교지수 표에 미기재
CLASS000484,FUND000035,1Y,-6.99,,2025-05-02,DOC000037,56,[p.56] 연평균수익률; C-F; 1Y -6.99%; 비교지수 표에 미기재
CLASS000484,FUND000035,2Y,-3.46,,2025-05-02,DOC000037,56,[p.56] 연평균수익률; C-F; 2Y -3.46%; 비교지수 표에 미기재
CLASS000484,FUND000035,3Y,-2.32,,2025-05-02,DOC000037,56,[p.56] 연평균수익률; C-F; 3Y -2.32%; 비교지수 표에 미기재
CLASS000484,FUND000035,5Y,-1.4,,2025-05-02,DOC000037,56,[p.56] 연평균수익률; C-F; 5Y -1.4%; 비교지수 표에 미기재
CLASS000484,FUND000035,SINCE_INCEPTION,-0.83,,2025-05-02,DOC000037,56,[p.56] 연평균수익률; C-F; SINCE_INCEPTION -0.83%; 비교지수 표에 미기재
CLASS000486,FUND000035,1Y,-25.66,,2025-05-02,DOC000037,56,[p.56] 연평균수익률; C-P2; 1Y -25.66%; 비교지수 표에 미기재
CLASS000486,FUND000035,2Y,-8.04,,2025-05-02,DOC000037,56,[p.56] 연평균수익률; C-P2; 2Y -8.04%; 비교지수 표에 미기재
CLASS000486,FUND000035,3Y,-7.28,,2025-05-02,DOC000037,56,[p.56] 연평균수익률; C-P2; 3Y -7.28%; 비교지수 표에 미기재
CLASS000486,FUND000035,5Y,4.86,,2025-05-02,DOC000037,56,[p.56] 연평균수익률; C-P2; 5Y 4.86%; 비교지수 표에 미기재
CLASS000486,FUND000035,SINCE_INCEPTION,4.59,,2025-05-02,DOC000037,56,[p.56] 연평균수익률; C-P2; SINCE_INCEPTION 4.59%; 비교지수 표에 미기재
CLASS000476,FUND000035,1Y,-25.48,,2025-05-02,DOC000037,56,[p.56] 연평균수익률; A-E; 1Y -25.48%; 비교지수 표에 미기재
CLASS000476,FUND000035,2Y,-7.82,,2025-05-02,DOC000037,56,[p.56] 연평균수익률; A-E; 2Y -7.82%; 비교지수 표에 미기재
CLASS000476,FUND000035,3Y,-7.06,,2025-05-02,DOC000037,56,[p.56] 연평균수익률; A-E; 3Y -7.06%; 비교지수 표에 미기재
CLASS000476,FUND000035,5Y,5.11,,2025-05-02,DOC000037,56,[p.56] 연평균수익률; A-E; 5Y 5.11%; 비교지수 표에 미기재
CLASS000476,FUND000035,SINCE_INCEPTION,3.91,,2025-05-02,DOC000037,56,[p.56] 연평균수익률; A-E; SINCE_INCEPTION 3.91%; 비교지수 표에 미기재
CLASS000483,FUND000035,1Y,-25.73,,2025-05-02,DOC000037,56,[p.56] 연평균수익률; C-E; 1Y -25.73%; 비교지수 표에 미기재
CLASS000483,FUND000035,2Y,-8.13,,2025-05-02,DOC000037,56,[p.56] 연평균수익률; C-E; 2Y -8.13%; 비교지수 표에 미기재
CLASS000483,FUND000035,3Y,-7.36,,2025-05-02,DOC000037,56,[p.56] 연평균수익률; C-E; 3Y -7.36%; 비교지수 표에 미기재
CLASS000483,FUND000035,5Y,4.77,,2025-05-02,DOC000037,56,[p.56] 연평균수익률; C-E; 5Y 4.77%; 비교지수 표에 미기재
CLASS000483,FUND000035,SINCE_INCEPTION,3.61,,2025-05-02,DOC000037,56,[p.56] 연평균수익률; C-E; SINCE_INCEPTION 3.61%; 비교지수 표에 미기재
CLASS000485,FUND000035,1Y,-25.74,,2025-05-02,DOC000037,56,[p.56] 연평균수익률; C-P; 1Y -25.74%; 비교지수 표에 미기재
CLASS000485,FUND000035,2Y,-8.14,,2025-05-02,DOC000037,56,[p.56] 연평균수익률; C-P; 2Y -8.14%; 비교지수 표에 미기재
CLASS000485,FUND000035,3Y,-7.37,,2025-05-02,DOC000037,56,[p.56] 연평균수익률; C-P; 3Y -7.37%; 비교지수 표에 미기재
CLASS000485,FUND000035,5Y,4.76,,2025-05-02,DOC000037,56,[p.56] 연평균수익률; C-P; 5Y 4.76%; 비교지수 표에 미기재
CLASS000485,FUND000035,SINCE_INCEPTION,3.67,,2025-05-02,DOC000037,56,[p.56] 연평균수익률; C-P; SINCE_INCEPTION 3.67%; 비교지수 표에 미기재
CLASS000489,FUND000035,1Y,-25.48,,2025-05-02,DOC000037,57,[p.57] 연평균수익률; AG; 1Y -25.48%; 비교지수 표에 미기재
CLASS000489,FUND000035,2Y,-7.82,,2025-05-02,DOC000037,57,[p.57] 연평균수익률; AG; 2Y -7.82%; 비교지수 표에 미기재
CLASS000489,FUND000035,3Y,-7.06,,2025-05-02,DOC000037,57,[p.57] 연평균수익률; AG; 3Y -7.06%; 비교지수 표에 미기재
CLASS000489,FUND000035,5Y,5.11,,2025-05-02,DOC000037,57,[p.57] 연평균수익률; AG; 5Y 5.11%; 비교지수 표에 미기재
CLASS000489,FUND000035,SINCE_INCEPTION,2.67,,2025-05-02,DOC000037,57,[p.57] 연평균수익률; AG; SINCE_INCEPTION 2.67%; 비교지수 표에 미기재
CLASS000487,FUND000035,1Y,-25.19,,2025-05-02,DOC000037,57,[p.57] 연평균수익률; W; 1Y -25.19%; 비교지수 표에 미기재
CLASS000487,FUND000035,2Y,-7.47,,2025-05-02,DOC000037,57,[p.57] 연평균수익률; W; 2Y -7.47%; 비교지수 표에 미기재
CLASS000487,FUND000035,3Y,-6.71,,2025-05-02,DOC000037,57,[p.57] 연평균수익률; W; 3Y -6.71%; 비교지수 표에 미기재
CLASS000487,FUND000035,5Y,4.42,,2025-05-02,DOC000037,57,[p.57] 연평균수익률; W; 5Y 4.42%; 비교지수 표에 미기재
CLASS000487,FUND000035,SINCE_INCEPTION,2.23,,2025-05-02,DOC000037,57,[p.57] 연평균수익률; W; SINCE_INCEPTION 2.23%; 비교지수 표에 미기재
CLASS000490,FUND000035,1Y,-25.75,,2025-05-02,DOC000037,57,[p.57] 연평균수익률; CG; 1Y -25.75%; 비교지수 표에 미기재
CLASS000490,FUND000035,2Y,-8.16,,2025-05-02,DOC000037,57,[p.57] 연평균수익률; CG; 2Y -8.16%; 비교지수 표에 미기재
CLASS000490,FUND000035,3Y,-7.39,,2025-05-02,DOC000037,57,[p.57] 연평균수익률; CG; 3Y -7.39%; 비교지수 표에 미기재
CLASS000490,FUND000035,5Y,4.73,,2025-05-02,DOC000037,57,[p.57] 연평균수익률; CG; 5Y 4.73%; 비교지수 표에 미기재
CLASS000490,FUND000035,SINCE_INCEPTION,1.36,,2025-05-02,DOC000037,57,[p.57] 연평균수익률; CG; SINCE_INCEPTION 1.36%; 비교지수 표에 미기재
CLASS000488,FUND000035,1Y,-25.43,,2025-05-02,DOC000037,57,[p.57] 연평균수익률; S; 1Y -25.43%; 비교지수 표에 미기재
CLASS000488,FUND000035,2Y,-7.76,,2025-05-02,DOC000037,57,[p.57] 연평균수익률; S; 2Y -7.76%; 비교지수 표에 미기재
CLASS000488,FUND000035,3Y,-7,,2025-05-02,DOC000037,57,[p.57] 연평균수익률; S; 3Y -7%; 비교지수 표에 미기재
CLASS000488,FUND000035,5Y,5.18,,2025-05-02,DOC000037,57,[p.57] 연평균수익률; S; 5Y 5.18%; 비교지수 표에 미기재
CLASS000488,FUND000035,SINCE_INCEPTION,1.7,,2025-05-02,DOC000037,57,[p.57] 연평균수익률; S; SINCE_INCEPTION 1.7%; 비교지수 표에 미기재
CLASS000491,FUND000035,1Y,-25.47,,2025-05-02,DOC000037,57,[p.57] 연평균수익률; C-PE; 1Y -25.47%; 비교지수 표에 미기재
CLASS000491,FUND000035,2Y,-7.81,,2025-05-02,DOC000037,57,[p.57] 연평균수익률; C-PE; 2Y -7.81%; 비교지수 표에 미기재
CLASS000491,FUND000035,3Y,-7.04,,2025-05-02,DOC000037,57,[p.57] 연평균수익률; C-PE; 3Y -7.04%; 비교지수 표에 미기재
CLASS000491,FUND000035,5Y,5.13,,2025-05-02,DOC000037,57,[p.57] 연평균수익률; C-PE; 5Y 5.13%; 비교지수 표에 미기재
CLASS000491,FUND000035,SINCE_INCEPTION,2.26,,2025-05-02,DOC000037,57,[p.57] 연평균수익률; C-PE; SINCE_INCEPTION 2.26%; 비교지수 표에 미기재
CLASS000492,FUND000035,1Y,-25.43,,2025-05-02,DOC000037,57,[p.57] 연평균수익률; C-P2E; 1Y -25.43%; 비교지수 표에 미기재
CLASS000492,FUND000035,2Y,-7.76,,2025-05-02,DOC000037,57,[p.57] 연평균수익률; C-P2E; 2Y -7.76%; 비교지수 표에 미기재
CLASS000492,FUND000035,3Y,-7,,2025-05-02,DOC000037,57,[p.57] 연평균수익률; C-P2E; 3Y -7%; 비교지수 표에 미기재
CLASS000492,FUND000035,5Y,5.18,,2025-05-02,DOC000037,57,[p.57] 연평균수익률; C-P2E; 5Y 5.18%; 비교지수 표에 미기재
CLASS000492,FUND000035,SINCE_INCEPTION,2.22,,2025-05-02,DOC000037,57,[p.57] 연평균수익률; C-P2E; SINCE_INCEPTION 2.22%; 비교지수 표에 미기재
CLASS000493,FUND000035,1Y,-25.35,,2025-05-02,DOC000037,57,[p.57] 연평균수익률; S-P2; 1Y -25.35%; 비교지수 표에 미기재
CLASS000493,FUND000035,2Y,-7.66,,2025-05-02,DOC000037,57,[p.57] 연평균수익률; S-P2; 2Y -7.66%; 비교지수 표에 미기재
CLASS000493,FUND000035,3Y,-6.9,,2025-05-02,DOC000037,57,[p.57] 연평균수익률; S-P2; 3Y -6.9%; 비교지수 표에 미기재
CLASS000493,FUND000035,SINCE_INCEPTION,2.15,,2025-05-02,DOC000037,57,[p.57] 연평균수익률; S-P2; SINCE_INCEPTION 2.15%; 비교지수 표에 미기재
,FUND000036,1Y,3.89,3.55,2025-03-05,DOC000038,62,[p.62] 연평균수익률; 펀드; 1Y 3.89%; 비교지수 3.55%
,FUND000036,2Y,3.99,3.67,2025-03-05,DOC000038,62,[p.62] 연평균수익률; 펀드; 2Y 3.99%; 비교지수 3.67%
,FUND000036,3Y,3.66,3.11,2025-03-05,DOC000038,62,[p.62] 연평균수익률; 펀드; 3Y 3.66%; 비교지수 3.11%
,FUND000036,5Y,2.61,2.2,2025-03-05,DOC000038,62,[p.62] 연평균수익률; 펀드; 5Y 2.61%; 비교지수 2.2%
,FUND000036,SINCE_INCEPTION,3.54,3.23,2025-03-05,DOC000038,62,[p.62] 연평균수익률; 펀드; SINCE_INCEPTION 3.54%; 비교지수 3.23%
CLASS000494,FUND000036,1Y,3.77,3.55,2025-03-05,DOC000038,62,[p.62] 연평균수익률; A; 1Y 3.77%; 비교지수 3.55%
CLASS000494,FUND000036,2Y,3.88,3.67,2025-03-05,DOC000038,62,[p.62] 연평균수익률; A; 2Y 3.88%; 비교지수 3.67%
CLASS000494,FUND000036,3Y,3.55,3.11,2025-03-05,DOC000038,62,[p.62] 연평균수익률; A; 3Y 3.55%; 비교지수 3.11%
CLASS000494,FUND000036,5Y,2.5,2.2,2025-03-05,DOC000038,62,[p.62] 연평균수익률; A; 5Y 2.5%; 비교지수 2.2%
CLASS000494,FUND000036,SINCE_INCEPTION,2.65,2.69,2025-03-05,DOC000038,62,[p.62] 연평균수익률; A; SINCE_INCEPTION 2.65%; 비교지수 2.69%
CLASS000498,FUND000036,1Y,3.63,3.55,2025-03-05,DOC000038,62,[p.62] 연평균수익률; C; 1Y 3.63%; 비교지수 3.55%
CLASS000498,FUND000036,2Y,3.73,3.67,2025-03-05,DOC000038,62,[p.62] 연평균수익률; C; 2Y 3.73%; 비교지수 3.67%
CLASS000498,FUND000036,3Y,3.4,3.11,2025-03-05,DOC000038,62,[p.62] 연평균수익률; C; 3Y 3.4%; 비교지수 3.11%
CLASS000498,FUND000036,5Y,2.36,2.2,2025-03-05,DOC000038,62,[p.62] 연평균수익률; C; 5Y 2.36%; 비교지수 2.2%
CLASS000498,FUND000036,SINCE_INCEPTION,3.06,3.23,2025-03-05,DOC000038,62,[p.62] 연평균수익률; C; SINCE_INCEPTION 3.06%; 비교지수 3.23%
CLASS000505,FUND000036,1Y,3.78,3.55,2025-03-05,DOC000038,62,[p.62] 연평균수익률; C-w; 1Y 3.78%; 비교지수 3.55%
CLASS000505,FUND000036,2Y,3.89,3.67,2025-03-05,DOC000038,62,[p.62] 연평균수익률; C-w; 2Y 3.89%; 비교지수 3.67%
CLASS000505,FUND000036,3Y,3.56,3.11,2025-03-05,DOC000038,62,[p.62] 연평균수익률; C-w; 3Y 3.56%; 비교지수 3.11%
CLASS000505,FUND000036,5Y,2.51,2.2,2025-03-05,DOC000038,62,[p.62] 연평균수익률; C-w; 5Y 2.51%; 비교지수 2.2%
CLASS000505,FUND000036,SINCE_INCEPTION,1.08,3.23,2025-03-05,DOC000038,62,[p.62] 연평균수익률; C-w; SINCE_INCEPTION 1.08%; 비교지수 3.23%
CLASS000506,FUND000036,1Y,3.75,3.55,2025-03-05,DOC000038,62,[p.62] 연평균수익률; I; 1Y 3.75%; 비교지수 3.55%
CLASS000506,FUND000036,2Y,3.86,3.67,2025-03-05,DOC000038,62,[p.62] 연평균수익률; I; 2Y 3.86%; 비교지수 3.67%
CLASS000506,FUND000036,3Y,3.53,3.11,2025-03-05,DOC000038,62,[p.62] 연평균수익률; I; 3Y 3.53%; 비교지수 3.11%
CLASS000506,FUND000036,5Y,2.48,2.2,2025-03-05,DOC000038,62,[p.62] 연평균수익률; I; 5Y 2.48%; 비교지수 2.2%
CLASS000506,FUND000036,SINCE_INCEPTION,1.15,3.22,2025-03-05,DOC000038,62,[p.62] 연평균수익률; I; SINCE_INCEPTION 1.15%; 비교지수 3.22%
CLASS000497,FUND000036,1Y,3.89,3.55,2025-03-05,DOC000038,62,[p.62] 연평균수익률; A-u2; 1Y 3.89%; 비교지수 3.55%
CLASS000497,FUND000036,2Y,3.99,3.67,2025-03-05,DOC000038,62,[p.62] 연평균수익률; A-u2; 2Y 3.99%; 비교지수 3.67%
CLASS000497,FUND000036,3Y,3.66,3.11,2025-03-05,DOC000038,62,[p.62] 연평균수익률; A-u2; 3Y 3.66%; 비교지수 3.11%
CLASS000497,FUND000036,5Y,2.61,2.2,2025-03-05,DOC000038,62,[p.62] 연평균수익률; A-u2; 5Y 2.61%; 비교지수 2.2%
CLASS000497,FUND000036,SINCE_INCEPTION,2.34,2.29,2025-03-05,DOC000038,62,[p.62] 연평균수익률; A-u2; SINCE_INCEPTION 2.34%; 비교지수 2.29%
CLASS000500,FUND000036,1Y,3.67,3.55,2025-03-05,DOC000038,62,[p.62] 연평균수익률; C-P; 1Y 3.67%; 비교지수 3.55%
CLASS000500,FUND000036,2Y,3.77,3.67,2025-03-05,DOC000038,62,[p.62] 연평균수익률; C-P; 2Y 3.77%; 비교지수 3.67%
CLASS000500,FUND000036,3Y,3.44,3.11,2025-03-05,DOC000038,62,[p.62] 연평균수익률; C-P; 3Y 3.44%; 비교지수 3.11%
CLASS000500,FUND000036,5Y,2.4,2.2,2025-03-05,DOC000038,62,[p.62] 연평균수익률; C-P; 5Y 2.4%; 비교지수 2.2%
CLASS000500,FUND000036,SINCE_INCEPTION,1.99,1.96,2025-03-05,DOC000038,62,[p.62] 연평균수익률; C-P; SINCE_INCEPTION 1.99%; 비교지수 1.96%
CLASS000503,FUND000036,1Y,3.68,3.55,2025-03-05,DOC000038,62,[p.62] 연평균수익률; C-RP; 1Y 3.68%; 비교지수 3.55%
CLASS000503,FUND000036,2Y,3.78,3.67,2025-03-05,DOC000038,62,[p.62] 연평균수익률; C-RP; 2Y 3.78%; 비교지수 3.67%
CLASS000503,FUND000036,3Y,3.45,3.11,2025-03-05,DOC000038,62,[p.62] 연평균수익률; C-RP; 3Y 3.45%; 비교지수 3.11%
CLASS000503,FUND000036,5Y,2.41,2.2,2025-03-05,DOC000038,62,[p.62] 연평균수익률; C-RP; 5Y 2.41%; 비교지수 2.2%
CLASS000503,FUND000036,SINCE_INCEPTION,2.02,1.96,2025-03-05,DOC000038,62,[p.62] 연평균수익률; C-RP; SINCE_INCEPTION 2.02%; 비교지수 1.96%
CLASS000495,FUND000036,1Y,3.78,3.55,2025-03-05,DOC000038,62,[p.62] 연평균수익률; A-e; 1Y 3.78%; 비교지수 3.55%
CLASS000495,FUND000036,2Y,3.88,3.67,2025-03-05,DOC000038,62,[p.62] 연평균수익률; A-e; 2Y 3.88%; 비교지수 3.67%
CLASS000495,FUND000036,3Y,3.55,3.11,2025-03-05,DOC000038,62,[p.62] 연평균수익률; A-e; 3Y 3.55%; 비교지수 3.11%
CLASS000495,FUND000036,5Y,2.5,2.2,2025-03-05,DOC000038,62,[p.62] 연평균수익률; A-e; 5Y 2.5%; 비교지수 2.2%
CLASS000495,FUND000036,SINCE_INCEPTION,2.15,1.99,2025-03-05,DOC000038,62,[p.62] 연평균수익률; A-e; SINCE_INCEPTION 2.15%; 비교지수 1.99%
CLASS000499,FUND000036,1Y,3.71,3.55,2025-03-05,DOC000038,62,[p.62] 연평균수익률; C-e; 1Y 3.71%; 비교지수 3.55%
CLASS000499,FUND000036,2Y,3.81,3.67,2025-03-05,DOC000038,62,[p.62] 연평균수익률; C-e; 2Y 3.81%; 비교지수 3.67%
CLASS000499,FUND000036,3Y,3.48,3.11,2025-03-05,DOC000038,62,[p.62] 연평균수익률; C-e; 3Y 3.48%; 비교지수 3.11%
CLASS000499,FUND000036,5Y,2.43,2.2,2025-03-05,DOC000038,62,[p.62] 연평균수익률; C-e; 5Y 2.43%; 비교지수 2.2%
CLASS000499,FUND000036,SINCE_INCEPTION,2.08,1.99,2025-03-05,DOC000038,62,[p.62] 연평균수익률; C-e; SINCE_INCEPTION 2.08%; 비교지수 1.99%
CLASS000508,FUND000036,1Y,3.71,3.55,2025-03-05,DOC000038,63,[p.63] 연평균수익률; CG; 1Y 3.71%; 비교지수 3.55%
CLASS000508,FUND000036,2Y,3.81,3.67,2025-03-05,DOC000038,63,[p.63] 연평균수익률; CG; 2Y 3.81%; 비교지수 3.67%
CLASS000508,FUND000036,3Y,3.48,3.11,2025-03-05,DOC000038,63,[p.63] 연평균수익률; CG; 3Y 3.48%; 비교지수 3.11%
CLASS000508,FUND000036,5Y,2.43,2.2,2025-03-05,DOC000038,63,[p.63] 연평균수익률; CG; 5Y 2.43%; 비교지수 2.2%
CLASS000508,FUND000036,SINCE_INCEPTION,2.16,2.04,2025-03-05,DOC000038,63,[p.63] 연평균수익률; CG; SINCE_INCEPTION 2.16%; 비교지수 2.04%
CLASS000501,FUND000036,1Y,3.73,3.55,2025-03-05,DOC000038,63,[p.63] 연평균수익률; C-Pe; 1Y 3.73%; 비교지수 3.55%
CLASS000501,FUND000036,2Y,3.83,3.67,2025-03-05,DOC000038,63,[p.63] 연평균수익률; C-Pe; 2Y 3.83%; 비교지수 3.67%
CLASS000501,FUND000036,3Y,3.5,3.11,2025-03-05,DOC000038,63,[p.63] 연평균수익률; C-Pe; 3Y 3.5%; 비교지수 3.11%
CLASS000501,FUND000036,5Y,2.45,2.2,2025-03-05,DOC000038,63,[p.63] 연평균수익률; C-Pe; 5Y 2.45%; 비교지수 2.2%
CLASS000501,FUND000036,SINCE_INCEPTION,2.26,2.09,2025-03-05,DOC000038,63,[p.63] 연평균수익률; C-Pe; SINCE_INCEPTION 2.26%; 비교지수 2.09%
CLASS000504,FUND000036,1Y,3.73,3.55,2025-03-05,DOC000038,63,[p.63] 연평균수익률; C-RPe; 1Y 3.73%; 비교지수 3.55%
CLASS000504,FUND000036,2Y,3.84,3.67,2025-03-05,DOC000038,63,[p.63] 연평균수익률; C-RPe; 2Y 3.84%; 비교지수 3.67%
CLASS000504,FUND000036,3Y,3.51,3.11,2025-03-05,DOC000038,63,[p.63] 연평균수익률; C-RPe; 3Y 3.51%; 비교지수 3.11%
CLASS000504,FUND000036,5Y,2.46,2.2,2025-03-05,DOC000038,63,[p.63] 연평균수익률; C-RPe; 5Y 2.46%; 비교지수 2.2%
CLASS000504,FUND000036,SINCE_INCEPTION,2.21,2.06,2025-03-05,DOC000038,63,[p.63] 연평균수익률; C-RPe; SINCE_INCEPTION 2.21%; 비교지수 2.06%
CLASS000496,FUND000036,1Y,3.89,3.55,2025-03-05,DOC000038,63,[p.63] 연평균수익률; A-u; 1Y 3.89%; 비교지수 3.55%
CLASS000496,FUND000036,2Y,3.99,3.67,2025-03-05,DOC000038,63,[p.63] 연평균수익률; A-u; 2Y 3.99%; 비교지수 3.67%
CLASS000496,FUND000036,3Y,3.65,3.11,2025-03-05,DOC000038,63,[p.63] 연평균수익률; A-u; 3Y 3.65%; 비교지수 3.11%
CLASS000496,FUND000036,5Y,2.53,2.2,2025-03-05,DOC000038,63,[p.63] 연평균수익률; A-u; 5Y 2.53%; 비교지수 2.2%
CLASS000496,FUND000036,SINCE_INCEPTION,2.33,2.1,2025-03-05,DOC000038,63,[p.63] 연평균수익률; A-u; SINCE_INCEPTION 2.33%; 비교지수 2.1%
,FUND000037,1Y,4.23,3.59,2025-11-06,DOC000039,51,[p.51] 연평균수익률; 펀드; 1Y 4.23%; 비교지수 3.59%
,FUND000037,2Y,5.33,4.62,2025-11-06,DOC000039,51,[p.51] 연평균수익률; 펀드; 2Y 5.33%; 비교지수 4.62%
,FUND000037,3Y,5.66,5.11,2025-11-06,DOC000039,51,[p.51] 연평균수익률; 펀드; 3Y 5.66%; 비교지수 5.11%
,FUND000037,5Y,2.95,2.68,2025-11-06,DOC000039,51,[p.51] 연평균수익률; 펀드; 5Y 2.95%; 비교지수 2.68%
,FUND000037,SINCE_INCEPTION,3.75,3.67,2025-11-06,DOC000039,51,[p.51] 연평균수익률; 펀드; SINCE_INCEPTION 3.75%; 비교지수 3.67%
CLASS000511,FUND000037,1Y,3.8,3.59,2025-11-06,DOC000039,51,[p.51] 연평균수익률; C; 1Y 3.8%; 비교지수 3.59%
CLASS000511,FUND000037,2Y,4.89,4.62,2025-11-06,DOC000039,51,[p.51] 연평균수익률; C; 2Y 4.89%; 비교지수 4.62%
CLASS000511,FUND000037,3Y,5.22,5.11,2025-11-06,DOC000039,51,[p.51] 연평균수익률; C; 3Y 5.22%; 비교지수 5.11%
CLASS000511,FUND000037,5Y,2.53,2.68,2025-11-06,DOC000039,51,[p.51] 연평균수익률; C; 5Y 2.53%; 비교지수 2.68%
CLASS000511,FUND000037,SINCE_INCEPTION,3.33,3.67,2025-11-06,DOC000039,51,[p.51] 연평균수익률; C; SINCE_INCEPTION 3.33%; 비교지수 3.67%
CLASS000512,FUND000037,1Y,3.85,3.59,2025-11-06,DOC000039,51,[p.51] 연평균수익률; C-e; 1Y 3.85%; 비교지수 3.59%
CLASS000512,FUND000037,2Y,4.94,4.62,2025-11-06,DOC000039,51,[p.51] 연평균수익률; C-e; 2Y 4.94%; 비교지수 4.62%
CLASS000512,FUND000037,3Y,5.28,5.11,2025-11-06,DOC000039,51,[p.51] 연평균수익률; C-e; 3Y 5.28%; 비교지수 5.11%
CLASS000512,FUND000037,5Y,2.58,2.68,2025-11-06,DOC000039,51,[p.51] 연평균수익률; C-e; 5Y 2.58%; 비교지수 2.68%
CLASS000512,FUND000037,SINCE_INCEPTION,3.33,3.68,2025-11-06,DOC000039,51,[p.51] 연평균수익률; C-e; SINCE_INCEPTION 3.33%; 비교지수 3.68%
CLASS000509,FUND000037,1Y,3.93,3.59,2025-11-06,DOC000039,51,[p.51] 연평균수익률; A; 1Y 3.93%; 비교지수 3.59%
CLASS000509,FUND000037,2Y,5.03,4.62,2025-11-06,DOC000039,51,[p.51] 연평균수익률; A; 2Y 5.03%; 비교지수 4.62%
CLASS000509,FUND000037,3Y,5.36,5.11,2025-11-06,DOC000039,51,[p.51] 연평균수익률; A; 3Y 5.36%; 비교지수 5.11%
CLASS000509,FUND000037,5Y,2.66,2.68,2025-11-06,DOC000039,51,[p.51] 연평균수익률; A; 5Y 2.66%; 비교지수 2.68%
CLASS000509,FUND000037,SINCE_INCEPTION,3.34,3.55,2025-11-06,DOC000039,51,[p.51] 연평균수익률; A; SINCE_INCEPTION 3.34%; 비교지수 3.55%
CLASS000521,FUND000037,1Y,4.12,3.59,2025-11-06,DOC000039,52,[p.52] 연평균수익률; Cw; 1Y 4.12%; 비교지수 3.59%
CLASS000521,FUND000037,2Y,5.18,4.62,2025-11-06,DOC000039,52,[p.52] 연평균수익률; Cw; 2Y 5.18%; 비교지수 4.62%
CLASS000521,FUND000037,3Y,5.5,5.11,2025-11-06,DOC000039,52,[p.52] 연평균수익률; Cw; 3Y 5.5%; 비교지수 5.11%
CLASS000521,FUND000037,5Y,2.78,2.68,2025-11-06,DOC000039,52,[p.52] 연평균수익률; Cw; 5Y 2.78%; 비교지수 2.68%
CLASS000521,FUND000037,SINCE_INCEPTION,2.52,0.8,2025-11-06,DOC000039,52,[p.52] 연평균수익률; Cw; SINCE_INCEPTION 2.52%; 비교지수 0.8%
CLASS000517,FUND000037,1Y,3.87,3.59,2025-11-06,DOC000039,52,[p.52] 연평균수익률; C-RP; 1Y 3.87%; 비교지수 3.59%
CLASS000517,FUND000037,2Y,4.96,4.62,2025-11-06,DOC000039,52,[p.52] 연평균수익률; C-RP; 2Y 4.96%; 비교지수 4.62%
CLASS000517,FUND000037,3Y,5.3,5.11,2025-11-06,DOC000039,52,[p.52] 연평균수익률; C-RP; 3Y 5.3%; 비교지수 5.11%
CLASS000517,FUND000037,5Y,2.6,2.68,2025-11-06,DOC000039,52,[p.52] 연평균수익률; C-RP; 5Y 2.6%; 비교지수 2.68%
CLASS000517,FUND000037,SINCE_INCEPTION,2.59,2.73,2025-11-06,DOC000039,52,[p.52] 연평균수익률; C-RP; SINCE_INCEPTION 2.59%; 비교지수 2.73%
CLASS000522,FUND000037,1Y,3.89,3.59,2025-11-06,DOC000039,52,[p.52] 연평균수익률; S; 1Y 3.89%; 비교지수 3.59%
CLASS000522,FUND000037,2Y,4.99,4.62,2025-11-06,DOC000039,52,[p.52] 연평균수익률; S; 2Y 4.99%; 비교지수 4.62%
CLASS000522,FUND000037,3Y,5.32,5.11,2025-11-06,DOC000039,52,[p.52] 연평균수익률; S; 3Y 5.32%; 비교지수 5.11%
CLASS000522,FUND000037,5Y,2.62,2.68,2025-11-06,DOC000039,52,[p.52] 연평균수익률; S; 5Y 2.62%; 비교지수 2.68%
CLASS000522,FUND000037,SINCE_INCEPTION,2.58,2.67,2025-11-06,DOC000039,52,[p.52] 연평균수익률; S; SINCE_INCEPTION 2.58%; 비교지수 2.67%
CLASS000514,FUND000037,1Y,4,3.59,2025-11-06,DOC000039,52,[p.52] 연평균수익률; C-i; 1Y 4%; 비교지수 3.59%
CLASS000514,FUND000037,2Y,5.1,4.62,2025-11-06,DOC000039,52,[p.52] 연평균수익률; C-i; 2Y 5.1%; 비교지수 4.62%
CLASS000514,FUND000037,3Y,5.43,5.11,2025-11-06,DOC000039,52,[p.52] 연평균수익률; C-i; 3Y 5.43%; 비교지수 5.11%
CLASS000514,FUND000037,5Y,2.73,2.68,2025-11-06,DOC000039,52,[p.52] 연평균수익률; C-i; 5Y 2.73%; 비교지수 2.68%
CLASS000514,FUND000037,SINCE_INCEPTION,2.49,2.48,2025-11-06,DOC000039,52,[p.52] 연평균수익률; C-i; SINCE_INCEPTION 2.49%; 비교지수 2.48%
CLASS000515,FUND000037,1Y,3.86,3.59,2025-11-06,DOC000039,52,[p.52] 연평균수익률; C-P; 1Y 3.86%; 비교지수 3.59%
CLASS000515,FUND000037,2Y,4.95,4.62,2025-11-06,DOC000039,52,[p.52] 연평균수익률; C-P; 2Y 4.95%; 비교지수 4.62%
CLASS000515,FUND000037,3Y,5.29,5.11,2025-11-06,DOC000039,52,[p.52] 연평균수익률; C-P; 3Y 5.29%; 비교지수 5.11%
CLASS000515,FUND000037,5Y,2.59,2.68,2025-11-06,DOC000039,52,[p.52] 연평균수익률; C-P; 5Y 2.59%; 비교지수 2.68%
CLASS000515,FUND000037,SINCE_INCEPTION,2.36,2.49,2025-11-06,DOC000039,52,[p.52] 연평균수익률; C-P; SINCE_INCEPTION 2.36%; 비교지수 2.49%
CLASS000523,FUND000037,1Y,3.92,3.59,2025-11-06,DOC000039,52,[p.52] 연평균수익률; S-P; 1Y 3.92%; 비교지수 3.59%
CLASS000523,FUND000037,2Y,5.02,4.62,2025-11-06,DOC000039,52,[p.52] 연평균수익률; S-P; 2Y 5.02%; 비교지수 4.62%
CLASS000523,FUND000037,3Y,5.35,5.11,2025-11-06,DOC000039,52,[p.52] 연평균수익률; S-P; 3Y 5.35%; 비교지수 5.11%
CLASS000523,FUND000037,5Y,2.65,2.68,2025-11-06,DOC000039,52,[p.52] 연평균수익률; S-P; 5Y 2.65%; 비교지수 2.68%
CLASS000523,FUND000037,SINCE_INCEPTION,2.39,2.48,2025-11-06,DOC000039,52,[p.52] 연평균수익률; S-P; SINCE_INCEPTION 2.39%; 비교지수 2.48%
CLASS000516,FUND000037,1Y,3.95,3.59,2025-11-06,DOC000039,52,[p.52] 연평균수익률; C-Pe; 1Y 3.95%; 비교지수 3.59%
CLASS000516,FUND000037,2Y,5.04,4.62,2025-11-06,DOC000039,52,[p.52] 연평균수익률; C-Pe; 2Y 5.04%; 비교지수 4.62%
CLASS000516,FUND000037,3Y,5.38,5.11,2025-11-06,DOC000039,52,[p.52] 연평균수익률; C-Pe; 3Y 5.38%; 비교지수 5.11%
CLASS000516,FUND000037,5Y,2.68,2.68,2025-11-06,DOC000039,52,[p.52] 연평균수익률; C-Pe; 5Y 2.68%; 비교지수 2.68%
CLASS000516,FUND000037,SINCE_INCEPTION,2.7,2.63,2025-11-06,DOC000039,52,[p.52] 연평균수익률; C-Pe; SINCE_INCEPTION 2.7%; 비교지수 2.63%
CLASS000518,FUND000037,1Y,3.95,3.59,2025-11-06,DOC000039,52,[p.52] 연평균수익률; C-RPe; 1Y 3.95%; 비교지수 3.59%
CLASS000518,FUND000037,2Y,5.05,4.62,2025-11-06,DOC000039,52,[p.52] 연평균수익률; C-RPe; 2Y 5.05%; 비교지수 4.62%
CLASS000518,FUND000037,3Y,5.38,5.11,2025-11-06,DOC000039,52,[p.52] 연평균수익률; C-RPe; 3Y 5.38%; 비교지수 5.11%
CLASS000518,FUND000037,5Y,2.68,2.68,2025-11-06,DOC000039,52,[p.52] 연평균수익률; C-RPe; 5Y 2.68%; 비교지수 2.68%
CLASS000518,FUND000037,SINCE_INCEPTION,2.58,2.62,2025-11-06,DOC000039,52,[p.52] 연평균수익률; C-RPe; SINCE_INCEPTION 2.58%; 비교지수 2.62%
CLASS000510,FUND000037,1Y,3.98,3.59,2025-11-06,DOC000039,52,[p.52] 연평균수익률; A-e; 1Y 3.98%; 비교지수 3.59%
CLASS000510,FUND000037,2Y,5.08,4.62,2025-11-06,DOC000039,52,[p.52] 연평균수익률; A-e; 2Y 5.08%; 비교지수 4.62%
CLASS000510,FUND000037,3Y,5.41,5.11,2025-11-06,DOC000039,52,[p.52] 연평균수익률; A-e; 3Y 5.41%; 비교지수 5.11%
CLASS000510,FUND000037,5Y,2.71,2.68,2025-11-06,DOC000039,52,[p.52] 연평균수익률; A-e; 5Y 2.71%; 비교지수 2.68%
CLASS000510,FUND000037,SINCE_INCEPTION,2.72,2.72,2025-11-06,DOC000039,52,[p.52] 연평균수익률; A-e; SINCE_INCEPTION 2.72%; 비교지수 2.72%
CLASS000524,FUND000037,1Y,3.93,3.59,2025-11-06,DOC000039,52,[p.52] 연평균수익률; S-RP; 1Y 3.93%; 비교지수 3.59%
CLASS000524,FUND000037,2Y,5.02,4.62,2025-11-06,DOC000039,52,[p.52] 연평균수익률; S-RP; 2Y 5.02%; 비교지수 4.62%
CLASS000524,FUND000037,3Y,5.35,5.11,2025-11-06,DOC000039,52,[p.52] 연평균수익률; S-RP; 3Y 5.35%; 비교지수 5.11%
CLASS000524,FUND000037,5Y,2.66,2.68,2025-11-06,DOC000039,52,[p.52] 연평균수익률; S-RP; 5Y 2.66%; 비교지수 2.68%
CLASS000524,FUND000037,SINCE_INCEPTION,2.55,2.62,2025-11-06,DOC000039,52,[p.52] 연평균수익률; S-RP; SINCE_INCEPTION 2.55%; 비교지수 2.62%
CLASS000520,FUND000037,1Y,3.96,3.59,2025-11-06,DOC000039,52,[p.52] 연평균수익률; Ci-RP; 1Y 3.96%; 비교지수 3.59%
CLASS000520,FUND000037,2Y,5.05,4.62,2025-11-06,DOC000039,52,[p.52] 연평균수익률; Ci-RP; 2Y 5.05%; 비교지수 4.62%
CLASS000520,FUND000037,SINCE_INCEPTION,4.79,4.41,2025-11-06,DOC000039,52,[p.52] 연평균수익률; Ci-RP; SINCE_INCEPTION 4.79%; 비교지수 4.41%
CLASS000525,FUND000037,1Y,3.98,3.59,2025-11-06,DOC000039,53,[p.53] 연평균수익률; J-e; 1Y 3.98%; 비교지수 3.59%
CLASS000525,FUND000037,SINCE_INCEPTION,3.94,3.5,2025-11-06,DOC000039,53,[p.53] 연평균수익률; J-e; SINCE_INCEPTION 3.94%; 비교지수 3.5%
CLASS000526,FUND000037,1Y,3.99,3.59,2025-11-06,DOC000039,53,[p.53] 연평균수익률; J-Pe; 1Y 3.99%; 비교지수 3.59%
CLASS000526,FUND000037,SINCE_INCEPTION,3.95,3.5,2025-11-06,DOC000039,53,[p.53] 연평균수익률; J-Pe; SINCE_INCEPTION 3.95%; 비교지수 3.5%
CLASS000531,FUND000038,1Y,3.28,3.1,2025-07-31,DOC000040,38,[p.38] 연평균수익률; C1; 1Y 3.28%; 비교지수 3.1%
CLASS000531,FUND000038,SINCE_INCEPTION,3.4,3.19,2025-07-31,DOC000040,38,[p.38] 연평균수익률; C1; SINCE_INCEPTION 3.4%; 비교지수 3.19%
CLASS000532,FUND000038,1Y,3.44,3.1,2025-07-31,DOC000040,38,[p.38] 연평균수익률; C-e; 1Y 3.44%; 비교지수 3.1%
CLASS000532,FUND000038,SINCE_INCEPTION,3.56,3.19,2025-07-31,DOC000040,38,[p.38] 연평균수익률; C-e; SINCE_INCEPTION 3.56%; 비교지수 3.19%
CLASS000535,FUND000038,SINCE_INCEPTION,2.94,3.19,2025-07-31,DOC000040,38,[p.38] 연평균수익률; C-i; SINCE_INCEPTION 2.94%; 비교지수 3.19%
CLASS000536,FUND000038,1Y,3.48,3.1,2025-07-31,DOC000040,38,[p.38] 연평균수익률; C-p; 1Y 3.48%; 비교지수 3.1%
CLASS000536,FUND000038,SINCE_INCEPTION,3.62,3.19,2025-07-31,DOC000040,38,[p.38] 연평균수익률; C-p; SINCE_INCEPTION 3.62%; 비교지수 3.19%
CLASS000537,FUND000038,1Y,3.46,3.1,2025-07-31,DOC000040,38,[p.38] 연평균수익률; C-pe; 1Y 3.46%; 비교지수 3.1%
CLASS000537,FUND000038,SINCE_INCEPTION,3.6,3.19,2025-07-31,DOC000040,38,[p.38] 연평균수익률; C-pe; SINCE_INCEPTION 3.6%; 비교지수 3.19%
CLASS000538,FUND000038,SINCE_INCEPTION,3.37,3.19,2025-07-31,DOC000040,38,[p.38] 연평균수익률; C-r; SINCE_INCEPTION 3.37%; 비교지수 3.19%
CLASS000540,FUND000038,1Y,3.58,3.1,2025-07-31,DOC000040,38,[p.38] 연평균수익률; C-s; 1Y 3.58%; 비교지수 3.1%
CLASS000540,FUND000038,SINCE_INCEPTION,3.7,3.19,2025-07-31,DOC000040,38,[p.38] 연평균수익률; C-s; SINCE_INCEPTION 3.7%; 비교지수 3.19%
CLASS000542,FUND000039,1Y,-5.98,,2025-01-31,DOC000041,48,[p.48-49] 연평균수익률; A1; 1Y -5.98%; 비교지수 없음
CLASS000542,FUND000039,2Y,-3.76,,2025-01-31,DOC000041,48,[p.48-49] 연평균수익률; A1; 2Y -3.76%; 비교지수 없음
CLASS000542,FUND000039,3Y,-3.17,,2025-01-31,DOC000041,48,[p.48-49] 연평균수익률; A1; 3Y -3.17%; 비교지수 없음
CLASS000542,FUND000039,5Y,3.44,,2025-01-31,DOC000041,48,[p.48-49] 연평균수익률; A1; 5Y 3.44%; 비교지수 없음
CLASS000542,FUND000039,SINCE_INCEPTION,2.84,,2025-01-31,DOC000041,48,[p.48-49] 연평균수익률; A1; SINCE_INCEPTION 2.84%; 비교지수 없음
CLASS000543,FUND000039,1Y,-5.65,,2025-01-31,DOC000041,48,[p.48-49] 연평균수익률; A-e; 1Y -5.65%; 비교지수 없음
CLASS000543,FUND000039,2Y,-3.42,,2025-01-31,DOC000041,48,[p.48-49] 연평균수익률; A-e; 2Y -3.42%; 비교지수 없음
CLASS000543,FUND000039,3Y,-2.83,,2025-01-31,DOC000041,48,[p.48-49] 연평균수익률; A-e; 3Y -2.83%; 비교지수 없음
CLASS000543,FUND000039,5Y,3.8,,2025-01-31,DOC000041,48,[p.48-49] 연평균수익률; A-e; 5Y 3.8%; 비교지수 없음
CLASS000543,FUND000039,SINCE_INCEPTION,3.21,,2025-01-31,DOC000041,48,[p.48-49] 연평균수익률; A-e; SINCE_INCEPTION 3.21%; 비교지수 없음
CLASS000544,FUND000039,1Y,-6.45,,2025-01-31,DOC000041,48,[p.48-49] 연평균수익률; C1; 1Y -6.45%; 비교지수 없음
CLASS000544,FUND000039,2Y,-4.24,,2025-01-31,DOC000041,48,[p.48-49] 연평균수익률; C1; 2Y -4.24%; 비교지수 없음
CLASS000544,FUND000039,3Y,-3.65,,2025-01-31,DOC000041,48,[p.48-49] 연평균수익률; C1; 3Y -3.65%; 비교지수 없음
CLASS000544,FUND000039,5Y,2.92,,2025-01-31,DOC000041,48,[p.48-49] 연평균수익률; C1; 5Y 2.92%; 비교지수 없음
CLASS000544,FUND000039,SINCE_INCEPTION,2.34,,2025-01-31,DOC000041,48,[p.48-49] 연평균수익률; C1; SINCE_INCEPTION 2.34%; 비교지수 없음
CLASS000545,FUND000039,1Y,-8.35,,2025-01-31,DOC000041,48,[p.48-49] 연평균수익률; C2; 1Y -8.35%; 비교지수 없음
CLASS000545,FUND000039,2Y,-4.26,,2025-01-31,DOC000041,48,[p.48-49] 연평균수익률; C2; 2Y -4.26%; 비교지수 없음
CLASS000545,FUND000039,3Y,-2.86,,2025-01-31,DOC000041,48,[p.48-49] 연평균수익률; C2; 3Y -2.86%; 비교지수 없음
CLASS000545,FUND000039,5Y,-0.92,,2025-01-31,DOC000041,48,[p.48-49] 연평균수익률; C2; 5Y -0.92%; 비교지수 없음
CLASS000545,FUND000039,SINCE_INCEPTION,0.52,,2025-01-31,DOC000041,48,[p.48-49] 연평균수익률; C2; SINCE_INCEPTION 0.52%; 비교지수 없음
CLASS000547,FUND000039,1Y,-6.06,,2025-01-31,DOC000041,48,[p.48-49] 연평균수익률; C4; 1Y -6.06%; 비교지수 없음
CLASS000547,FUND000039,2Y,-3.84,,2025-01-31,DOC000041,48,[p.48-49] 연평균수익률; C4; 2Y -3.84%; 비교지수 없음
CLASS000547,FUND000039,3Y,-3.26,,2025-01-31,DOC000041,48,[p.48-49] 연평균수익률; C4; 3Y -3.26%; 비교지수 없음
CLASS000547,FUND000039,5Y,3.35,,2025-01-31,DOC000041,48,[p.48-49] 연평균수익률; C4; 5Y 3.35%; 비교지수 없음
CLASS000547,FUND000039,SINCE_INCEPTION,3.41,,2025-01-31,DOC000041,48,[p.48-49] 연평균수익률; C4; SINCE_INCEPTION 3.41%; 비교지수 없음
CLASS000548,FUND000039,1Y,-5.79,,2025-01-31,DOC000041,48,[p.48-49] 연평균수익률; C-e; 1Y -5.79%; 비교지수 없음
CLASS000548,FUND000039,2Y,-3.56,,2025-01-31,DOC000041,48,[p.48-49] 연평균수익률; C-e; 2Y -3.56%; 비교지수 없음
CLASS000548,FUND000039,3Y,-2.98,,2025-01-31,DOC000041,48,[p.48-49] 연평균수익률; C-e; 3Y -2.98%; 비교지수 없음
CLASS000548,FUND000039,5Y,3.64,,2025-01-31,DOC000041,48,[p.48-49] 연평균수익률; C-e; 5Y 3.64%; 비교지수 없음
CLASS000548,FUND000039,SINCE_INCEPTION,3.06,,2025-01-31,DOC000041,48,[p.48-49] 연평균수익률; C-e; SINCE_INCEPTION 3.06%; 비교지수 없음
CLASS000551,FUND000039,1Y,-6.06,,2025-01-31,DOC000041,48,[p.48-49] 연평균수익률; C-r; 1Y -6.06%; 비교지수 없음
CLASS000551,FUND000039,2Y,-3.83,,2025-01-31,DOC000041,48,[p.48-49] 연평균수익률; C-r; 2Y -3.83%; 비교지수 없음
CLASS000551,FUND000039,3Y,-3.25,,2025-01-31,DOC000041,48,[p.48-49] 연평균수익률; C-r; 3Y -3.25%; 비교지수 없음
CLASS000551,FUND000039,5Y,3.35,,2025-01-31,DOC000041,48,[p.48-49] 연평균수익률; C-r; 5Y 3.35%; 비교지수 없음
CLASS000551,FUND000039,SINCE_INCEPTION,1.52,,2025-01-31,DOC000041,48,[p.48-49] 연평균수익률; C-r; SINCE_INCEPTION 1.52%; 비교지수 없음
CLASS000552,FUND000039,1Y,-5.69,,2025-01-31,DOC000041,48,[p.48-49] 연평균수익률; C-re; 1Y -5.69%; 비교지수 없음
CLASS000552,FUND000039,2Y,-3.46,,2025-01-31,DOC000041,48,[p.48-49] 연평균수익률; C-re; 2Y -3.46%; 비교지수 없음
CLASS000552,FUND000039,3Y,-2.87,,2025-01-31,DOC000041,48,[p.48-49] 연평균수익률; C-re; 3Y -2.87%; 비교지수 없음
CLASS000552,FUND000039,5Y,3.75,,2025-01-31,DOC000041,48,[p.48-49] 연평균수익률; C-re; 5Y 3.75%; 비교지수 없음
CLASS000552,FUND000039,SINCE_INCEPTION,1.94,,2025-01-31,DOC000041,48,[p.48-49] 연평균수익률; C-re; SINCE_INCEPTION 1.94%; 비교지수 없음
CLASS000555,FUND000039,1Y,-5.64,,2025-01-31,DOC000041,48,[p.48-49] 연평균수익률; S; 1Y -5.64%; 비교지수 없음
CLASS000555,FUND000039,2Y,-3.42,,2025-01-31,DOC000041,48,[p.48-49] 연평균수익률; S; 2Y -3.42%; 비교지수 없음
CLASS000555,FUND000039,3Y,-2.83,,2025-01-31,DOC000041,48,[p.48-49] 연평균수익률; S; 3Y -2.83%; 비교지수 없음
CLASS000555,FUND000039,5Y,3.8,,2025-01-31,DOC000041,48,[p.48-49] 연평균수익률; S; 5Y 3.8%; 비교지수 없음
CLASS000555,FUND000039,SINCE_INCEPTION,3.1,,2025-01-31,DOC000041,48,[p.48-49] 연평균수익률; S; SINCE_INCEPTION 3.1%; 비교지수 없음
CLASS000556,FUND000039,1Y,-5.55,,2025-01-31,DOC000041,48,[p.48-49] 연평균수익률; S-P; 1Y -5.55%; 비교지수 없음
CLASS000556,FUND000039,2Y,-3.32,,2025-01-31,DOC000041,48,[p.48-49] 연평균수익률; S-P; 2Y -3.32%; 비교지수 없음
CLASS000556,FUND000039,3Y,-2.73,,2025-01-31,DOC000041,48,[p.48-49] 연평균수익률; S-P; 3Y -2.73%; 비교지수 없음
CLASS000556,FUND000039,5Y,3.9,,2025-01-31,DOC000041,48,[p.48-49] 연평균수익률; S-P; 5Y 3.9%; 비교지수 없음
CLASS000556,FUND000039,SINCE_INCEPTION,2.08,,2025-01-31,DOC000041,48,[p.48-49] 연평균수익률; S-P; SINCE_INCEPTION 2.08%; 비교지수 없음
CLASS000557,FUND000040,1Y,3.15,3.74,2025-07-31,DOC000042,33,[p.33] 연평균수익률; C1; 1Y 3.15%; 비교지수 3.74%
CLASS000557,FUND000040,2Y,3.56,4.08,2025-07-31,DOC000042,33,[p.33] 연평균수익률; C1; 2Y 3.56%; 비교지수 4.08%
CLASS000557,FUND000040,3Y,3.28,3.83,2025-07-31,DOC000042,33,[p.33] 연평균수익률; C1; 3Y 3.28%; 비교지수 3.83%
CLASS000557,FUND000040,5Y,1.84,2.43,2025-07-31,DOC000042,33,[p.33] 연평균수익률; C1; 5Y 1.84%; 비교지수 2.43%
CLASS000557,FUND000040,SINCE_INCEPTION,2.86,3.32,2025-07-31,DOC000042,33,[p.33] 연평균수익률; C1; SINCE_INCEPTION 2.86%; 비교지수 3.32%
CLASS000558,FUND000040,1Y,3.29,3.74,2025-07-31,DOC000042,33,[p.33] 연평균수익률; C-e; 1Y 3.29%; 비교지수 3.74%
CLASS000558,FUND000040,2Y,3.7,4.08,2025-07-31,DOC000042,33,[p.33] 연평균수익률; C-e; 2Y 3.7%; 비교지수 4.08%
CLASS000558,FUND000040,3Y,3.42,3.83,2025-07-31,DOC000042,33,[p.33] 연평균수익률; C-e; 3Y 3.42%; 비교지수 3.83%
CLASS000558,FUND000040,5Y,1.98,2.43,2025-07-31,DOC000042,33,[p.33] 연평균수익률; C-e; 5Y 1.98%; 비교지수 2.43%
CLASS000558,FUND000040,SINCE_INCEPTION,2.01,3.32,2025-07-31,DOC000042,33,[p.33] 연평균수익률; C-e; SINCE_INCEPTION 2.01%; 비교지수 3.32%
CLASS000569,FUND000041,1Y,6.35,6.73,2025-01-31,DOC000043,48,[p.48-49] 연평균수익률; C-r; 1Y 6.35%; 비교지수 6.73%
CLASS000569,FUND000041,2Y,5.34,5.48,2025-01-31,DOC000043,48,[p.48-49] 연평균수익률; C-r; 2Y 5.34%; 비교지수 5.48%
CLASS000569,FUND000041,3Y,3.08,3.14,2025-01-31,DOC000043,48,[p.48-49] 연평균수익률; C-r; 3Y 3.08%; 비교지수 3.14%
CLASS000569,FUND000041,5Y,1.63,1.53,2025-01-31,DOC000043,48,[p.48-49] 연평균수익률; C-r; 5Y 1.63%; 비교지수 1.53%
CLASS000569,FUND000041,SINCE_INCEPTION,3.89,3.74,2025-01-31,DOC000043,48,[p.48-49] 연평균수익률; C-r; SINCE_INCEPTION 3.89%; 비교지수 3.74%
CLASS000570,FUND000041,1Y,6.45,6.73,2025-01-31,DOC000043,48,[p.48-49] 연평균수익률; C-re; 1Y 6.45%; 비교지수 6.73%
CLASS000570,FUND000041,2Y,5.45,5.48,2025-01-31,DOC000043,48,[p.48-49] 연평균수익률; C-re; 2Y 5.45%; 비교지수 5.48%
CLASS000570,FUND000041,3Y,3.18,3.14,2025-01-31,DOC000043,48,[p.48-49] 연평균수익률; C-re; 3Y 3.18%; 비교지수 3.14%
CLASS000570,FUND000041,5Y,1.73,1.53,2025-01-31,DOC000043,48,[p.48-49] 연평균수익률; C-re; 5Y 1.73%; 비교지수 1.53%
CLASS000570,FUND000041,SINCE_INCEPTION,2.29,3.74,2025-01-31,DOC000043,48,[p.48-49] 연평균수익률; C-re; SINCE_INCEPTION 2.29%; 비교지수 3.74%
CLASS000572,FUND000041,SINCE_INCEPTION,-0.81,3.74,2025-01-31,DOC000043,48,[p.48] 연평균수익률; S; SINCE_INCEPTION -0.81%; 비교지수 3.74%
CLASS000573,FUND000041,SINCE_INCEPTION,-0.79,3.74,2025-01-31,DOC000043,48,[p.48] 연평균수익률; S-P; SINCE_INCEPTION -0.79%; 비교지수 3.74%
CLASS000574,FUND000041,SINCE_INCEPTION,-3.16,3.74,2025-01-31,DOC000043,48,[p.48] 연평균수익률; S-R; SINCE_INCEPTION -3.16%; 비교지수 3.74%
CLASS000575,FUND000042,1Y,4.72,4.21,2025-09-04,DOC000044,57|58|59|60,연평균수익률; A; 1Y 4.72%; 비교지수 4.21%
CLASS000575,FUND000042,2Y,6.74,5.84,2025-09-04,DOC000044,57|58|59|60,연평균수익률; A; 2Y 6.74%; 비교지수 5.84%
CLASS000575,FUND000042,3Y,5.9,5.14,2025-09-04,DOC000044,57|58|59|60,연평균수익률; A; 3Y 5.9%; 비교지수 5.14%
CLASS000575,FUND000042,5Y,2.33,1.63,2025-09-04,DOC000044,57|58|59|60,연평균수익률; A; 5Y 2.33%; 비교지수 1.63%
CLASS000575,FUND000042,SINCE_INCEPTION,3.69,3.57,2025-09-04,DOC000044,57|58|59|60,연평균수익률; A; SINCE_INCEPTION 3.69%; 비교지수 3.57%
CLASS000576,FUND000042,1Y,4.41,4.21,2025-09-04,DOC000044,57|58|59|60,연평균수익률; C1; 1Y 4.41%; 비교지수 4.21%
CLASS000576,FUND000042,2Y,6.43,5.84,2025-09-04,DOC000044,57|58|59|60,연평균수익률; C1; 2Y 6.43%; 비교지수 5.84%
CLASS000576,FUND000042,3Y,5.58,5.14,2025-09-04,DOC000044,57|58|59|60,연평균수익률; C1; 3Y 5.58%; 비교지수 5.14%
CLASS000576,FUND000042,5Y,2.02,1.63,2025-09-04,DOC000044,57|58|59|60,연평균수익률; C1; 5Y 2.02%; 비교지수 1.63%
CLASS000576,FUND000042,SINCE_INCEPTION,3.47,3.57,2025-09-04,DOC000044,57|58|59|60,연평균수익률; C1; SINCE_INCEPTION 3.47%; 비교지수 3.57%
CLASS000577,FUND000042,1Y,4.22,3.67,2025-09-04,DOC000044,57|58|59|60,연평균수익률; C2; 1Y 4.22%; 비교지수 3.67%
CLASS000577,FUND000042,2Y,4.4,3.64,2025-09-04,DOC000044,57|58|59|60,연평균수익률; C2; 2Y 4.4%; 비교지수 3.64%
CLASS000577,FUND000042,3Y,4.8,3.68,2025-09-04,DOC000044,57|58|59|60,연평균수익률; C2; 3Y 4.8%; 비교지수 3.68%
CLASS000577,FUND000042,5Y,1.61,0.78,2025-09-04,DOC000044,57|58|59|60,연평균수익률; C2; 5Y 1.61%; 비교지수 0.78%
CLASS000577,FUND000042,SINCE_INCEPTION,2.86,2.75,2025-09-04,DOC000044,57|58|59|60,연평균수익률; C2; SINCE_INCEPTION 2.86%; 비교지수 2.75%
CLASS000580,FUND000042,1Y,4.67,4.21,2025-09-04,DOC000044,57|58|59|60,연평균수익률; CF; 1Y 4.67%; 비교지수 4.21%
CLASS000580,FUND000042,2Y,6.69,5.84,2025-09-04,DOC000044,57|58|59|60,연평균수익률; CF; 2Y 6.69%; 비교지수 5.84%
CLASS000580,FUND000042,5Y,4.41,3.96,2025-09-04,DOC000044,57|58|59|60,연평균수익률; CF; 5Y 4.41%; 비교지수 3.96%
CLASS000580,FUND000042,SINCE_INCEPTION,0.69,0.55,2025-09-04,DOC000044,57|58|59|60,연평균수익률; CF; SINCE_INCEPTION 0.69%; 비교지수 0.55%
CLASS000581,FUND000042,1Y,4.51,4.21,2025-09-04,DOC000044,57|58|59|60,연평균수익률; CP; 1Y 4.51%; 비교지수 4.21%
CLASS000581,FUND000042,2Y,6.53,5.84,2025-09-04,DOC000044,57|58|59|60,연평균수익률; CP; 2Y 6.53%; 비교지수 5.84%
CLASS000581,FUND000042,3Y,5.69,5.14,2025-09-04,DOC000044,57|58|59|60,연평균수익률; CP; 3Y 5.69%; 비교지수 5.14%
CLASS000581,FUND000042,5Y,2.12,1.63,2025-09-04,DOC000044,57|58|59|60,연평균수익률; CP; 5Y 2.12%; 비교지수 1.63%
CLASS000581,FUND000042,SINCE_INCEPTION,1.75,3.57,2025-09-04,DOC000044,57|58|59|60,연평균수익률; CP; SINCE_INCEPTION 1.75%; 비교지수 3.57%
CLASS000578,FUND000042,1Y,4.72,4.21,2025-09-04,DOC000044,57|58|59|60,연평균수익률; CW; 1Y 4.72%; 비교지수 4.21%
CLASS000578,FUND000042,2Y,6.74,5.84,2025-09-04,DOC000044,57|58|59|60,연평균수익률; CW; 2Y 6.74%; 비교지수 5.84%
CLASS000578,FUND000042,3Y,5.9,5.14,2025-09-04,DOC000044,57|58|59|60,연평균수익률; CW; 3Y 5.9%; 비교지수 5.14%
CLASS000578,FUND000042,5Y,2.33,1.63,2025-09-04,DOC000044,57|58|59|60,연평균수익률; CW; 5Y 2.33%; 비교지수 1.63%
CLASS000578,FUND000042,SINCE_INCEPTION,3.12,3.57,2025-09-04,DOC000044,57|58|59|60,연평균수익률; CW; SINCE_INCEPTION 3.12%; 비교지수 3.57%
CLASS000582,FUND000042,1Y,1.69,4.21,2025-09-04,DOC000044,57|58|59|60,연평균수익률; A-i; 1Y 1.69%; 비교지수 4.21%
CLASS000582,FUND000042,2Y,5.17,5.84,2025-09-04,DOC000044,57|58|59|60,연평균수익률; A-i; 2Y 5.17%; 비교지수 5.84%
CLASS000582,FUND000042,3Y,4.85,5.14,2025-09-04,DOC000044,57|58|59|60,연평균수익률; A-i; 3Y 4.85%; 비교지수 5.14%
CLASS000582,FUND000042,5Y,1.85,1.63,2025-09-04,DOC000044,57|58|59|60,연평균수익률; A-i; 5Y 1.85%; 비교지수 1.63%
CLASS000582,FUND000042,SINCE_INCEPTION,0.84,3.57,2025-09-04,DOC000044,57|58|59|60,연평균수익률; A-i; SINCE_INCEPTION 0.84%; 비교지수 3.57%
CLASS000584,FUND000042,1Y,4.51,4.21,2025-09-04,DOC000044,57|58|59|60,연평균수익률; A2; 1Y 4.51%; 비교지수 4.21%
CLASS000584,FUND000042,2Y,6.53,5.84,2025-09-04,DOC000044,57|58|59|60,연평균수익률; A2; 2Y 6.53%; 비교지수 5.84%
CLASS000584,FUND000042,3Y,5.69,5.14,2025-09-04,DOC000044,57|58|59|60,연평균수익률; A2; 3Y 5.69%; 비교지수 5.14%
CLASS000584,FUND000042,5Y,2.12,1.63,2025-09-04,DOC000044,57|58|59|60,연평균수익률; A2; 5Y 2.12%; 비교지수 1.63%
CLASS000584,FUND000042,SINCE_INCEPTION,2.39,3.57,2025-09-04,DOC000044,57|58|59|60,연평균수익률; A2; SINCE_INCEPTION 2.39%; 비교지수 3.57%
CLASS000585,FUND000042,1Y,4.56,4.21,2025-09-04,DOC000044,57|58|59|60,연평균수익률; CE; 1Y 4.56%; 비교지수 4.21%
CLASS000585,FUND000042,2Y,6.58,5.84,2025-09-04,DOC000044,57|58|59|60,연평균수익률; CE; 2Y 6.58%; 비교지수 5.84%
CLASS000585,FUND000042,3Y,5.74,5.14,2025-09-04,DOC000044,57|58|59|60,연평균수익률; CE; 3Y 5.74%; 비교지수 5.14%
CLASS000585,FUND000042,5Y,2.18,1.63,2025-09-04,DOC000044,57|58|59|60,연평균수익률; CE; 5Y 2.18%; 비교지수 1.63%
CLASS000585,FUND000042,SINCE_INCEPTION,2.43,3.57,2025-09-04,DOC000044,57|58|59|60,연평균수익률; CE; SINCE_INCEPTION 2.43%; 비교지수 3.57%
CLASS000586,FUND000042,1Y,4.63,4.21,2025-09-04,DOC000044,57|58|59|60,연평균수익률; S; 1Y 4.63%; 비교지수 4.21%
CLASS000586,FUND000042,2Y,6.64,5.84,2025-09-04,DOC000044,57|58|59|60,연평균수익률; S; 2Y 6.64%; 비교지수 5.84%
CLASS000586,FUND000042,3Y,5.8,5.14,2025-09-04,DOC000044,57|58|59|60,연평균수익률; S; 3Y 5.8%; 비교지수 5.14%
CLASS000586,FUND000042,5Y,2.23,1.63,2025-09-04,DOC000044,57|58|59|60,연평균수익률; S; 5Y 2.23%; 비교지수 1.63%
CLASS000586,FUND000042,SINCE_INCEPTION,2.48,3.57,2025-09-04,DOC000044,57|58|59|60,연평균수익률; S; SINCE_INCEPTION 2.48%; 비교지수 3.57%
CLASS000587,FUND000042,1Y,4.64,4.21,2025-09-04,DOC000044,57|58|59|60,연평균수익률; S-P; 1Y 4.64%; 비교지수 4.21%
CLASS000587,FUND000042,2Y,6.66,5.84,2025-09-04,DOC000044,57|58|59|60,연평균수익률; S-P; 2Y 6.66%; 비교지수 5.84%
CLASS000587,FUND000042,3Y,5.81,5.14,2025-09-04,DOC000044,57|58|59|60,연평균수익률; S-P; 3Y 5.81%; 비교지수 5.14%
CLASS000587,FUND000042,5Y,2.25,1.63,2025-09-04,DOC000044,57|58|59|60,연평균수익률; S-P; 5Y 2.25%; 비교지수 1.63%
CLASS000587,FUND000042,SINCE_INCEPTION,2.37,3.57,2025-09-04,DOC000044,57|58|59|60,연평균수익률; S-P; SINCE_INCEPTION 2.37%; 비교지수 3.57%
CLASS000588,FUND000042,1Y,4.62,4.21,2025-09-04,DOC000044,57|58|59|60,연평균수익률; Ae; 1Y 4.62%; 비교지수 4.21%
CLASS000588,FUND000042,2Y,6.64,5.84,2025-09-04,DOC000044,57|58|59|60,연평균수익률; Ae; 2Y 6.64%; 비교지수 5.84%
CLASS000588,FUND000042,3Y,5.79,5.14,2025-09-04,DOC000044,57|58|59|60,연평균수익률; Ae; 3Y 5.79%; 비교지수 5.14%
CLASS000588,FUND000042,5Y,2.23,1.63,2025-09-04,DOC000044,57|58|59|60,연평균수익률; Ae; 5Y 2.23%; 비교지수 1.63%
CLASS000590,FUND000042,1Y,4.62,4.21,2025-09-04,DOC000044,57|58|59|60,연평균수익률; C-Pe; 1Y 4.62%; 비교지수 4.21%
CLASS000590,FUND000042,2Y,6.64,5.84,2025-09-04,DOC000044,57|58|59|60,연평균수익률; C-Pe; 2Y 6.64%; 비교지수 5.84%
CLASS000590,FUND000042,3Y,5.79,5.14,2025-09-04,DOC000044,57|58|59|60,연평균수익률; C-Pe; 3Y 5.79%; 비교지수 5.14%
CLASS000590,FUND000042,5Y,2.23,1.63,2025-09-04,DOC000044,57|58|59|60,연평균수익률; C-Pe; 5Y 2.23%; 비교지수 1.63%
CLASS000590,FUND000042,SINCE_INCEPTION,2.63,3.57,2025-09-04,DOC000044,57|58|59|60,연평균수익률; C-Pe; SINCE_INCEPTION 2.63%; 비교지수 3.57%
CLASS000591,FUND000042,1Y,4.6,4.21,2025-09-04,DOC000044,57|58|59|60,연평균수익률; C-P2e; 1Y 4.6%; 비교지수 4.21%
CLASS000591,FUND000042,2Y,6.62,5.84,2025-09-04,DOC000044,57|58|59|60,연평균수익률; C-P2e; 2Y 6.62%; 비교지수 5.84%
CLASS000591,FUND000042,3Y,5.77,5.14,2025-09-04,DOC000044,57|58|59|60,연평균수익률; C-P2e; 3Y 5.77%; 비교지수 5.14%
CLASS000591,FUND000042,5Y,2.21,1.63,2025-09-04,DOC000044,57|58|59|60,연평균수익률; C-P2e; 5Y 2.21%; 비교지수 1.63%
CLASS000591,FUND000042,SINCE_INCEPTION,2.82,3.57,2025-09-04,DOC000044,57|58|59|60,연평균수익률; C-P2e; SINCE_INCEPTION 2.82%; 비교지수 3.57%
CLASS000583,FUND000042,1Y,4.46,4.21,2025-09-04,DOC000044,57|58|59|60,연평균수익률; C-P2; 1Y 4.46%; 비교지수 4.21%
CLASS000583,FUND000042,2Y,6.48,5.84,2025-09-04,DOC000044,57|58|59|60,연평균수익률; C-P2; 2Y 6.48%; 비교지수 5.84%
CLASS000583,FUND000042,3Y,5.64,5.14,2025-09-04,DOC000044,57|58|59|60,연평균수익률; C-P2; 3Y 5.64%; 비교지수 5.14%
CLASS000583,FUND000042,5Y,2.07,1.63,2025-09-04,DOC000044,57|58|59|60,연평균수익률; C-P2; 5Y 2.07%; 비교지수 1.63%
CLASS000583,FUND000042,SINCE_INCEPTION,2.45,3.57,2025-09-04,DOC000044,57|58|59|60,연평균수익률; C-P2; SINCE_INCEPTION 2.45%; 비교지수 3.57%
CLASS000593,FUND000043,1Y,3.91,3.72,2024-12-20,DOC000045,57|58|59|60,연평균수익률; A; 1Y 3.91%; 비교지수 3.72%
CLASS000593,FUND000043,2Y,4.17,3.88,2024-12-20,DOC000045,57|58|59|60,연평균수익률; A; 2Y 4.17%; 비교지수 3.88%
CLASS000593,FUND000043,SINCE_INCEPTION,4.17,3.88,2024-12-20,DOC000045,57|58|59|60,연평균수익률; A; SINCE_INCEPTION 4.17%; 비교지수 3.88%
CLASS000594,FUND000043,1Y,4,3.72,2024-12-20,DOC000045,57|58|59|60,연평균수익률; Ae; 1Y 4%; 비교지수 3.72%
CLASS000594,FUND000043,2Y,4.27,3.88,2024-12-20,DOC000045,57|58|59|60,연평균수익률; Ae; 2Y 4.27%; 비교지수 3.88%
CLASS000594,FUND000043,SINCE_INCEPTION,4.27,3.88,2024-12-20,DOC000045,57|58|59|60,연평균수익률; Ae; SINCE_INCEPTION 4.27%; 비교지수 3.88%
CLASS000595,FUND000043,1Y,3.34,3.32,2024-12-20,DOC000045,57|58|59|60,연평균수익률; C; 1Y 3.34%; 비교지수 3.32%
CLASS000595,FUND000043,2Y,3.82,3.68,2024-12-20,DOC000045,57|58|59|60,연평균수익률; C; 2Y 3.82%; 비교지수 3.68%
CLASS000595,FUND000043,SINCE_INCEPTION,3.82,3.68,2024-12-20,DOC000045,57|58|59|60,연평균수익률; C; SINCE_INCEPTION 3.82%; 비교지수 3.68%
CLASS000596,FUND000043,1Y,3.94,3.72,2024-12-20,DOC000045,57|58|59|60,연평균수익률; Ce; 1Y 3.94%; 비교지수 3.72%
CLASS000596,FUND000043,2Y,4.19,3.88,2024-12-20,DOC000045,57|58|59|60,연평균수익률; Ce; 2Y 4.19%; 비교지수 3.88%
CLASS000596,FUND000043,SINCE_INCEPTION,4.19,3.88,2024-12-20,DOC000045,57|58|59|60,연평균수익률; Ce; SINCE_INCEPTION 4.19%; 비교지수 3.88%
CLASS000597,FUND000043,1Y,4.06,3.72,2024-12-20,DOC000045,57|58|59|60,연평균수익률; C-F; 1Y 4.06%; 비교지수 3.72%
CLASS000597,FUND000043,2Y,4.31,3.88,2024-12-20,DOC000045,57|58|59|60,연평균수익률; C-F; 2Y 4.31%; 비교지수 3.88%
CLASS000597,FUND000043,SINCE_INCEPTION,4.31,3.88,2024-12-20,DOC000045,57|58|59|60,연평균수익률; C-F; SINCE_INCEPTION 4.31%; 비교지수 3.88%
CLASS000599,FUND000043,1Y,4.07,3.72,2024-12-20,DOC000045,57|58|59|60,연평균수익률; C-P; 1Y 4.07%; 비교지수 3.72%
CLASS000599,FUND000043,2Y,4.28,3.88,2024-12-20,DOC000045,57|58|59|60,연평균수익률; C-P; 2Y 4.28%; 비교지수 3.88%
CLASS000599,FUND000043,SINCE_INCEPTION,4.28,3.88,2024-12-20,DOC000045,57|58|59|60,연평균수익률; C-P; SINCE_INCEPTION 4.28%; 비교지수 3.88%
CLASS000600,FUND000043,1Y,4.01,3.72,2024-12-20,DOC000045,57|58|59|60,연평균수익률; C-Pe; 1Y 4.01%; 비교지수 3.72%
CLASS000600,FUND000043,2Y,4.26,3.88,2024-12-20,DOC000045,57|58|59|60,연평균수익률; C-Pe; 2Y 4.26%; 비교지수 3.88%
CLASS000600,FUND000043,SINCE_INCEPTION,4.26,3.88,2024-12-20,DOC000045,57|58|59|60,연평균수익률; C-Pe; SINCE_INCEPTION 4.26%; 비교지수 3.88%
CLASS000601,FUND000043,1Y,3.98,3.72,2024-12-20,DOC000045,57|58|59|60,연평균수익률; C-R; 1Y 3.98%; 비교지수 3.72%
CLASS000601,FUND000043,2Y,4.24,3.88,2024-12-20,DOC000045,57|58|59|60,연평균수익률; C-R; 2Y 4.24%; 비교지수 3.88%
CLASS000601,FUND000043,SINCE_INCEPTION,4.24,3.88,2024-12-20,DOC000045,57|58|59|60,연평균수익률; C-R; SINCE_INCEPTION 4.24%; 비교지수 3.88%
CLASS000602,FUND000043,1Y,4.02,3.72,2024-12-20,DOC000045,57|58|59|60,연평균수익률; C-Re; 1Y 4.02%; 비교지수 3.72%
CLASS000602,FUND000043,2Y,4.27,3.88,2024-12-20,DOC000045,57|58|59|60,연평균수익률; C-Re; 2Y 4.27%; 비교지수 3.88%
CLASS000602,FUND000043,SINCE_INCEPTION,4.27,3.88,2024-12-20,DOC000045,57|58|59|60,연평균수익률; C-Re; SINCE_INCEPTION 4.27%; 비교지수 3.88%
CLASS000605,FUND000043,1Y,3.99,3.72,2024-12-20,DOC000045,57|58|59|60,연평균수익률; S; 1Y 3.99%; 비교지수 3.72%
CLASS000605,FUND000043,2Y,4.24,3.88,2024-12-20,DOC000045,57|58|59|60,연평균수익률; S; 2Y 4.24%; 비교지수 3.88%
CLASS000605,FUND000043,SINCE_INCEPTION,4.24,3.88,2024-12-20,DOC000045,57|58|59|60,연평균수익률; S; SINCE_INCEPTION 4.24%; 비교지수 3.88%
CLASS000606,FUND000043,1Y,4.01,3.72,2024-12-20,DOC000045,57|58|59|60,연평균수익률; S-P; 1Y 4.01%; 비교지수 3.72%
CLASS000606,FUND000043,2Y,4.26,3.88,2024-12-20,DOC000045,57|58|59|60,연평균수익률; S-P; 2Y 4.26%; 비교지수 3.88%
CLASS000606,FUND000043,SINCE_INCEPTION,4.26,3.88,2024-12-20,DOC000045,57|58|59|60,연평균수익률; S-P; SINCE_INCEPTION 4.26%; 비교지수 3.88%
CLASS000607,FUND000043,1Y,4.02,3.72,2024-12-20,DOC000045,57|58|59|60,연평균수익률; S-R; 1Y 4.02%; 비교지수 3.72%
CLASS000607,FUND000043,SINCE_INCEPTION,4.23,3.86,2024-12-20,DOC000045,57|58|59|60,연평균수익률; S-R; SINCE_INCEPTION 4.23%; 비교지수 3.86%
CLASS000609,FUND000044,1Y,-1.79,-4,2024-12-18,DOC000046,66|67,연평균수익률; A1; 1Y -1.79%; 비교지수 -4%
CLASS000609,FUND000044,2Y,5.8,3.55,2024-12-18,DOC000046,66|67,연평균수익률; A1; 2Y 5.8%; 비교지수 3.55%
CLASS000609,FUND000044,3Y,-4.08,-6.15,2024-12-18,DOC000046,66|67,연평균수익률; A1; 3Y -4.08%; 비교지수 -6.15%
CLASS000609,FUND000044,5Y,4.64,2.3,2024-12-18,DOC000046,66|67,연평균수익률; A1; 5Y 4.64%; 비교지수 2.3%
CLASS000609,FUND000044,SINCE_INCEPTION,6.97,4.9,2024-12-18,DOC000046,66|67,연평균수익률; A1; SINCE_INCEPTION 6.97%; 비교지수 4.9%
CLASS000610,FUND000044,1Y,-2.42,-4,2024-12-18,DOC000046,66|67,연평균수익률; C1; 1Y -2.42%; 비교지수 -4%
CLASS000610,FUND000044,2Y,5.13,3.55,2024-12-18,DOC000046,66|67,연평균수익률; C1; 2Y 5.13%; 비교지수 3.55%
CLASS000610,FUND000044,3Y,-4.69,-6.15,2024-12-18,DOC000046,66|67,연평균수익률; C1; 3Y -4.69%; 비교지수 -6.15%
CLASS000610,FUND000044,5Y,3.98,2.3,2024-12-18,DOC000046,66|67,연평균수익률; C1; 5Y 3.98%; 비교지수 2.3%
CLASS000610,FUND000044,SINCE_INCEPTION,6.33,4.9,2024-12-18,DOC000046,66|67,연평균수익률; C1; SINCE_INCEPTION 6.33%; 비교지수 4.9%
CLASS000611,FUND000044,1Y,-2.31,-4,2024-12-18,DOC000046,66|67,연평균수익률; C2; 1Y -2.31%; 비교지수 -4%
CLASS000611,FUND000044,2Y,5.25,3.55,2024-12-18,DOC000046,66|67,연평균수익률; C2; 2Y 5.25%; 비교지수 3.55%
CLASS000611,FUND000044,3Y,-4.59,-6.15,2024-12-18,DOC000046,66|67,연평균수익률; C2; 3Y -4.59%; 비교지수 -6.15%
CLASS000611,FUND000044,5Y,4.09,2.3,2024-12-18,DOC000046,66|67,연평균수익률; C2; 5Y 4.09%; 비교지수 2.3%
CLASS000611,FUND000044,SINCE_INCEPTION,3.79,4.9,2024-12-18,DOC000046,66|67,연평균수익률; C2; SINCE_INCEPTION 3.79%; 비교지수 4.9%
CLASS000612,FUND000044,1Y,-2.21,-4,2024-12-18,DOC000046,66|67,연평균수익률; C3; 1Y -2.21%; 비교지수 -4%
CLASS000612,FUND000044,2Y,5.36,3.55,2024-12-18,DOC000046,66|67,연평균수익률; C3; 2Y 5.36%; 비교지수 3.55%
CLASS000612,FUND000044,3Y,-4.49,-6.15,2024-12-18,DOC000046,66|67,연평균수익률; C3; 3Y -4.49%; 비교지수 -6.15%
CLASS000612,FUND000044,5Y,4.19,2.3,2024-12-18,DOC000046,66|67,연평균수익률; C3; 5Y 4.19%; 비교지수 2.3%
CLASS000612,FUND000044,SINCE_INCEPTION,2.37,4.9,2024-12-18,DOC000046,66|67,연평균수익률; C3; SINCE_INCEPTION 2.37%; 비교지수 4.9%
CLASS000613,FUND000044,1Y,-2.12,-4,2024-12-18,DOC000046,66|67,연평균수익률; C4; 1Y -2.12%; 비교지수 -4%
CLASS000613,FUND000044,2Y,5.45,3.55,2024-12-18,DOC000046,66|67,연평균수익률; C4; 2Y 5.45%; 비교지수 3.55%
CLASS000613,FUND000044,3Y,-4.4,-6.15,2024-12-18,DOC000046,66|67,연평균수익률; C4; 3Y -4.4%; 비교지수 -6.15%
CLASS000613,FUND000044,5Y,4.29,2.3,2024-12-18,DOC000046,66|67,연평균수익률; C4; 5Y 4.29%; 비교지수 2.3%
CLASS000613,FUND000044,SINCE_INCEPTION,3.79,4.9,2024-12-18,DOC000046,66|67,연평균수익률; C4; SINCE_INCEPTION 3.79%; 비교지수 4.9%
CLASS000615,FUND000044,1Y,-1.51,-4,2024-12-18,DOC000046,66|67,연평균수익률; Ce; 1Y -1.51%; 비교지수 -4%
CLASS000615,FUND000044,2Y,6.1,3.55,2024-12-18,DOC000046,66|67,연평균수익률; Ce; 2Y 6.1%; 비교지수 3.55%
CLASS000615,FUND000044,3Y,-3.81,-6.15,2024-12-18,DOC000046,66|67,연평균수익률; Ce; 3Y -3.81%; 비교지수 -6.15%
CLASS000615,FUND000044,5Y,4.94,2.3,2024-12-18,DOC000046,66|67,연평균수익률; Ce; 5Y 4.94%; 비교지수 2.3%
CLASS000615,FUND000044,SINCE_INCEPTION,7.27,4.9,2024-12-18,DOC000046,66|67,연평균수익률; Ce; SINCE_INCEPTION 7.27%; 비교지수 4.9%
CLASS000616,FUND000044,1Y,-2.29,-4,2024-12-18,DOC000046,66|67,연평균수익률; C-장마; 1Y -2.29%; 비교지수 -4%
CLASS000616,FUND000044,2Y,5.27,3.55,2024-12-18,DOC000046,66|67,연평균수익률; C-장마; 2Y 5.27%; 비교지수 3.55%
CLASS000616,FUND000044,3Y,-4.57,-6.15,2024-12-18,DOC000046,66|67,연평균수익률; C-장마; 3Y -4.57%; 비교지수 -6.15%
CLASS000616,FUND000044,5Y,4.1,2.3,2024-12-18,DOC000046,66|67,연평균수익률; C-장마; 5Y 4.1%; 비교지수 2.3%
CLASS000616,FUND000044,SINCE_INCEPTION,5.1,4.9,2024-12-18,DOC000046,66|67,연평균수익률; C-장마; SINCE_INCEPTION 5.1%; 비교지수 4.9%
CLASS000618,FUND000044,1Y,-1.91,-4,2024-12-18,DOC000046,66|67,연평균수익률; CP; 1Y -1.91%; 비교지수 -4%
CLASS000618,FUND000044,2Y,5.68,3.55,2024-12-18,DOC000046,66|67,연평균수익률; CP; 2Y 5.68%; 비교지수 3.55%
CLASS000618,FUND000044,3Y,-4.19,-6.15,2024-12-18,DOC000046,66|67,연평균수익률; CP; 3Y -4.19%; 비교지수 -6.15%
CLASS000618,FUND000044,5Y,4.52,2.3,2024-12-18,DOC000046,66|67,연평균수익률; CP; 5Y 4.52%; 비교지수 2.3%
CLASS000618,FUND000044,SINCE_INCEPTION,4.54,4.9,2024-12-18,DOC000046,66|67,연평균수익률; CP; SINCE_INCEPTION 4.54%; 비교지수 4.9%
CLASS000619,FUND000044,1Y,-1.46,-4,2024-12-18,DOC000046,66|67,연평균수익률; S; 1Y -1.46%; 비교지수 -4%
CLASS000619,FUND000044,2Y,6.15,3.55,2024-12-18,DOC000046,66|67,연평균수익률; S; 2Y 6.15%; 비교지수 3.55%
CLASS000619,FUND000044,3Y,-3.76,-6.15,2024-12-18,DOC000046,66|67,연평균수익률; S; 3Y -3.76%; 비교지수 -6.15%
CLASS000619,FUND000044,5Y,4.99,2.3,2024-12-18,DOC000046,66|67,연평균수익률; S; 5Y 4.99%; 비교지수 2.3%
CLASS000619,FUND000044,SINCE_INCEPTION,4.36,4.9,2024-12-18,DOC000046,66|67,연평균수익률; S; SINCE_INCEPTION 4.36%; 비교지수 4.9%
CLASS000620,FUND000044,1Y,-1.31,-4,2024-12-18,DOC000046,66|67,연평균수익률; CW; 1Y -1.31%; 비교지수 -4%
CLASS000620,FUND000044,2Y,6.31,3.55,2024-12-18,DOC000046,66|67,연평균수익률; CW; 2Y 6.31%; 비교지수 3.55%
CLASS000620,FUND000044,3Y,-3.61,-6.15,2024-12-18,DOC000046,66|67,연평균수익률; CW; 3Y -3.61%; 비교지수 -6.15%
CLASS000620,FUND000044,5Y,5.15,2.3,2024-12-18,DOC000046,66|67,연평균수익률; CW; 5Y 5.15%; 비교지수 2.3%
CLASS000620,FUND000044,SINCE_INCEPTION,5.22,4.9,2024-12-18,DOC000046,66|67,연평균수익률; CW; SINCE_INCEPTION 5.22%; 비교지수 4.9%
CLASS000621,FUND000044,1Y,-1.66,-4,2024-12-18,DOC000046,66|67,연평균수익률; AG; 1Y -1.66%; 비교지수 -4%
CLASS000621,FUND000044,2Y,5.94,3.55,2024-12-18,DOC000046,66|67,연평균수익률; AG; 2Y 5.94%; 비교지수 3.55%
CLASS000621,FUND000044,3Y,-3.95,-6.15,2024-12-18,DOC000046,66|67,연평균수익률; AG; 3Y -3.95%; 비교지수 -6.15%
CLASS000621,FUND000044,5Y,4.78,2.3,2024-12-18,DOC000046,66|67,연평균수익률; AG; 5Y 4.78%; 비교지수 2.3%
CLASS000621,FUND000044,SINCE_INCEPTION,6.09,4.9,2024-12-18,DOC000046,66|67,연평균수익률; AG; SINCE_INCEPTION 6.09%; 비교지수 4.9%
CLASS000623,FUND000044,1Y,-1.55,-4,2024-12-18,DOC000046,66|67,연평균수익률; Ae; 1Y -1.55%; 비교지수 -4%
CLASS000623,FUND000044,2Y,6.06,3.55,2024-12-18,DOC000046,66|67,연평균수익률; Ae; 2Y 6.06%; 비교지수 3.55%
CLASS000623,FUND000044,3Y,-3.85,-6.15,2024-12-18,DOC000046,66|67,연평균수익률; Ae; 3Y -3.85%; 비교지수 -6.15%
CLASS000623,FUND000044,5Y,4.9,2.3,2024-12-18,DOC000046,66|67,연평균수익률; Ae; 5Y 4.9%; 비교지수 2.3%
CLASS000623,FUND000044,SINCE_INCEPTION,2.25,4.9,2024-12-18,DOC000046,66|67,연평균수익률; Ae; SINCE_INCEPTION 2.25%; 비교지수 4.9%
CLASS000624,FUND000044,1Y,-1.61,-4,2024-12-18,DOC000046,66|67,연평균수익률; C-Pe; 1Y -1.61%; 비교지수 -4%
CLASS000624,FUND000044,2Y,5.99,3.55,2024-12-18,DOC000046,66|67,연평균수익률; C-Pe; 2Y 5.99%; 비교지수 3.55%
CLASS000624,FUND000044,3Y,-3.9,-6.15,2024-12-18,DOC000046,66|67,연평균수익률; C-Pe; 3Y -3.9%; 비교지수 -6.15%
CLASS000624,FUND000044,5Y,4.83,2.3,2024-12-18,DOC000046,66|67,연평균수익률; C-Pe; 5Y 4.83%; 비교지수 2.3%
CLASS000624,FUND000044,SINCE_INCEPTION,3.5,4.9,2024-12-18,DOC000046,66|67,연평균수익률; C-Pe; SINCE_INCEPTION 3.5%; 비교지수 4.9%
CLASS000625,FUND000044,1Y,-1.93,-4,2024-12-18,DOC000046,66|67,연평균수익률; C-P2; 1Y -1.93%; 비교지수 -4%
CLASS000625,FUND000044,2Y,5.66,3.55,2024-12-18,DOC000046,66|67,연평균수익률; C-P2; 2Y 5.66%; 비교지수 3.55%
CLASS000625,FUND000044,3Y,-4.21,-6.15,2024-12-18,DOC000046,66|67,연평균수익률; C-P2; 3Y -4.21%; 비교지수 -6.15%
CLASS000625,FUND000044,5Y,4.5,2.3,2024-12-18,DOC000046,66|67,연평균수익률; C-P2; 5Y 4.5%; 비교지수 2.3%
CLASS000625,FUND000044,SINCE_INCEPTION,3.82,4.9,2024-12-18,DOC000046,66|67,연평균수익률; C-P2; SINCE_INCEPTION 3.82%; 비교지수 4.9%
CLASS000626,FUND000044,1Y,-1.62,-4,2024-12-18,DOC000046,66|67,연평균수익률; C-P2e; 1Y -1.62%; 비교지수 -4%
CLASS000626,FUND000044,2Y,5.98,3.55,2024-12-18,DOC000046,66|67,연평균수익률; C-P2e; 2Y 5.98%; 비교지수 3.55%
CLASS000626,FUND000044,3Y,-3.91,-6.15,2024-12-18,DOC000046,66|67,연평균수익률; C-P2e; 3Y -3.91%; 비교지수 -6.15%
CLASS000626,FUND000044,5Y,4.82,2.3,2024-12-18,DOC000046,66|67,연평균수익률; C-P2e; 5Y 4.82%; 비교지수 2.3%
CLASS000626,FUND000044,SINCE_INCEPTION,3.01,4.9,2024-12-18,DOC000046,66|67,연평균수익률; C-P2e; SINCE_INCEPTION 3.01%; 비교지수 4.9%
CLASS000628,FUND000044,1Y,-1.44,-4,2024-12-18,DOC000046,66|67,연평균수익률; S-P; 1Y -1.44%; 비교지수 -4%
CLASS000628,FUND000044,2Y,6.17,3.55,2024-12-18,DOC000046,66|67,연평균수익률; S-P; 2Y 6.17%; 비교지수 3.55%
CLASS000628,FUND000044,3Y,-3.74,-6.15,2024-12-18,DOC000046,66|67,연평균수익률; S-P; 3Y -3.74%; 비교지수 -6.15%
CLASS000628,FUND000044,SINCE_INCEPTION,6.53,4.9,2024-12-18,DOC000046,66|67,연평균수익률; S-P; SINCE_INCEPTION 6.53%; 비교지수 4.9%
CLASS000617,FUND000044,1Y,-1.31,-4,2024-12-18,DOC000046,66|67,연평균수익률; Af; 1Y -1.31%; 비교지수 -4%
CLASS000617,FUND000044,2Y,6.31,3.55,2024-12-18,DOC000046,66|67,연평균수익률; Af; 2Y 6.31%; 비교지수 3.55%
CLASS000617,FUND000044,3Y,-3.61,-6.15,2024-12-18,DOC000046,66|67,연평균수익률; Af; 3Y -3.61%; 비교지수 -6.15%
CLASS000617,FUND000044,5Y,5.15,2.3,2024-12-18,DOC000046,66|67,연평균수익률; Af; 5Y 5.15%; 비교지수 2.3%
CLASS000617,FUND000044,SINCE_INCEPTION,4.27,4.9,2024-12-18,DOC000046,66|67,연평균수익률; Af; SINCE_INCEPTION 4.27%; 비교지수 4.9%
CLASS000629,FUND000045,1Y,1.42,-1.58,2025-06-03,DOC000047,54,연평균수익률; A1; 1Y 1.42%; 비교지수 -1.58%
CLASS000629,FUND000045,2Y,5.08,2.45,2025-06-03,DOC000047,54,연평균수익률; A1; 2Y 5.08%; 비교지수 2.45%
CLASS000629,FUND000045,3Y,3.2,0.72,2025-06-03,DOC000047,54,연평균수익률; A1; 3Y 3.2%; 비교지수 0.72%
CLASS000629,FUND000045,5Y,7.47,4.7,2025-06-03,DOC000047,54,연평균수익률; A1; 5Y 7.47%; 비교지수 4.7%
CLASS000629,FUND000045,SINCE_INCEPTION,4.4,2.8,2025-06-03,DOC000047,54,연평균수익률; A1; SINCE_INCEPTION 4.4%; 비교지수 2.8%
CLASS000630,FUND000045,1Y,0.63,-1.58,2025-06-03,DOC000047,54,연평균수익률; C1; 1Y 0.63%; 비교지수 -1.58%
CLASS000630,FUND000045,2Y,4.27,2.45,2025-06-03,DOC000047,54,연평균수익률; C1; 2Y 4.27%; 비교지수 2.45%
CLASS000630,FUND000045,3Y,2.41,0.72,2025-06-03,DOC000047,54,연평균수익률; C1; 3Y 2.41%; 비교지수 0.72%
CLASS000630,FUND000045,5Y,6.65,4.7,2025-06-03,DOC000047,54,연평균수익률; C1; 5Y 6.65%; 비교지수 4.7%
CLASS000630,FUND000045,SINCE_INCEPTION,3.71,2.8,2025-06-03,DOC000047,54,연평균수익률; C1; SINCE_INCEPTION 3.71%; 비교지수 2.8%
CLASS000633,FUND000045,1Y,1.53,-1.58,2025-06-03,DOC000047,54,연평균수익률; Ae; 1Y 1.53%; 비교지수 -1.58%
CLASS000633,FUND000045,2Y,5.2,2.45,2025-06-03,DOC000047,54,연평균수익률; Ae; 2Y 5.2%; 비교지수 2.45%
CLASS000633,FUND000045,3Y,3.31,0.72,2025-06-03,DOC000047,54,연평균수익률; Ae; 3Y 3.31%; 비교지수 0.72%
CLASS000633,FUND000045,5Y,7.59,4.7,2025-06-03,DOC000047,54,연평균수익률; Ae; 5Y 7.59%; 비교지수 4.7%
CLASS000633,FUND000045,SINCE_INCEPTION,4.43,2.8,2025-06-03,DOC000047,54,연평균수익률; Ae; SINCE_INCEPTION 4.43%; 비교지수 2.8%
CLASS000634,FUND000045,1Y,1.14,-1.58,2025-06-03,DOC000047,54,연평균수익률; Ce; 1Y 1.14%; 비교지수 -1.58%
CLASS000634,FUND000045,2Y,4.79,2.45,2025-06-03,DOC000047,54,연평균수익률; Ce; 2Y 4.79%; 비교지수 2.45%
CLASS000634,FUND000045,3Y,2.92,0.72,2025-06-03,DOC000047,54,연평균수익률; Ce; 3Y 2.92%; 비교지수 0.72%
CLASS000634,FUND000045,5Y,7.17,4.7,2025-06-03,DOC000047,54,연평균수익률; Ce; 5Y 7.17%; 비교지수 4.7%
CLASS000634,FUND000045,SINCE_INCEPTION,3.99,2.8,2025-06-03,DOC000047,54,연평균수익률; Ce; SINCE_INCEPTION 3.99%; 비교지수 2.8%
CLASS000635,FUND000045,1Y,0.93,-1.58,2025-06-03,DOC000047,54,연평균수익률; C-R; 1Y 0.93%; 비교지수 -1.58%
CLASS000635,FUND000045,2Y,4.58,2.45,2025-06-03,DOC000047,54,연평균수익률; C-R; 2Y 4.58%; 비교지수 2.45%
CLASS000635,FUND000045,3Y,2.71,0.72,2025-06-03,DOC000047,54,연평균수익률; C-R; 3Y 2.71%; 비교지수 0.72%
CLASS000635,FUND000045,5Y,6.96,4.7,2025-06-03,DOC000047,54,연평균수익률; C-R; 5Y 6.96%; 비교지수 4.7%
CLASS000635,FUND000045,SINCE_INCEPTION,3.51,2.8,2025-06-03,DOC000047,54,연평균수익률; C-R; SINCE_INCEPTION 3.51%; 비교지수 2.8%
CLASS000636,FUND000045,1Y,1.28,-1.58,2025-06-03,DOC000047,54,연평균수익률; C-Re; 1Y 1.28%; 비교지수 -1.58%
CLASS000636,FUND000045,2Y,4.95,2.45,2025-06-03,DOC000047,54,연평균수익률; C-Re; 2Y 4.95%; 비교지수 2.45%
CLASS000636,FUND000045,3Y,3.07,0.72,2025-06-03,DOC000047,54,연평균수익률; C-Re; 3Y 3.07%; 비교지수 0.72%
CLASS000636,FUND000045,5Y,7.33,4.7,2025-06-03,DOC000047,54,연평균수익률; C-Re; 5Y 7.33%; 비교지수 4.7%
CLASS000636,FUND000045,SINCE_INCEPTION,3.84,2.8,2025-06-03,DOC000047,54,연평균수익률; C-Re; SINCE_INCEPTION 3.84%; 비교지수 2.8%
CLASS000637,FUND000046,1Y,9.11,9.34,2025-05-19,DOC000048,52,[p.52] 연평균수익률; Re; 1Y 9.11%; 비교지수 9.34%
CLASS000637,FUND000046,2Y,6.66,6.82,2025-05-19,DOC000048,52,[p.52] 연평균수익률; Re; 2Y 6.66%; 비교지수 6.82%
CLASS000637,FUND000046,3Y,4.96,5.11,2025-05-19,DOC000048,52,[p.52] 연평균수익률; Re; 3Y 4.96%; 비교지수 5.11%
CLASS000637,FUND000046,5Y,0.56,0.82,2025-05-19,DOC000048,52,[p.52] 연평균수익률; Re; 5Y 0.56%; 비교지수 0.82%
CLASS000637,FUND000046,SINCE_INCEPTION,1.39,1.68,2025-05-19,DOC000048,52,[p.52] 연평균수익률; Re; SINCE_INCEPTION 1.39%; 비교지수 1.68%
CLASS000638,FUND000046,1Y,9.21,9.34,2025-05-19,DOC000048,53,[p.53] 연평균수익률; R-Ae; 1Y 9.21%; 비교지수 9.34%
CLASS000638,FUND000046,2Y,6.77,6.82,2025-05-19,DOC000048,53,[p.53] 연평균수익률; R-Ae; 2Y 6.77%; 비교지수 6.82%
CLASS000638,FUND000046,3Y,5.07,5.11,2025-05-19,DOC000048,53,[p.53] 연평균수익률; R-Ae; 3Y 5.07%; 비교지수 5.11%
CLASS000638,FUND000046,5Y,0.66,0.82,2025-05-19,DOC000048,53,[p.53] 연평균수익률; R-Ae; 5Y 0.66%; 비교지수 0.82%
CLASS000638,FUND000046,SINCE_INCEPTION,1.56,1.74,2025-05-19,DOC000048,53,[p.53] 연평균수익률; R-Ae; SINCE_INCEPTION 1.56%; 비교지수 1.74%
CLASS000639,FUND000046,1Y,9.28,9.34,2025-05-19,DOC000048,54,[p.54] 연평균수익률; A; 1Y 9.28%; 비교지수 9.34%
CLASS000639,FUND000046,2Y,6.83,6.82,2025-05-19,DOC000048,54,[p.54] 연평균수익률; A; 2Y 6.83%; 비교지수 6.82%
CLASS000639,FUND000046,3Y,5.13,5.11,2025-05-19,DOC000048,54,[p.54] 연평균수익률; A; 3Y 5.13%; 비교지수 5.11%
CLASS000639,FUND000046,5Y,0.72,0.82,2025-05-19,DOC000048,54,[p.54] 연평균수익률; A; 5Y 0.72%; 비교지수 0.82%
CLASS000639,FUND000046,SINCE_INCEPTION,3.56,3.78,2025-05-19,DOC000048,54,[p.54] 연평균수익률; A; SINCE_INCEPTION 3.56%; 비교지수 3.78%
CLASS000642,FUND000046,1Y,9.31,9.34,2025-05-19,DOC000048,55,[p.55] 연평균수익률; Cf; 1Y 9.31%; 비교지수 9.34%
CLASS000642,FUND000046,2Y,6.86,6.82,2025-05-19,DOC000048,55,[p.55] 연평균수익률; Cf; 2Y 6.86%; 비교지수 6.82%
CLASS000642,FUND000046,3Y,5.16,5.11,2025-05-19,DOC000048,55,[p.55] 연평균수익률; Cf; 3Y 5.16%; 비교지수 5.11%
CLASS000642,FUND000046,5Y,0.75,0.82,2025-05-19,DOC000048,55,[p.55] 연평균수익률; Cf; 5Y 0.75%; 비교지수 0.82%
CLASS000642,FUND000046,SINCE_INCEPTION,0.99,1.06,2025-05-19,DOC000048,55,[p.55] 연평균수익률; Cf; SINCE_INCEPTION 0.99%; 비교지수 1.06%
CLASS000644,FUND000046,1Y,8.93,9.34,2025-05-19,DOC000048,57,[p.57] 연평균수익률; C-P; 1Y 8.93%; 비교지수 9.34%
CLASS000644,FUND000046,2Y,6.48,6.82,2025-05-19,DOC000048,57,[p.57] 연평균수익률; C-P; 2Y 6.48%; 비교지수 6.82%
CLASS000644,FUND000046,3Y,4.79,5.11,2025-05-19,DOC000048,57,[p.57] 연평균수익률; C-P; 3Y 4.79%; 비교지수 5.11%
CLASS000644,FUND000046,5Y,0.39,0.82,2025-05-19,DOC000048,57,[p.57] 연평균수익률; C-P; 5Y 0.39%; 비교지수 0.82%
CLASS000644,FUND000046,SINCE_INCEPTION,0.94,1.43,2025-05-19,DOC000048,57,[p.57] 연평균수익률; C-P; SINCE_INCEPTION 0.94%; 비교지수 1.43%
CLASS000645,FUND000046,1Y,9.13,9.34,2025-05-19,DOC000048,58,[p.58] 연평균수익률; C-Pe; 1Y 9.13%; 비교지수 9.34%
CLASS000645,FUND000046,2Y,6.68,6.82,2025-05-19,DOC000048,58,[p.58] 연평균수익률; C-Pe; 2Y 6.68%; 비교지수 6.82%
CLASS000645,FUND000046,3Y,4.98,5.11,2025-05-19,DOC000048,58,[p.58] 연평균수익률; C-Pe; 3Y 4.98%; 비교지수 5.11%
CLASS000645,FUND000046,5Y,0.58,0.82,2025-05-19,DOC000048,58,[p.58] 연평균수익률; C-Pe; 5Y 0.58%; 비교지수 0.82%
CLASS000645,FUND000046,SINCE_INCEPTION,1.76,2.05,2025-05-19,DOC000048,58,[p.58] 연평균수익률; C-Pe; SINCE_INCEPTION 1.76%; 비교지수 2.05%
CLASS000646,FUND000046,1Y,8.99,9.34,2025-05-19,DOC000048,59,[p.59] 연평균수익률; Cp(퇴직연금); 1Y 8.99%; 비교지수 9.34%
CLASS000646,FUND000046,2Y,6.54,6.82,2025-05-19,DOC000048,59,[p.59] 연평균수익률; Cp(퇴직연금); 2Y 6.54%; 비교지수 6.82%
CLASS000646,FUND000046,3Y,4.84,5.11,2025-05-19,DOC000048,59,[p.59] 연평균수익률; Cp(퇴직연금); 3Y 4.84%; 비교지수 5.11%
CLASS000646,FUND000046,5Y,0.45,0.82,2025-05-19,DOC000048,59,[p.59] 연평균수익률; Cp(퇴직연금); 5Y 0.45%; 비교지수 0.82%
CLASS000646,FUND000046,SINCE_INCEPTION,2.13,2.61,2025-05-19,DOC000048,59,[p.59] 연평균수익률; Cp(퇴직연금); SINCE_INCEPTION 2.13%; 비교지수 2.61%
CLASS000647,FUND000046,1Y,9.16,9.34,2025-05-19,DOC000048,60,[p.60] 연평균수익률; Cpe(퇴직연금); 1Y 9.16%; 비교지수 9.34%
CLASS000647,FUND000046,2Y,6.71,6.82,2025-05-19,DOC000048,60,[p.60] 연평균수익률; Cpe(퇴직연금); 2Y 6.71%; 비교지수 6.82%
CLASS000647,FUND000046,3Y,5.01,5.11,2025-05-19,DOC000048,60,[p.60] 연평균수익률; Cpe(퇴직연금); 3Y 5.01%; 비교지수 5.11%
CLASS000647,FUND000046,5Y,0.61,0.82,2025-05-19,DOC000048,60,[p.60] 연평균수익률; Cpe(퇴직연금); 5Y 0.61%; 비교지수 0.82%
CLASS000647,FUND000046,SINCE_INCEPTION,1.8,2.05,2025-05-19,DOC000048,60,[p.60] 연평균수익률; Cpe(퇴직연금); SINCE_INCEPTION 1.8%; 비교지수 2.05%
CLASS000649,FUND000046,1Y,9.28,9.34,2025-05-19,DOC000048,61,[p.61] 연평균수익률; I; 1Y 9.28%; 비교지수 9.34%
CLASS000649,FUND000046,2Y,6.83,6.82,2025-05-19,DOC000048,61,[p.61] 연평균수익률; I; 2Y 6.83%; 비교지수 6.82%
CLASS000649,FUND000046,3Y,5.12,5.11,2025-05-19,DOC000048,61,[p.61] 연평균수익률; I; 3Y 5.12%; 비교지수 5.11%
CLASS000649,FUND000046,5Y,0.72,0.82,2025-05-19,DOC000048,61,[p.61] 연평균수익률; I; 5Y 0.72%; 비교지수 0.82%
CLASS000649,FUND000046,SINCE_INCEPTION,3.58,3.8,2025-05-19,DOC000048,61,[p.61] 연평균수익률; I; SINCE_INCEPTION 3.58%; 비교지수 3.8%
CLASS000650,FUND000046,1Y,8.88,9.34,2025-05-19,DOC000048,62,[p.62] 연평균수익률; R; 1Y 8.88%; 비교지수 9.34%
CLASS000650,FUND000046,2Y,6.44,6.82,2025-05-19,DOC000048,62,[p.62] 연평균수익률; R; 2Y 6.44%; 비교지수 6.82%
CLASS000650,FUND000046,3Y,4.75,5.11,2025-05-19,DOC000048,62,[p.62] 연평균수익률; R; 3Y 4.75%; 비교지수 5.11%
CLASS000650,FUND000046,5Y,0.35,0.82,2025-05-19,DOC000048,62,[p.62] 연평균수익률; R; 5Y 0.35%; 비교지수 0.82%
CLASS000650,FUND000046,SINCE_INCEPTION,3.2,3.79,2025-05-19,DOC000048,62,[p.62] 연평균수익률; R; SINCE_INCEPTION 3.2%; 비교지수 3.79%
CLASS000651,FUND000046,1Y,9.1,9.34,2025-05-19,DOC000048,63,[p.63] 연평균수익률; R-A; 1Y 9.1%; 비교지수 9.34%
CLASS000651,FUND000046,2Y,6.65,6.82,2025-05-19,DOC000048,63,[p.63] 연평균수익률; R-A; 2Y 6.65%; 비교지수 6.82%
CLASS000651,FUND000046,3Y,4.95,5.11,2025-05-19,DOC000048,63,[p.63] 연평균수익률; R-A; 3Y 4.95%; 비교지수 5.11%
CLASS000651,FUND000046,5Y,0.55,0.82,2025-05-19,DOC000048,63,[p.63] 연평균수익률; R-A; 5Y 0.55%; 비교지수 0.82%
CLASS000651,FUND000046,SINCE_INCEPTION,1.43,1.74,2025-05-19,DOC000048,63,[p.63] 연평균수익률; R-A; SINCE_INCEPTION 1.43%; 비교지수 1.74%
CLASS000652,FUND000046,1Y,9.17,9.34,2025-05-19,DOC000048,64,[p.64] 연평균수익률; S; 1Y 9.17%; 비교지수 9.34%
CLASS000652,FUND000046,2Y,6.72,6.82,2025-05-19,DOC000048,64,[p.64] 연평균수익률; S; 2Y 6.72%; 비교지수 6.82%
CLASS000652,FUND000046,3Y,5.02,5.11,2025-05-19,DOC000048,64,[p.64] 연평균수익률; S; 3Y 5.02%; 비교지수 5.11%
CLASS000652,FUND000046,5Y,0.62,0.82,2025-05-19,DOC000048,64,[p.64] 연평균수익률; S; 5Y 0.62%; 비교지수 0.82%
CLASS000652,FUND000046,SINCE_INCEPTION,1.2,1.45,2025-05-19,DOC000048,64,[p.64] 연평균수익률; S; SINCE_INCEPTION 1.2%; 비교지수 1.45%
CLASS000653,FUND000046,1Y,9.2,9.34,2025-05-19,DOC000048,65,[p.65] 연평균수익률; S-P; 1Y 9.2%; 비교지수 9.34%
CLASS000653,FUND000046,2Y,6.75,6.82,2025-05-19,DOC000048,65,[p.65] 연평균수익률; S-P; 2Y 6.75%; 비교지수 6.82%
CLASS000653,FUND000046,3Y,5.05,5.11,2025-05-19,DOC000048,65,[p.65] 연평균수익률; S-P; 3Y 5.05%; 비교지수 5.11%
CLASS000653,FUND000046,5Y,0.65,0.82,2025-05-19,DOC000048,65,[p.65] 연평균수익률; S-P; 5Y 0.65%; 비교지수 0.82%
CLASS000653,FUND000046,SINCE_INCEPTION,1.24,1.45,2025-05-19,DOC000048,65,[p.65] 연평균수익률; S-P; SINCE_INCEPTION 1.24%; 비교지수 1.45%
CLASS000654,FUND000046,1Y,9.21,9.34,2025-05-19,DOC000048,66,[p.66] 연평균수익률; S-P(퇴직연금); 1Y 9.21%; 비교지수 9.34%
CLASS000654,FUND000046,2Y,6.77,6.82,2025-05-19,DOC000048,66,[p.66] 연평균수익률; S-P(퇴직연금); 2Y 6.77%; 비교지수 6.82%
CLASS000654,FUND000046,3Y,5.07,5.11,2025-05-19,DOC000048,66,[p.66] 연평균수익률; S-P(퇴직연금); 3Y 5.07%; 비교지수 5.11%
CLASS000654,FUND000046,5Y,0.66,0.82,2025-05-19,DOC000048,66,[p.66] 연평균수익률; S-P(퇴직연금); 5Y 0.66%; 비교지수 0.82%
CLASS000654,FUND000046,SINCE_INCEPTION,0.88,1.04,2025-05-19,DOC000048,66,[p.66] 연평균수익률; S-P(퇴직연금); SINCE_INCEPTION 0.88%; 비교지수 1.04%
CLASS000655,FUND000046,1Y,9.37,9.34,2025-05-19,DOC000048,67,[p.67] 연평균수익률; 직판; 1Y 9.37%; 비교지수 9.34%
CLASS000655,FUND000046,2Y,6.91,6.82,2025-05-19,DOC000048,67,[p.67] 연평균수익률; 직판; 2Y 6.91%; 비교지수 6.82%
CLASS000655,FUND000046,3Y,5.2,5.11,2025-05-19,DOC000048,67,[p.67] 연평균수익률; 직판; 3Y 5.2%; 비교지수 5.11%
CLASS000655,FUND000046,5Y,0.78,0.82,2025-05-19,DOC000048,67,[p.67] 연평균수익률; 직판; 5Y 0.78%; 비교지수 0.82%
CLASS000655,FUND000046,SINCE_INCEPTION,1.23,1.27,2025-05-19,DOC000048,67,[p.67] 연평균수익률; 직판; SINCE_INCEPTION 1.23%; 비교지수 1.27%
CLASS000656,FUND000047,1Y,3.44,4.53,2025-02-20,DOC000049,7,[p.7] 연평균수익률; C; 1Y 3.44%; 비교지수 4.53%
CLASS000656,FUND000047,2Y,3.25,4.33,2025-02-20,DOC000049,7,[p.7] 연평균수익률; C; 2Y 3.25%; 비교지수 4.33%
CLASS000656,FUND000047,3Y,2.12,3.13,2025-02-20,DOC000049,7,[p.7] 연평균수익률; C; 3Y 2.12%; 비교지수 3.13%
CLASS000656,FUND000047,5Y,1.11,2.11,2025-02-20,DOC000049,7,[p.7] 연평균수익률; C; 5Y 1.11%; 비교지수 2.11%
CLASS000656,FUND000047,SINCE_INCEPTION,1.05,3.51,2025-02-20,DOC000049,7,[p.7] 연평균수익률; C; SINCE_INCEPTION 1.05%; 비교지수 3.51%
CLASS000675,FUND000049,1Y,2.28,2.48,2026-01-02,DOC000051,7,[p.7] 연평균수익률; C; 1Y 2.28%; 비교지수 2.48%
CLASS000675,FUND000049,2Y,3.02,3.14,2026-01-02,DOC000051,7,[p.7] 연평균수익률; C; 2Y 3.02%; 비교지수 3.14%
CLASS000675,FUND000049,3Y,3.41,3.43,2026-01-02,DOC000051,7,[p.7] 연평균수익률; C; 3Y 3.41%; 비교지수 3.43%
CLASS000675,FUND000049,5Y,2.22,2.37,2026-01-02,DOC000051,7,[p.7] 연평균수익률; C; 5Y 2.22%; 비교지수 2.37%
CLASS000675,FUND000049,SINCE_INCEPTION,1.93,2.96,2026-01-02,DOC000051,7,[p.7] 연평균수익률; C; SINCE_INCEPTION 1.93%; 비교지수 2.96%
CLASS000678,FUND000050,1Y,5.5,-0.71,2025-01-10,DOC000052,7,[p.7] 연평균수익률; C; 1Y 5.5%; 비교지수 -0.71%
CLASS000678,FUND000050,2Y,6.53,3.49,2025-01-10,DOC000052,7,[p.7] 연평균수익률; C; 2Y 6.53%; 비교지수 3.49%
CLASS000678,FUND000050,3Y,-3.82,-4.5,2025-01-10,DOC000052,7,[p.7] 연평균수익률; C; 3Y -3.82%; 비교지수 -4.5%
CLASS000678,FUND000050,5Y,4.02,2.7,2025-01-10,DOC000052,7,[p.7] 연평균수익률; C; 5Y 4.02%; 비교지수 2.7%
CLASS000678,FUND000050,SINCE_INCEPTION,3.58,5.11,2025-01-10,DOC000052,7,[p.7] 연평균수익률; C; SINCE_INCEPTION 3.58%; 비교지수 5.11%
CLASS000681,FUND000051,1Y,99.84,96.42,2026-01-02,DOC000053,7,[p.7] 연평균수익률; C; 1Y 99.84%; 비교지수 96.42%
CLASS000681,FUND000051,2Y,34.01,31.57,2026-01-02,DOC000053,7,[p.7] 연평균수익률; C; 2Y 34.01%; 비교지수 31.57%
CLASS000681,FUND000051,3Y,30.89,28.85,2026-01-02,DOC000053,7,[p.7] 연평균수익률; C; 3Y 30.89%; 비교지수 28.85%
CLASS000681,FUND000051,5Y,11.8,10.07,2026-01-02,DOC000053,7,[p.7] 연평균수익률; C; 5Y 11.8%; 비교지수 10.07%
CLASS000681,FUND000051,SINCE_INCEPTION,10.31,6.74,2026-01-02,DOC000053,7,[p.7] 연평균수익률; C; SINCE_INCEPTION 10.31%; 비교지수 6.74%
CLASS000685,FUND000052,1Y,-23.62,-9.63,2024-12-31,DOC000054,46,[p.46] 연평균수익률; A; 1Y -23.62%; 비교지수 -9.63%
CLASS000685,FUND000052,2Y,1.79,3.58,2024-12-31,DOC000054,46,[p.46] 연평균수익률; A; 2Y 1.79%; 비교지수 3.58%
CLASS000685,FUND000052,3Y,-10.6,-6.94,2024-12-31,DOC000054,46,[p.46] 연평균수익률; A; 3Y -10.6%; 비교지수 -6.94%
CLASS000685,FUND000052,5Y,2.53,1.77,2024-12-31,DOC000054,46,[p.46] 연평균수익률; A; 5Y 2.53%; 비교지수 1.77%
CLASS000685,FUND000052,SINCE_INCEPTION,2.29,1.17,2024-12-31,DOC000054,46,[p.46] 연평균수익률; A; SINCE_INCEPTION 2.29%; 비교지수 1.17%
CLASS000686,FUND000052,1Y,-23.33,-9.63,2024-12-31,DOC000054,46,[p.46] 연평균수익률; A-e; 1Y -23.33%; 비교지수 -9.63%
CLASS000686,FUND000052,2Y,2.15,3.58,2024-12-31,DOC000054,46,[p.46] 연평균수익률; A-e; 2Y 2.15%; 비교지수 3.58%
CLASS000686,FUND000052,3Y,-10.28,-6.94,2024-12-31,DOC000054,46,[p.46] 연평균수익률; A-e; 3Y -10.28%; 비교지수 -6.94%
CLASS000686,FUND000052,5Y,2.83,1.77,2024-12-31,DOC000054,46,[p.46] 연평균수익률; A-e; 5Y 2.83%; 비교지수 1.77%
CLASS000686,FUND000052,SINCE_INCEPTION,2.47,1.17,2024-12-31,DOC000054,46,[p.46] 연평균수익률; A-e; SINCE_INCEPTION 2.47%; 비교지수 1.17%
CLASS000690,FUND000052,1Y,-23.62,-9.63,2024-12-31,DOC000054,46,[p.46] 연평균수익률; C4; 1Y -23.62%; 비교지수 -9.63%
CLASS000690,FUND000052,2Y,1.79,3.58,2024-12-31,DOC000054,46,[p.46] 연평균수익률; C4; 2Y 1.79%; 비교지수 3.58%
CLASS000690,FUND000052,3Y,-10.6,-6.94,2024-12-31,DOC000054,46,[p.46] 연평균수익률; C4; 3Y -10.6%; 비교지수 -6.94%
CLASS000690,FUND000052,5Y,2.52,1.77,2024-12-31,DOC000054,46,[p.46] 연평균수익률; C4; 5Y 2.52%; 비교지수 1.77%
CLASS000690,FUND000052,SINCE_INCEPTION,2.73,1.17,2024-12-31,DOC000054,46,[p.46] 연평균수익률; C4; SINCE_INCEPTION 2.73%; 비교지수 1.17%
CLASS000691,FUND000052,1Y,-23.42,-9.63,2024-12-31,DOC000054,46,[p.46] 연평균수익률; C-e; 1Y -23.42%; 비교지수 -9.63%
CLASS000691,FUND000052,2Y,2.05,3.58,2024-12-31,DOC000054,46,[p.46] 연평균수익률; C-e; 2Y 2.05%; 비교지수 3.58%
CLASS000691,FUND000052,3Y,-10.38,-6.94,2024-12-31,DOC000054,46,[p.46] 연평균수익률; C-e; 3Y -10.38%; 비교지수 -6.94%
CLASS000691,FUND000052,5Y,2.82,1.77,2024-12-31,DOC000054,46,[p.46] 연평균수익률; C-e; 5Y 2.82%; 비교지수 1.77%
CLASS000691,FUND000052,SINCE_INCEPTION,2.26,1.17,2024-12-31,DOC000054,46,[p.46] 연평균수익률; C-e; SINCE_INCEPTION 2.26%; 비교지수 1.17%
CLASS000693,FUND000052,1Y,-23.05,-9.63,2024-12-31,DOC000054,46,[p.46] 연평균수익률; F; 1Y -23.05%; 비교지수 -9.63%
CLASS000693,FUND000052,2Y,2.52,3.58,2024-12-31,DOC000054,46,[p.46] 연평균수익률; F; 2Y 2.52%; 비교지수 3.58%
CLASS000693,FUND000052,3Y,-9.96,-6.94,2024-12-31,DOC000054,46,[p.46] 연평균수익률; F; 3Y -9.96%; 비교지수 -6.94%
CLASS000693,FUND000052,5Y,3.33,1.77,2024-12-31,DOC000054,46,[p.46] 연평균수익률; F; 5Y 3.33%; 비교지수 1.77%
CLASS000693,FUND000052,SINCE_INCEPTION,0.75,1.17,2024-12-31,DOC000054,46,[p.46] 연평균수익률; F; SINCE_INCEPTION 0.75%; 비교지수 1.17%
CLASS000694,FUND000052,1Y,-23.33,-9.63,2024-12-31,DOC000054,46,[p.46] 연평균수익률; S; 1Y -23.33%; 비교지수 -9.63%
CLASS000694,FUND000052,2Y,2.16,3.58,2024-12-31,DOC000054,46,[p.46] 연평균수익률; S; 2Y 2.16%; 비교지수 3.58%
CLASS000694,FUND000052,3Y,-10.28,-6.94,2024-12-31,DOC000054,46,[p.46] 연평균수익률; S; 3Y -10.28%; 비교지수 -6.94%
CLASS000694,FUND000052,5Y,2.98,1.77,2024-12-31,DOC000054,46,[p.46] 연평균수익률; S; 5Y 2.98%; 비교지수 1.77%
CLASS000694,FUND000052,SINCE_INCEPTION,3.1,1.17,2024-12-31,DOC000054,46,[p.46] 연평균수익률; S; SINCE_INCEPTION 3.1%; 비교지수 1.17%
CLASS000699,FUND000053,1Y,42.12,60.69,2025-10-31,DOC000055,44,[p.44] 종류C; 1Y 42.12%
CLASS000699,FUND000053,2Y,27.35,34.23,2025-10-31,DOC000055,44,[p.44] 종류C; 2Y 27.35%
CLASS000699,FUND000053,3Y,19.71,21.42,2025-10-31,DOC000055,44,[p.44] 종류C; 3Y 19.71%
CLASS000699,FUND000053,5Y,13.23,12.61,2025-10-31,DOC000055,44,[p.44] 종류C; 5Y 13.23%
CLASS000699,FUND000053,SINCE_INCEPTION,9.43,7.26,2025-10-31,DOC000055,44,[p.44] 종류C; SINCE_INCEPTION 9.43%
CLASS000700,FUND000053,1Y,42.77,60.69,2025-10-31,DOC000055,44,[p.44] 종류C-e; 1Y 42.77%
CLASS000700,FUND000053,2Y,27.93,34.23,2025-10-31,DOC000055,44,[p.44] 종류C-e; 2Y 27.93%
CLASS000700,FUND000053,3Y,20.26,21.42,2025-10-31,DOC000055,44,[p.44] 종류C-e; 3Y 20.26%
CLASS000700,FUND000053,5Y,13.75,12.61,2025-10-31,DOC000055,44,[p.44] 종류C-e; 5Y 13.75%
CLASS000700,FUND000053,SINCE_INCEPTION,10.41,7.26,2025-10-31,DOC000055,44,[p.44] 종류C-e; SINCE_INCEPTION 10.41%
CLASS000702,FUND000054,1Y,68.12,60.69,2025-10-31,DOC000056,48,[p.48] 종류C; 1Y 68.12%
CLASS000702,FUND000054,2Y,35.36,34.23,2025-10-31,DOC000056,48,[p.48] 종류C; 2Y 35.36%
CLASS000702,FUND000054,3Y,22.11,21.42,2025-10-31,DOC000056,48,[p.48] 종류C; 3Y 22.11%
CLASS000702,FUND000054,5Y,15.76,12.61,2025-10-31,DOC000056,48,[p.48] 종류C; 5Y 15.76%
CLASS000702,FUND000054,SINCE_INCEPTION,11.05,6.08,2025-10-31,DOC000056,48,[p.48] 종류C; SINCE_INCEPTION 11.05%
CLASS000703,FUND000054,1Y,68.88,60.69,2025-10-31,DOC000056,48,[p.48] 종류C-e; 1Y 68.88%
CLASS000703,FUND000054,2Y,35.97,34.23,2025-10-31,DOC000056,48,[p.48] 종류C-e; 2Y 35.97%
CLASS000703,FUND000054,3Y,22.67,21.42,2025-10-31,DOC000056,48,[p.48] 종류C-e; 3Y 22.67%
CLASS000703,FUND000054,5Y,16.3,12.61,2025-10-31,DOC000056,48,[p.48] 종류C-e; 5Y 16.30%
CLASS000703,FUND000054,SINCE_INCEPTION,12.17,6.08,2025-10-31,DOC000056,48,[p.48] 종류C-e; SINCE_INCEPTION 12.17%
CLASS000705,FUND000054,1Y,69.03,60.69,2025-10-31,DOC000056,48,[p.48] 종류S-P; 1Y 69.03%
CLASS000705,FUND000054,2Y,36.1,34.23,2025-10-31,DOC000056,48,[p.48] 종류S-P; 2Y 36.10%
CLASS000705,FUND000054,3Y,22.79,21.42,2025-10-31,DOC000056,48,[p.48] 종류S-P; 3Y 22.79%
CLASS000705,FUND000054,5Y,16.41,12.61,2025-10-31,DOC000056,48,[p.48] 종류S-P; 5Y 16.41%
CLASS000705,FUND000054,SINCE_INCEPTION,10.72,6.08,2025-10-31,DOC000056,48,[p.48] 종류S-P; SINCE_INCEPTION 10.72%
CLASS000717,FUND000055,1Y,407,2.59,2025-11-30,DOC000057,45,[p.45] 종류Crp-e; 1Y 407%
CLASS000717,FUND000055,2Y,415,3.25,2025-11-30,DOC000057,45,[p.45] 종류Crp-e; 2Y 415%
CLASS000717,FUND000055,3Y,147,3.51,2025-11-30,DOC000057,45,[p.45] 종류Crp-e; 3Y 147%
CLASS000717,FUND000055,5Y,147,2.44,2025-11-30,DOC000057,45,[p.45] 종류Crp-e; 5Y 147%
CLASS000717,FUND000055,SINCE_INCEPTION,4,2.93,2025-11-30,DOC000057,45,[p.45] 종류Crp-e; SINCE_INCEPTION 4%
CLASS000718,FUND000055,1Y,3.19,2.59,2025-11-30,DOC000057,45,[p.45] 종류C-F; 1Y 3.19%
CLASS000718,FUND000055,2Y,3.8,3.25,2025-11-30,DOC000057,45,[p.45] 종류C-F; 2Y 3.80%
CLASS000718,FUND000055,3Y,4.3,3.51,2025-11-30,DOC000057,45,[p.45] 종류C-F; 3Y 4.30%
CLASS000718,FUND000055,5Y,3.06,2.44,2025-11-30,DOC000057,45,[p.45] 종류C-F; 5Y 3.06%
CLASS000718,FUND000055,SINCE_INCEPTION,2.9,2.93,2025-11-30,DOC000057,45,[p.45] 종류C-F; SINCE_INCEPTION 2.90%
CLASS000712,FUND000055,1Y,2.95,2.59,2025-11-30,DOC000057,45,[p.45] 종류C-P; 1Y 2.95%
CLASS000712,FUND000055,2Y,3.51,3.25,2025-11-30,DOC000057,45,[p.45] 종류C-P; 2Y 3.51%
CLASS000712,FUND000055,3Y,3.99,3.51,2025-11-30,DOC000057,45,[p.45] 종류C-P; 3Y 3.99%
CLASS000712,FUND000055,5Y,2.82,2.44,2025-11-30,DOC000057,45,[p.45] 종류C-P; 5Y 2.82%
CLASS000712,FUND000055,SINCE_INCEPTION,2.61,2.93,2025-11-30,DOC000057,45,[p.45] 종류C-P; SINCE_INCEPTION 2.61%
CLASS000713,FUND000055,1Y,2.96,2.59,2025-11-30,DOC000057,45,[p.45] 종류C-Pe; 1Y 2.96%
CLASS000713,FUND000055,2Y,3.52,3.25,2025-11-30,DOC000057,45,[p.45] 종류C-Pe; 2Y 3.52%
CLASS000713,FUND000055,3Y,4,3.51,2025-11-30,DOC000057,45,[p.45] 종류C-Pe; 3Y 4.00%
CLASS000713,FUND000055,5Y,2.83,2.44,2025-11-30,DOC000057,45,[p.45] 종류C-Pe; 5Y 2.83%
CLASS000713,FUND000055,SINCE_INCEPTION,3.02,2.93,2025-11-30,DOC000057,45,[p.45] 종류C-Pe; SINCE_INCEPTION 3.02%
CLASS000719,FUND000055,SINCE_INCEPTION,2.42,2.93,2025-11-30,DOC000057,45,[p.45] 종류C-I; SINCE_INCEPTION 2.42%
CLASS000721,FUND000056,1Y,15.4,7.96,2025-06-30,DOC000058,49,[p.49] 종류A; 1Y 15.40%
CLASS000721,FUND000056,2Y,14.93,10.75,2025-06-30,DOC000058,49,[p.49] 종류A; 2Y 14.93%
CLASS000721,FUND000056,3Y,13.52,10.5,2025-06-30,DOC000058,49,[p.49] 종류A; 3Y 13.52%
CLASS000721,FUND000056,5Y,11.33,8.16,2025-06-30,DOC000058,49,[p.49] 종류A; 5Y 11.33%
CLASS000721,FUND000056,SINCE_INCEPTION,6.21,4.31,2025-06-30,DOC000058,49,[p.49] 종류A; SINCE_INCEPTION 6.21%
CLASS000724,FUND000056,1Y,15.14,7.96,2025-06-30,DOC000058,49,[p.49] 종류Ce; 1Y 15.14%
CLASS000724,FUND000056,2Y,14.82,10.75,2025-06-30,DOC000058,49,[p.49] 종류Ce; 2Y 14.82%
CLASS000724,FUND000056,3Y,13.45,10.5,2025-06-30,DOC000058,49,[p.49] 종류Ce; 3Y 13.45%
CLASS000724,FUND000056,5Y,11.28,8.16,2025-06-30,DOC000058,49,[p.49] 종류Ce; 5Y 11.28%
CLASS000724,FUND000056,SINCE_INCEPTION,6.24,4.31,2025-06-30,DOC000058,49,[p.49] 종류Ce; SINCE_INCEPTION 6.24%
CLASS000725,FUND000056,1Y,14.91,7.96,2025-06-30,DOC000058,49,[p.49] 종류C-P; 1Y 14.91%
CLASS000725,FUND000056,2Y,14.59,10.75,2025-06-30,DOC000058,49,[p.49] 종류C-P; 2Y 14.59%
CLASS000725,FUND000056,3Y,13.22,10.5,2025-06-30,DOC000058,49,[p.49] 종류C-P; 3Y 13.22%
CLASS000725,FUND000056,5Y,11.06,8.16,2025-06-30,DOC000058,49,[p.49] 종류C-P; 5Y 11.06%
CLASS000725,FUND000056,SINCE_INCEPTION,6.29,4.31,2025-06-30,DOC000058,49,[p.49] 종류C-P; SINCE_INCEPTION 6.29%
CLASS000726,FUND000056,1Y,15.08,7.96,2025-06-30,DOC000058,49,[p.49] 종류C-Pe; 1Y 15.08%
CLASS000726,FUND000056,2Y,14.76,10.75,2025-06-30,DOC000058,49,[p.49] 종류C-Pe; 2Y 14.76%
CLASS000726,FUND000056,3Y,13.39,10.5,2025-06-30,DOC000058,49,[p.49] 종류C-Pe; 3Y 13.39%
CLASS000726,FUND000056,5Y,11.23,8.16,2025-06-30,DOC000058,49,[p.49] 종류C-Pe; 5Y 11.23%
CLASS000726,FUND000056,SINCE_INCEPTION,5.47,4.31,2025-06-30,DOC000058,49,[p.49] 종류C-Pe; SINCE_INCEPTION 5.47%
CLASS000727,FUND000056,1Y,14.97,7.96,2025-06-30,DOC000058,49,[p.49] 종류Crp; 1Y 14.97%
CLASS000727,FUND000056,2Y,14.65,10.75,2025-06-30,DOC000058,49,[p.49] 종류Crp; 2Y 14.65%
CLASS000727,FUND000056,3Y,13.28,10.5,2025-06-30,DOC000058,49,[p.49] 종류Crp; 3Y 13.28%
CLASS000727,FUND000056,5Y,11.12,8.16,2025-06-30,DOC000058,49,[p.49] 종류Crp; 5Y 11.12%
CLASS000727,FUND000056,SINCE_INCEPTION,8.47,4.31,2025-06-30,DOC000058,49,[p.49] 종류Crp; SINCE_INCEPTION 8.47%
CLASS000728,FUND000056,1Y,15.11,7.96,2025-06-30,DOC000058,49,[p.49] 종류Crp-e; 1Y 15.11%
CLASS000728,FUND000056,2Y,14.8,10.75,2025-06-30,DOC000058,49,[p.49] 종류Crp-e; 2Y 14.80%
CLASS000728,FUND000056,3Y,13.42,10.5,2025-06-30,DOC000058,49,[p.49] 종류Crp-e; 3Y 13.42%
CLASS000728,FUND000056,5Y,11.26,8.16,2025-06-30,DOC000058,49,[p.49] 종류Crp-e; 5Y 11.26%
CLASS000728,FUND000056,SINCE_INCEPTION,6.41,4.31,2025-06-30,DOC000058,49,[p.49] 종류Crp-e; SINCE_INCEPTION 6.41%
CLASS000729,FUND000056,1Y,15.19,7.96,2025-06-30,DOC000058,49,[p.49] 종류S-P; 1Y 15.19%
CLASS000729,FUND000056,2Y,14.86,10.75,2025-06-30,DOC000058,49,[p.49] 종류S-P; 2Y 14.86%
CLASS000729,FUND000056,3Y,13.48,10.5,2025-06-30,DOC000058,49,[p.49] 종류S-P; 3Y 13.48%
CLASS000729,FUND000056,5Y,11.3,8.16,2025-06-30,DOC000058,49,[p.49] 종류S-P; 5Y 11.30%
CLASS000729,FUND000056,SINCE_INCEPTION,7.7,4.31,2025-06-30,DOC000058,49,[p.49] 종류S-P; SINCE_INCEPTION 7.70%
CLASS000736,FUND000056,1Y,14.98,7.96,2025-06-30,DOC000058,49,[p.49] 종류Cd; 1Y 14.98%
CLASS000736,FUND000056,2Y,14.67,10.75,2025-06-30,DOC000058,49,[p.49] 종류Cd; 2Y 14.67%
CLASS000736,FUND000056,3Y,13.29,10.5,2025-06-30,DOC000058,49,[p.49] 종류Cd; 3Y 13.29%
CLASS000736,FUND000056,5Y,11.12,8.16,2025-06-30,DOC000058,49,[p.49] 종류Cd; 5Y 11.12%
CLASS000736,FUND000056,SINCE_INCEPTION,5.62,4.31,2025-06-30,DOC000058,49,[p.49] 종류Cd; SINCE_INCEPTION 5.62%
CLASS000738,FUND000057,1Y,-1.5,-1.11,2021-02-28,DOC000059,44,[p.44] 종류C; 1Y -1.50%
CLASS000738,FUND000057,2Y,1.76,2.12,2021-02-28,DOC000059,44,[p.44] 종류C; 2Y 1.76%
CLASS000738,FUND000057,3Y,2.73,3.29,2021-02-28,DOC000059,44,[p.44] 종류C; 3Y 2.73%
CLASS000738,FUND000057,5Y,1.49,2.06,2021-02-28,DOC000059,44,[p.44] 종류C; 5Y 1.49%
CLASS000738,FUND000057,SINCE_INCEPTION,0.47,6.03,2021-02-28,DOC000059,44,[p.44] 종류C; SINCE_INCEPTION 0.47%
CLASS000739,FUND000057,1Y,-1.32,-1.11,2021-02-28,DOC000059,44,[p.44] 종류C-e; 1Y -1.32%
CLASS000739,FUND000057,2Y,1.94,2.12,2021-02-28,DOC000059,44,[p.44] 종류C-e; 2Y 1.94%
CLASS000739,FUND000057,3Y,2.92,3.29,2021-02-28,DOC000059,44,[p.44] 종류C-e; 3Y 2.92%
CLASS000739,FUND000057,SINCE_INCEPTION,2.19,6.03,2021-02-28,DOC000059,44,[p.44] 종류C-e; SINCE_INCEPTION 2.19%
CLASS000744,FUND000058,1Y,210,4.2,2025-01-31,DOC000060,40,[p.40] 종류C-P2; 1Y 210%
CLASS000744,FUND000058,2Y,232,4.07,2025-01-31,DOC000060,40,[p.40] 종류C-P2; 2Y 232%
CLASS000744,FUND000058,3Y,905,3.21,2025-01-31,DOC000060,40,[p.40] 종류C-P2; 3Y 905%
CLASS000744,FUND000058,5Y,977,2.26,2025-01-31,DOC000060,40,[p.40] 종류C-P2; 5Y 977%
CLASS000744,FUND000058,SINCE_INCEPTION,2,3.19,2025-01-31,DOC000060,40,[p.40] 종류C-P2; SINCE_INCEPTION 2%
CLASS000745,FUND000058,1Y,4.15,4.2,2025-01-31,DOC000060,40,[p.40] 종류C-P2e; 1Y 4.15%
CLASS000745,FUND000058,2Y,4.17,4.07,2025-01-31,DOC000060,40,[p.40] 종류C-P2e; 2Y 4.17%
CLASS000745,FUND000058,3Y,3.38,3.21,2025-01-31,DOC000060,40,[p.40] 종류C-P2e; 3Y 3.38%
CLASS000745,FUND000058,5Y,2.35,2.26,2025-01-31,DOC000060,40,[p.40] 종류C-P2e; 5Y 2.35%
CLASS000745,FUND000058,SINCE_INCEPTION,2.33,3.19,2025-01-31,DOC000060,40,[p.40] 종류C-P2e; SINCE_INCEPTION 2.33%
CLASS000742,FUND000058,1Y,3.87,4.2,2025-01-31,DOC000060,40,[p.40] 종류C-P; 1Y 3.87%
CLASS000742,FUND000058,2Y,3.89,4.07,2025-01-31,DOC000060,40,[p.40] 종류C-P; 2Y 3.89%
CLASS000742,FUND000058,3Y,3.1,3.21,2025-01-31,DOC000060,40,[p.40] 종류C-P; 3Y 3.10%
CLASS000742,FUND000058,5Y,2.07,2.26,2025-01-31,DOC000060,40,[p.40] 종류C-P; 5Y 2.07%
CLASS000742,FUND000058,SINCE_INCEPTION,2.07,3.19,2025-01-31,DOC000060,40,[p.40] 종류C-P; SINCE_INCEPTION 2.07%
CLASS000743,FUND000058,1Y,4.02,4.2,2025-01-31,DOC000060,40,[p.40] 종류C-Pe; 1Y 4.02%
CLASS000743,FUND000058,2Y,4.04,4.07,2025-01-31,DOC000060,40,[p.40] 종류C-Pe; 2Y 4.04%
CLASS000743,FUND000058,3Y,3.24,3.21,2025-01-31,DOC000060,40,[p.40] 종류C-Pe; 3Y 3.24%
CLASS000743,FUND000058,5Y,2.21,2.26,2025-01-31,DOC000060,40,[p.40] 종류C-Pe; 5Y 2.21%
CLASS000743,FUND000058,SINCE_INCEPTION,2.22,3.19,2025-01-31,DOC000060,40,[p.40] 종류C-Pe; SINCE_INCEPTION 2.22%
CLASS000760,FUND000059,1Y,4,4.32,2025-07-31,DOC000061,43,[p.43] 종류C-P2e; 1Y 4.00%
CLASS000760,FUND000059,2Y,5.07,5.33,2025-07-31,DOC000061,43,[p.43] 종류C-P2e; 2Y 5.07%
CLASS000760,FUND000059,3Y,4.19,4.02,2025-07-31,DOC000061,43,[p.43] 종류C-P2e; 3Y 4.19%
CLASS000760,FUND000059,5Y,1.47,1.65,2025-07-31,DOC000061,43,[p.43] 종류C-P2e; 5Y 1.47%
CLASS000760,FUND000059,SINCE_INCEPTION,2.14,3.28,2025-07-31,DOC000061,43,[p.43] 종류C-P2e; SINCE_INCEPTION 2.14%
CLASS000751,FUND000059,1Y,4.07,4.32,2025-07-31,DOC000061,43,[p.43] 종류C-e; 1Y 4.07%
CLASS000751,FUND000059,2Y,5.15,5.33,2025-07-31,DOC000061,43,[p.43] 종류C-e; 2Y 5.15%
CLASS000751,FUND000059,3Y,4.26,4.02,2025-07-31,DOC000061,43,[p.43] 종류C-e; 3Y 4.26%
CLASS000751,FUND000059,5Y,1.53,1.65,2025-07-31,DOC000061,43,[p.43] 종류C-e; 5Y 1.53%
CLASS000751,FUND000059,SINCE_INCEPTION,2.22,3.28,2025-07-31,DOC000061,43,[p.43] 종류C-e; SINCE_INCEPTION 2.22%
CLASS000753,FUND000059,1Y,4.43,4.32,2025-07-31,DOC000061,43,[p.43] 종류C-I; 1Y 4.43%
CLASS000753,FUND000059,2Y,5.51,5.33,2025-07-31,DOC000061,43,[p.43] 종류C-I; 2Y 5.51%
CLASS000753,FUND000059,3Y,4.63,4.02,2025-07-31,DOC000061,43,[p.43] 종류C-I; 3Y 4.63%
CLASS000753,FUND000059,5Y,1.88,1.65,2025-07-31,DOC000061,43,[p.43] 종류C-I; 5Y 1.88%
CLASS000753,FUND000059,SINCE_INCEPTION,1.93,3.28,2025-07-31,DOC000061,43,[p.43] 종류C-I; SINCE_INCEPTION 1.93%
CLASS000755,FUND000059,1Y,4.47,4.32,2025-07-31,DOC000061,43,[p.43] 종류F; 1Y 4.47%
CLASS000755,FUND000059,2Y,5.55,5.33,2025-07-31,DOC000061,43,[p.43] 종류F; 2Y 5.55%
CLASS000755,FUND000059,3Y,4.66,4.02,2025-07-31,DOC000061,43,[p.43] 종류F; 3Y 4.66%
CLASS000755,FUND000059,5Y,1.91,1.65,2025-07-31,DOC000061,43,[p.43] 종류F; 5Y 1.91%
CLASS000755,FUND000059,SINCE_INCEPTION,3.35,3.28,2025-07-31,DOC000061,43,[p.43] 종류F; SINCE_INCEPTION 3.35%
CLASS000756,FUND000059,1Y,4.09,4.32,2025-07-31,DOC000061,43,[p.43] 종류S; 1Y 4.09%
CLASS000756,FUND000059,2Y,5.17,5.33,2025-07-31,DOC000061,43,[p.43] 종류S; 2Y 5.17%
CLASS000756,FUND000059,3Y,4.28,4.02,2025-07-31,DOC000061,43,[p.43] 종류S; 3Y 4.28%
CLASS000756,FUND000059,5Y,1.55,1.65,2025-07-31,DOC000061,43,[p.43] 종류S; 5Y 1.55%
CLASS000756,FUND000059,SINCE_INCEPTION,1.97,3.28,2025-07-31,DOC000061,43,[p.43] 종류S; SINCE_INCEPTION 1.97%
CLASS000758,FUND000059,1Y,4.28,4.32,2025-07-31,DOC000061,43,[p.43] 종류C-Pe; 1Y 4.28%
CLASS000758,FUND000059,2Y,5.36,5.33,2025-07-31,DOC000061,43,[p.43] 종류C-Pe; 2Y 5.36%
CLASS000758,FUND000059,3Y,4.47,4.02,2025-07-31,DOC000061,43,[p.43] 종류C-Pe; 3Y 4.47%
CLASS000758,FUND000059,5Y,1.73,1.65,2025-07-31,DOC000061,43,[p.43] 종류C-Pe; 5Y 1.73%
CLASS000758,FUND000059,SINCE_INCEPTION,2.25,3.28,2025-07-31,DOC000061,43,[p.43] 종류C-Pe; SINCE_INCEPTION 2.25%
CLASS000759,FUND000059,1Y,4.16,4.32,2025-07-31,DOC000061,43,[p.43] 종류C-P2; 1Y 4.16%
CLASS000759,FUND000059,2Y,5.24,5.33,2025-07-31,DOC000061,43,[p.43] 종류C-P2; 2Y 5.24%
CLASS000759,FUND000059,3Y,3.53,4.02,2025-07-31,DOC000061,43,[p.43] 종류C-P2; 3Y 3.53%
CLASS000759,FUND000059,5Y,1.44,1.65,2025-07-31,DOC000061,43,[p.43] 종류C-P2; 5Y 1.44%
CLASS000759,FUND000059,SINCE_INCEPTION,1.94,3.28,2025-07-31,DOC000061,43,[p.43] 종류C-P2; SINCE_INCEPTION 1.94%
CLASS000761,FUND000060,1Y,-1.39,-1.2,2025-11-30,DOC000062,46,[p.46] 종류A; 1Y -1.39%
CLASS000761,FUND000060,2Y,3.97,4.21,2025-11-30,DOC000062,46,[p.46] 종류A; 2Y 3.97%
CLASS000761,FUND000060,3Y,4.5,4.59,2025-11-30,DOC000062,46,[p.46] 종류A; 3Y 4.50%
CLASS000761,FUND000060,5Y,0.56,0.75,2025-11-30,DOC000062,46,[p.46] 종류A; 5Y 0.56%
CLASS000761,FUND000060,SINCE_INCEPTION,1.12,3.37,2025-11-30,DOC000062,46,[p.46] 종류A; SINCE_INCEPTION 1.12%
CLASS000764,FUND000060,1Y,-1.48,-1.2,2025-11-30,DOC000062,46,[p.46] 종류C; 1Y -1.48%
CLASS000764,FUND000060,2Y,3.88,4.21,2025-11-30,DOC000062,46,[p.46] 종류C; 2Y 3.88%
CLASS000764,FUND000060,3Y,4.41,4.59,2025-11-30,DOC000062,46,[p.46] 종류C; 3Y 4.41%
CLASS000764,FUND000060,5Y,0.47,0.75,2025-11-30,DOC000062,46,[p.46] 종류C; 5Y 0.47%
CLASS000764,FUND000060,SINCE_INCEPTION,2.55,3.37,2025-11-30,DOC000062,46,[p.46] 종류C; SINCE_INCEPTION 2.55%
CLASS000765,FUND000060,1Y,-1.44,-1.2,2025-11-30,DOC000062,46,[p.46] 종류C-e; 1Y -1.44%
CLASS000765,FUND000060,2Y,3.92,4.21,2025-11-30,DOC000062,46,[p.46] 종류C-e; 2Y 3.92%
CLASS000765,FUND000060,3Y,4.45,4.59,2025-11-30,DOC000062,46,[p.46] 종류C-e; 3Y 4.45%
CLASS000765,FUND000060,5Y,0.51,0.75,2025-11-30,DOC000062,46,[p.46] 종류C-e; 5Y 0.51%
CLASS000765,FUND000060,SINCE_INCEPTION,2.03,3.37,2025-11-30,DOC000062,46,[p.46] 종류C-e; SINCE_INCEPTION 2.03%
CLASS000767,FUND000060,1Y,-1.47,-1.2,2025-11-30,DOC000062,46,[p.46] 종류C-P; 1Y -1.47%
CLASS000767,FUND000060,2Y,3.89,4.21,2025-11-30,DOC000062,46,[p.46] 종류C-P; 2Y 3.89%
CLASS000767,FUND000060,3Y,4.42,4.59,2025-11-30,DOC000062,46,[p.46] 종류C-P; 3Y 4.42%
CLASS000767,FUND000060,5Y,0.48,0.75,2025-11-30,DOC000062,46,[p.46] 종류C-P; 5Y 0.48%
CLASS000767,FUND000060,SINCE_INCEPTION,1.08,3.37,2025-11-30,DOC000062,46,[p.46] 종류C-P; SINCE_INCEPTION 1.08%
CLASS000768,FUND000060,1Y,-1.33,-1.2,2025-11-30,DOC000062,46,[p.46] 종류C-Pe; 1Y -1.33%
CLASS000768,FUND000060,2Y,4.03,4.21,2025-11-30,DOC000062,46,[p.46] 종류C-Pe; 2Y 4.03%
CLASS000768,FUND000060,3Y,4.57,4.59,2025-11-30,DOC000062,46,[p.46] 종류C-Pe; 3Y 4.57%
CLASS000768,FUND000060,5Y,0.62,0.75,2025-11-30,DOC000062,46,[p.46] 종류C-Pe; 5Y 0.62%
CLASS000768,FUND000060,SINCE_INCEPTION,1.56,3.37,2025-11-30,DOC000062,46,[p.46] 종류C-Pe; SINCE_INCEPTION 1.56%
CLASS000769,FUND000060,1Y,-1.46,-1.2,2025-11-30,DOC000062,46,[p.46] 종류C-P2; 1Y -1.46%
CLASS000769,FUND000060,2Y,3.9,4.21,2025-11-30,DOC000062,46,[p.46] 종류C-P2; 2Y 3.90%
CLASS000769,FUND000060,3Y,4.43,4.59,2025-11-30,DOC000062,46,[p.46] 종류C-P2; 3Y 4.43%
CLASS000769,FUND000060,5Y,0.49,0.75,2025-11-30,DOC000062,46,[p.46] 종류C-P2; 5Y 0.49%
CLASS000769,FUND000060,SINCE_INCEPTION,1.07,3.37,2025-11-30,DOC000062,46,[p.46] 종류C-P2; SINCE_INCEPTION 1.07%
CLASS000770,FUND000060,1Y,-1.32,-1.2,2025-11-30,DOC000062,46,[p.46] 종류C-P2e; 1Y -1.32%
CLASS000770,FUND000060,2Y,4.04,4.21,2025-11-30,DOC000062,46,[p.46] 종류C-P2e; 2Y 4.04%
CLASS000770,FUND000060,3Y,4.58,4.59,2025-11-30,DOC000062,46,[p.46] 종류C-P2e; 3Y 4.58%
CLASS000770,FUND000060,5Y,0.63,0.75,2025-11-30,DOC000062,46,[p.46] 종류C-P2e; 5Y 0.63%
CLASS000770,FUND000060,SINCE_INCEPTION,1.36,3.37,2025-11-30,DOC000062,46,[p.46] 종류C-P2e; SINCE_INCEPTION 1.36%
CLASS000771,FUND000060,1Y,-1.21,-1.2,2025-11-30,DOC000062,46,[p.46] 종류C-PI; 1Y -1.21%
CLASS000771,FUND000060,2Y,4.16,4.21,2025-11-30,DOC000062,46,[p.46] 종류C-PI; 2Y 4.16%
CLASS000771,FUND000060,3Y,4.69,4.59,2025-11-30,DOC000062,46,[p.46] 종류C-PI; 3Y 4.69%
CLASS000771,FUND000060,5Y,0.74,0.75,2025-11-30,DOC000062,46,[p.46] 종류C-PI; 5Y 0.74%
CLASS000771,FUND000060,SINCE_INCEPTION,1.61,3.37,2025-11-30,DOC000062,46,[p.46] 종류C-PI; SINCE_INCEPTION 1.61%
CLASS000773,FUND000060,1Y,-1.35,-1.2,2025-11-30,DOC000062,46,[p.46] 종류S; 1Y -1.35%
CLASS000773,FUND000060,2Y,4.01,4.21,2025-11-30,DOC000062,46,[p.46] 종류S; 2Y 4.01%
CLASS000773,FUND000060,3Y,4.55,4.59,2025-11-30,DOC000062,46,[p.46] 종류S; 3Y 4.55%
CLASS000773,FUND000060,5Y,0.6,0.75,2025-11-30,DOC000062,46,[p.46] 종류S; 5Y 0.60%
CLASS000773,FUND000060,SINCE_INCEPTION,2.11,3.37,2025-11-30,DOC000062,46,[p.46] 종류S; SINCE_INCEPTION 2.11%
CLASS000775,FUND000061,1Y,1.06,4.24,2025-09-30,DOC000063,49,[p.49] 종류A-e; 1Y 1.06%
CLASS000775,FUND000061,SINCE_INCEPTION,3.22,4.64,2025-09-30,DOC000063,49,[p.49] 종류A-e; SINCE_INCEPTION 3.22%
CLASS000778,FUND000061,1Y,0.86,4.24,2025-09-30,DOC000063,49,[p.49] 종류C-e; 1Y 0.86%
CLASS000778,FUND000061,SINCE_INCEPTION,3.01,4.64,2025-09-30,DOC000063,49,[p.49] 종류C-e; SINCE_INCEPTION 3.01%
CLASS000781,FUND000061,1Y,1.36,4.24,2025-09-30,DOC000063,49,[p.49] 종류F; 1Y 1.36%
CLASS000781,FUND000061,SINCE_INCEPTION,3.52,4.64,2025-09-30,DOC000063,49,[p.49] 종류F; SINCE_INCEPTION 3.52%
CLASS000784,FUND000061,1Y,1.17,4.24,2025-09-30,DOC000063,49,[p.49] 종류C-Pe; 1Y 1.17%
CLASS000784,FUND000061,SINCE_INCEPTION,3.03,4.64,2025-09-30,DOC000063,49,[p.49] 종류C-Pe; SINCE_INCEPTION 3.03%
CLASS000786,FUND000061,1Y,1.18,4.24,2025-09-30,DOC000063,49,[p.49] 종류C-P2e; 1Y 1.18%
CLASS000786,FUND000061,SINCE_INCEPTION,3.34,4.64,2025-09-30,DOC000063,49,[p.49] 종류C-P2e; SINCE_INCEPTION 3.34%
CLASS000802,FUND000063,1Y,-1.58,-4.15,2025-02-28,DOC000065,33,[p.33] 종류C-P2e; 1Y -1.58%
CLASS000802,FUND000063,2Y,1.5,2.45,2025-02-28,DOC000065,33,[p.33] 종류C-P2e; 2Y 1.50%
CLASS000802,FUND000063,3Y,-2.52,-2.1,2025-02-28,DOC000065,33,[p.33] 종류C-P2e; 3Y -2.52%
CLASS000802,FUND000063,5Y,5.57,4.97,2025-02-28,DOC000065,33,[p.33] 종류C-P2e; 5Y 5.57%
CLASS000802,FUND000063,SINCE_INCEPTION,3.66,3.16,2025-02-28,DOC000065,33,[p.33] 종류C-P2e; SINCE_INCEPTION 3.66%
CLASS000803,FUND000064,1Y,-2.57,-5.03,2025-04-30,DOC000066,69,[p.69] 종류C; 1Y -2.57%
CLASS000803,FUND000064,2Y,5.29,1.09,2025-04-30,DOC000066,69,[p.69] 종류C; 2Y 5.29%
CLASS000803,FUND000064,3Y,1.33,-1.74,2025-04-30,DOC000066,69,[p.69] 종류C; 3Y 1.33%
CLASS000803,FUND000064,5Y,7.7,5.59,2025-04-30,DOC000066,69,[p.69] 종류C; 5Y 7.70%
CLASS000803,FUND000064,SINCE_INCEPTION,4.06,4.03,2025-04-30,DOC000066,69,[p.69] 종류C; SINCE_INCEPTION 4.06%
CLASS000804,FUND000064,1Y,-2.1,-5.03,2025-04-30,DOC000066,69,[p.69] 종류C-e; 1Y -2.10%
CLASS000804,FUND000064,2Y,5.79,1.09,2025-04-30,DOC000066,69,[p.69] 종류C-e; 2Y 5.79%
CLASS000804,FUND000064,3Y,1.82,-1.74,2025-04-30,DOC000066,69,[p.69] 종류C-e; 3Y 1.82%
CLASS000804,FUND000064,5Y,8.22,5.59,2025-04-30,DOC000066,69,[p.69] 종류C-e; 5Y 8.22%
CLASS000804,FUND000064,SINCE_INCEPTION,3.17,4.03,2025-04-30,DOC000066,69,[p.69] 종류C-e; SINCE_INCEPTION 3.17%
CLASS000805,FUND000065,1Y,5.76,9.79,2025-06-30,DOC000067,33,[p.33] 종류C; 1Y 5.76%
CLASS000805,FUND000065,2Y,8.54,9.43,2025-06-30,DOC000067,33,[p.33] 종류C; 2Y 8.54%
CLASS000805,FUND000065,3Y,8.1,9.6,2025-06-30,DOC000067,33,[p.33] 종류C; 3Y 8.10%
CLASS000805,FUND000065,5Y,11.68,7.81,2025-06-30,DOC000067,33,[p.33] 종류C; 5Y 11.68%
CLASS000805,FUND000065,SINCE_INCEPTION,6.1,3.58,2025-06-30,DOC000067,33,[p.33] 종류C; SINCE_INCEPTION 6.10%
CLASS000806,FUND000065,1Y,6.18,9.79,2025-06-30,DOC000067,33,[p.33] 종류C-P2e; 1Y 6.18%
CLASS000806,FUND000065,2Y,8.98,9.43,2025-06-30,DOC000067,33,[p.33] 종류C-P2e; 2Y 8.98%
CLASS000806,FUND000065,3Y,8.53,9.6,2025-06-30,DOC000067,33,[p.33] 종류C-P2e; 3Y 8.53%
CLASS000806,FUND000065,5Y,12.13,7.81,2025-06-30,DOC000067,33,[p.33] 종류C-P2e; 5Y 12.13%
CLASS000806,FUND000065,SINCE_INCEPTION,9.67,3.58,2025-06-30,DOC000067,33,[p.33] 종류C-P2e; SINCE_INCEPTION 9.67%
CLASS000809,FUND000066,1Y,17.69,19.13,2025-08-31,DOC000068,33,[p.33] 종류C; 1Y 17.69%
CLASS000809,FUND000066,2Y,15.92,11.62,2025-08-31,DOC000068,33,[p.33] 종류C; 2Y 15.92%
CLASS000809,FUND000066,3Y,12.23,8.82,2025-08-31,DOC000068,33,[p.33] 종류C; 3Y 12.23%
CLASS000809,FUND000066,5Y,9.93,6.49,2025-08-31,DOC000068,33,[p.33] 종류C; 5Y 9.93%
CLASS000809,FUND000066,SINCE_INCEPTION,5.85,4.31,2025-08-31,DOC000068,33,[p.33] 종류C; SINCE_INCEPTION 5.85%
CLASS000810,FUND000066,1Y,18.16,19.13,2025-08-31,DOC000068,33,[p.33] 종류C-P2e; 1Y 18.16%
CLASS000810,FUND000066,2Y,16.38,11.62,2025-08-31,DOC000068,33,[p.33] 종류C-P2e; 2Y 16.38%
CLASS000810,FUND000066,3Y,12.68,8.82,2025-08-31,DOC000068,33,[p.33] 종류C-P2e; 3Y 12.68%
CLASS000810,FUND000066,5Y,10.37,6.49,2025-08-31,DOC000068,33,[p.33] 종류C-P2e; 5Y 10.37%
CLASS000810,FUND000066,SINCE_INCEPTION,9.5,4.31,2025-08-31,DOC000068,33,[p.33] 종류C-P2e; SINCE_INCEPTION 9.50%
CLASS000812,FUND000067,1Y,18.56,17.75,2025-11-30,DOC000069,48,[p.48] 종류A; 1Y 18.56%
CLASS000812,FUND000067,2Y,7.78,9.87,2025-11-30,DOC000069,48,[p.48] 종류A; 2Y 7.78%
CLASS000812,FUND000067,3Y,7.45,7.85,2025-11-30,DOC000069,48,[p.48] 종류A; 3Y 7.45%
CLASS000812,FUND000067,5Y,7.39,4.53,2025-11-30,DOC000069,48,[p.48] 종류A; 5Y 7.39%
CLASS000812,FUND000067,SINCE_INCEPTION,5.07,3.66,2025-11-30,DOC000069,48,[p.48] 종류A; SINCE_INCEPTION 5.07%
CLASS000813,FUND000067,1Y,18.88,17.75,2025-11-30,DOC000069,48,[p.48] 종류A-e; 1Y 18.88%
CLASS000813,FUND000067,2Y,8.08,9.87,2025-11-30,DOC000069,48,[p.48] 종류A-e; 2Y 8.08%
CLASS000813,FUND000067,3Y,7.75,7.85,2025-11-30,DOC000069,48,[p.48] 종류A-e; 3Y 7.75%
CLASS000813,FUND000067,5Y,7.69,4.53,2025-11-30,DOC000069,48,[p.48] 종류A-e; 5Y 7.69%
CLASS000813,FUND000067,SINCE_INCEPTION,5.36,3.66,2025-11-30,DOC000069,48,[p.48] 종류A-e; SINCE_INCEPTION 5.36%
CLASS000816,FUND000067,1Y,17.94,17.75,2025-11-30,DOC000069,48,[p.48] 종류C2; 1Y 17.94%
CLASS000816,FUND000067,2Y,7.26,9.87,2025-11-30,DOC000069,48,[p.48] 종류C2; 2Y 7.26%
CLASS000816,FUND000067,3Y,6.92,7.85,2025-11-30,DOC000069,48,[p.48] 종류C2; 3Y 6.92%
CLASS000816,FUND000067,5Y,4.82,4.53,2025-11-30,DOC000069,48,[p.48] 종류C2; 5Y 4.82%
CLASS000816,FUND000067,SINCE_INCEPTION,3.33,3.66,2025-11-30,DOC000069,48,[p.48] 종류C2; SINCE_INCEPTION 3.33%
CLASS000817,FUND000067,1Y,18.21,17.75,2025-11-30,DOC000069,48,[p.48] 종류C3; 1Y 18.21%
CLASS000817,FUND000067,2Y,7.43,9.87,2025-11-30,DOC000069,48,[p.48] 종류C3; 2Y 7.43%
CLASS000817,FUND000067,3Y,7.1,7.85,2025-11-30,DOC000069,48,[p.48] 종류C3; 3Y 7.10%
CLASS000817,FUND000067,5Y,6.82,4.53,2025-11-30,DOC000069,48,[p.48] 종류C3; 5Y 6.82%
CLASS000817,FUND000067,SINCE_INCEPTION,4.16,3.66,2025-11-30,DOC000069,48,[p.48] 종류C3; SINCE_INCEPTION 4.16%
CLASS000818,FUND000067,1Y,18.37,17.75,2025-11-30,DOC000069,48,[p.48] 종류C4; 1Y 18.37%
CLASS000818,FUND000067,2Y,7.61,9.87,2025-11-30,DOC000069,48,[p.48] 종류C4; 2Y 7.61%
CLASS000818,FUND000067,3Y,7.28,7.85,2025-11-30,DOC000069,48,[p.48] 종류C4; 3Y 7.28%
CLASS000818,FUND000067,5Y,7.22,4.53,2025-11-30,DOC000069,48,[p.48] 종류C4; 5Y 7.22%
CLASS000818,FUND000067,SINCE_INCEPTION,5.06,3.66,2025-11-30,DOC000069,48,[p.48] 종류C4; SINCE_INCEPTION 5.06%
CLASS000819,FUND000067,1Y,18.61,17.75,2025-11-30,DOC000069,48,[p.48] 종류C-e; 1Y 18.61%
CLASS000819,FUND000067,2Y,7.83,9.87,2025-11-30,DOC000069,48,[p.48] 종류C-e; 2Y 7.83%
CLASS000819,FUND000067,3Y,7.5,7.85,2025-11-30,DOC000069,48,[p.48] 종류C-e; 3Y 7.50%
CLASS000819,FUND000067,5Y,7.44,4.53,2025-11-30,DOC000069,48,[p.48] 종류C-e; 5Y 7.44%
CLASS000819,FUND000067,SINCE_INCEPTION,5.12,3.66,2025-11-30,DOC000069,48,[p.48] 종류C-e; SINCE_INCEPTION 5.12%
CLASS000821,FUND000067,1Y,19.17,17.75,2025-11-30,DOC000069,48,[p.48] 종류F; 1Y 19.17%
CLASS000821,FUND000067,2Y,8.35,9.87,2025-11-30,DOC000069,48,[p.48] 종류F; 2Y 8.35%
CLASS000821,FUND000067,3Y,8.03,7.85,2025-11-30,DOC000069,48,[p.48] 종류F; 3Y 8.03%
CLASS000821,FUND000067,5Y,7.97,4.53,2025-11-30,DOC000069,48,[p.48] 종류F; 5Y 7.97%
CLASS000821,FUND000067,SINCE_INCEPTION,5.16,3.66,2025-11-30,DOC000069,48,[p.48] 종류F; SINCE_INCEPTION 5.16%
CLASS000822,FUND000067,1Y,18.94,17.75,2025-11-30,DOC000069,48,[p.48] 종류S; 1Y 18.94%
CLASS000822,FUND000067,2Y,8.14,9.87,2025-11-30,DOC000069,48,[p.48] 종류S; 2Y 8.14%
CLASS000822,FUND000067,3Y,7.8,7.85,2025-11-30,DOC000069,48,[p.48] 종류S; 3Y 7.80%
CLASS000822,FUND000067,5Y,7.78,4.53,2025-11-30,DOC000069,48,[p.48] 종류S; 5Y 7.78%
CLASS000822,FUND000067,SINCE_INCEPTION,5.59,3.66,2025-11-30,DOC000069,48,[p.48] 종류S; SINCE_INCEPTION 5.59%
CLASS000825,FUND000067,1Y,18.65,17.75,2025-11-30,DOC000069,48,[p.48] 종류C-P; 1Y 18.65%
CLASS000825,FUND000067,2Y,7.87,9.87,2025-11-30,DOC000069,48,[p.48] 종류C-P; 2Y 7.87%
CLASS000825,FUND000067,3Y,7.53,7.85,2025-11-30,DOC000069,48,[p.48] 종류C-P; 3Y 7.53%
CLASS000825,FUND000067,5Y,7.47,4.53,2025-11-30,DOC000069,48,[p.48] 종류C-P; 5Y 7.47%
CLASS000825,FUND000067,SINCE_INCEPTION,4.86,3.66,2025-11-30,DOC000069,48,[p.48] 종류C-P; SINCE_INCEPTION 4.86%
CLASS000828,FUND000067,1Y,18.77,17.75,2025-11-30,DOC000069,48,[p.48] 종류C-P2e; 1Y 18.77%
CLASS000828,FUND000067,2Y,7.97,9.87,2025-11-30,DOC000069,48,[p.48] 종류C-P2e; 2Y 7.97%
CLASS000828,FUND000067,3Y,7.64,7.85,2025-11-30,DOC000069,48,[p.48] 종류C-P2e; 3Y 7.64%
CLASS000828,FUND000067,SINCE_INCEPTION,6.96,3.66,2025-11-30,DOC000069,48,[p.48] 종류C-P2e; SINCE_INCEPTION 6.96%
CLASS000829,FUND000068,1Y,9.92,7.96,2025-06-30,DOC000070,45,[p.45] 종류C; 1Y 9.92%
CLASS000829,FUND000068,2Y,12.87,10.75,2025-06-30,DOC000070,45,[p.45] 종류C; 2Y 12.87%
CLASS000829,FUND000068,3Y,12.09,10.5,2025-06-30,DOC000070,45,[p.45] 종류C; 3Y 12.09%
CLASS000829,FUND000068,5Y,9.65,8.16,2025-06-30,DOC000070,45,[p.45] 종류C; 5Y 9.65%
CLASS000829,FUND000068,SINCE_INCEPTION,4.52,3.62,2025-06-30,DOC000070,45,[p.45] 종류C; SINCE_INCEPTION 4.52%
CLASS000830,FUND000068,1Y,10.27,7.96,2025-06-30,DOC000070,45,[p.45] 종류C-e; 1Y 10.27%
CLASS000830,FUND000068,2Y,13.23,10.75,2025-06-30,DOC000070,45,[p.45] 종류C-e; 2Y 13.23%
CLASS000830,FUND000068,3Y,12.45,10.5,2025-06-30,DOC000070,45,[p.45] 종류C-e; 3Y 12.45%
CLASS000830,FUND000068,5Y,10.04,8.16,2025-06-30,DOC000070,45,[p.45] 종류C-e; 5Y 10.04%
CLASS000830,FUND000068,SINCE_INCEPTION,4.65,3.62,2025-06-30,DOC000070,45,[p.45] 종류C-e; SINCE_INCEPTION 4.65%
CLASS000831,FUND000069,1Y,2.91,2.87,2025-10-31,DOC000071,49,[p.49] 종류A; 1Y 2.91%
CLASS000831,FUND000069,2Y,3.45,3.36,2025-10-31,DOC000071,49,[p.49] 종류A; 2Y 3.45%
CLASS000831,FUND000069,3Y,4.12,3.55,2025-10-31,DOC000071,49,[p.49] 종류A; 3Y 4.12%
CLASS000831,FUND000069,5Y,2.55,2.4,2025-10-31,DOC000071,49,[p.49] 종류A; 5Y 2.55%
CLASS000831,FUND000069,SINCE_INCEPTION,1.05,2.17,2025-10-31,DOC000071,49,[p.49] 종류A; SINCE_INCEPTION 1.05%
CLASS000832,FUND000069,1Y,3,2.87,2025-10-31,DOC000071,49,[p.49] 종류A-e; 1Y 3.00%
CLASS000832,FUND000069,2Y,3.55,3.36,2025-10-31,DOC000071,49,[p.49] 종류A-e; 2Y 3.55%
CLASS000832,FUND000069,3Y,4.21,3.55,2025-10-31,DOC000071,49,[p.49] 종류A-e; 3Y 4.21%
CLASS000832,FUND000069,5Y,2.64,2.4,2025-10-31,DOC000071,49,[p.49] 종류A-e; 5Y 2.64%
CLASS000832,FUND000069,SINCE_INCEPTION,1.26,2.17,2025-10-31,DOC000071,49,[p.49] 종류A-e; SINCE_INCEPTION 1.26%
CLASS000837,FUND000069,1Y,3.22,2.87,2025-10-31,DOC000071,49,[p.49] 종류C4; 1Y 3.22%
CLASS000837,FUND000069,2Y,3.77,3.36,2025-10-31,DOC000071,49,[p.49] 종류C4; 2Y 3.77%
CLASS000837,FUND000069,3Y,4.43,3.55,2025-10-31,DOC000071,49,[p.49] 종류C4; 3Y 4.43%
CLASS000837,FUND000069,SINCE_INCEPTION,2.81,2.17,2025-10-31,DOC000071,49,[p.49] 종류C4; SINCE_INCEPTION 2.81%
CLASS000838,FUND000069,1Y,2.93,2.87,2025-10-31,DOC000071,49,[p.49] 종류C-e; 1Y 2.93%
CLASS000838,FUND000069,2Y,3.6,3.36,2025-10-31,DOC000071,49,[p.49] 종류C-e; 2Y 3.60%
CLASS000838,FUND000069,3Y,4.31,3.55,2025-10-31,DOC000071,49,[p.49] 종류C-e; 3Y 4.31%
CLASS000838,FUND000069,5Y,2.78,2.4,2025-10-31,DOC000071,49,[p.49] 종류C-e; 5Y 2.78%
CLASS000838,FUND000069,SINCE_INCEPTION,2.62,2.17,2025-10-31,DOC000071,49,[p.49] 종류C-e; SINCE_INCEPTION 2.62%
CLASS000842,FUND000069,1Y,3.02,2.87,2025-10-31,DOC000071,49,[p.49] 종류S; 1Y 3.02%
CLASS000842,FUND000069,2Y,3.57,3.36,2025-10-31,DOC000071,49,[p.49] 종류S; 2Y 3.57%
CLASS000842,FUND000069,3Y,4.23,3.55,2025-10-31,DOC000071,49,[p.49] 종류S; 3Y 4.23%
CLASS000842,FUND000069,5Y,2.66,2.4,2025-10-31,DOC000071,49,[p.49] 종류S; 5Y 2.66%
CLASS000842,FUND000069,SINCE_INCEPTION,1.24,2.17,2025-10-31,DOC000071,49,[p.49] 종류S; SINCE_INCEPTION 1.24%
CLASS000843,FUND000069,1Y,2.83,2.87,2025-10-31,DOC000071,49,[p.49] 종류C-P; 1Y 2.83%
CLASS000843,FUND000069,2Y,3.37,3.36,2025-10-31,DOC000071,49,[p.49] 종류C-P; 2Y 3.37%
CLASS000843,FUND000069,3Y,4.03,3.55,2025-10-31,DOC000071,49,[p.49] 종류C-P; 3Y 4.03%
CLASS000843,FUND000069,5Y,2.46,2.4,2025-10-31,DOC000071,49,[p.49] 종류C-P; 5Y 2.46%
CLASS000843,FUND000069,SINCE_INCEPTION,0.99,2.17,2025-10-31,DOC000071,49,[p.49] 종류C-P; SINCE_INCEPTION 0.99%
CLASS000844,FUND000069,1Y,2.84,2.87,2025-10-31,DOC000071,49,[p.49] 종류C-Pe; 1Y 2.84%
CLASS000844,FUND000069,2Y,3.38,3.36,2025-10-31,DOC000071,49,[p.49] 종류C-Pe; 2Y 3.38%
CLASS000844,FUND000069,3Y,4.04,3.55,2025-10-31,DOC000071,49,[p.49] 종류C-Pe; 3Y 4.04%
CLASS000844,FUND000069,5Y,2.48,2.4,2025-10-31,DOC000071,49,[p.49] 종류C-Pe; 5Y 2.48%
CLASS000844,FUND000069,SINCE_INCEPTION,0.92,2.17,2025-10-31,DOC000071,49,[p.49] 종류C-Pe; SINCE_INCEPTION 0.92%
CLASS000846,FUND000069,1Y,2.97,2.87,2025-10-31,DOC000071,49,[p.49] 종류C-P2e; 1Y 2.97%
CLASS000846,FUND000069,2Y,3.51,3.36,2025-10-31,DOC000071,49,[p.49] 종류C-P2e; 2Y 3.51%
CLASS000846,FUND000069,3Y,4.18,3.55,2025-10-31,DOC000071,49,[p.49] 종류C-P2e; 3Y 4.18%
CLASS000846,FUND000069,5Y,2.61,2.4,2025-10-31,DOC000071,49,[p.49] 종류C-P2e; 5Y 2.61%
CLASS000846,FUND000069,SINCE_INCEPTION,1.19,2.17,2025-10-31,DOC000071,49,[p.49] 종류C-P2e; SINCE_INCEPTION 1.19%
CLASS000858,FUND000070,1Y,-22.21,-22.63,2025-04-30,DOC000072,48,[p.48] 종류S; 1Y -22.21%
CLASS000858,FUND000070,2Y,-15.63,-16.24,2025-04-30,DOC000072,48,[p.48] 종류S; 2Y -15.63%
CLASS000858,FUND000070,3Y,-7.35,-8.05,2025-04-30,DOC000072,48,[p.48] 종류S; 3Y -7.35%
CLASS000858,FUND000070,5Y,6.93,6.4,2025-04-30,DOC000072,48,[p.48] 종류S; 5Y 6.93%
CLASS000858,FUND000070,SINCE_INCEPTION,0.33,-0.1,2025-04-30,DOC000072,48,[p.48] 종류S; SINCE_INCEPTION 0.33%
CLASS000848,FUND000070,1Y,-22.07,-22.63,2025-04-30,DOC000072,48,[p.48] 종류A-e; 1Y -22.07%
CLASS000848,FUND000070,2Y,-15.47,-16.24,2025-04-30,DOC000072,48,[p.48] 종류A-e; 2Y -15.47%
CLASS000848,FUND000070,3Y,-7.18,-8.05,2025-04-30,DOC000072,48,[p.48] 종류A-e; 3Y -7.18%
CLASS000848,FUND000070,SINCE_INCEPTION,-1.51,-0.1,2025-04-30,DOC000072,48,[p.48] 종류A-e; SINCE_INCEPTION -1.51%
CLASS000850,FUND000070,1Y,-22.61,-22.63,2025-04-30,DOC000072,48,[p.48] 종류C; 1Y -22.61%
CLASS000850,FUND000070,2Y,-16.06,-16.24,2025-04-30,DOC000072,48,[p.48] 종류C; 2Y -16.06%
CLASS000850,FUND000070,3Y,-7.82,-8.05,2025-04-30,DOC000072,48,[p.48] 종류C; 3Y -7.82%
CLASS000850,FUND000070,5Y,6.39,6.4,2025-04-30,DOC000072,48,[p.48] 종류C; 5Y 6.39%
CLASS000850,FUND000070,SINCE_INCEPTION,-0.17,-0.1,2025-04-30,DOC000072,48,[p.48] 종류C; SINCE_INCEPTION -0.17%
CLASS000851,FUND000070,1Y,-22.27,-22.63,2025-04-30,DOC000072,48,[p.48] 종류C-e; 1Y -22.27%
CLASS000851,FUND000070,2Y,-15.69,-16.24,2025-04-30,DOC000072,48,[p.48] 종류C-e; 2Y -15.69%
CLASS000851,FUND000070,3Y,-7.42,-8.05,2025-04-30,DOC000072,48,[p.48] 종류C-e; 3Y -7.42%
CLASS000851,FUND000070,5Y,6.81,6.4,2025-04-30,DOC000072,48,[p.48] 종류C-e; 5Y 6.81%
CLASS000851,FUND000070,SINCE_INCEPTION,0.09,-0.1,2025-04-30,DOC000072,48,[p.48] 종류C-e; SINCE_INCEPTION 0.09%
CLASS000854,FUND000070,1Y,-22.2,-22.63,2025-04-30,DOC000072,48,[p.48] 종류C-P; 1Y -22.20%
CLASS000854,FUND000070,2Y,-15.62,-16.24,2025-04-30,DOC000072,48,[p.48] 종류C-P; 2Y -15.62%
CLASS000854,FUND000070,3Y,-7.34,-8.05,2025-04-30,DOC000072,48,[p.48] 종류C-P; 3Y -7.34%
CLASS000854,FUND000070,SINCE_INCEPTION,-3.99,-0.1,2025-04-30,DOC000072,48,[p.48] 종류C-P; SINCE_INCEPTION -3.99%
CLASS000856,FUND000070,1Y,-22.36,-22.63,2025-04-30,DOC000072,48,[p.48] 종류C-P2; 1Y -22.36%
CLASS000856,FUND000070,2Y,-15.79,-16.24,2025-04-30,DOC000072,48,[p.48] 종류C-P2; 2Y -15.79%
CLASS000856,FUND000070,3Y,-7.53,-8.05,2025-04-30,DOC000072,48,[p.48] 종류C-P2; 3Y -7.53%
CLASS000856,FUND000070,SINCE_INCEPTION,-4.71,-0.1,2025-04-30,DOC000072,48,[p.48] 종류C-P2; SINCE_INCEPTION -4.71%
CLASS000857,FUND000070,1Y,-22.15,-22.63,2025-04-30,DOC000072,48,[p.48] 종류C-P2e; 1Y -22.15%
CLASS000857,FUND000070,2Y,-15.56,-16.24,2025-04-30,DOC000072,48,[p.48] 종류C-P2e; 2Y -15.56%
CLASS000857,FUND000070,3Y,-7.28,-8.05,2025-04-30,DOC000072,48,[p.48] 종류C-P2e; 3Y -7.28%
CLASS000857,FUND000070,SINCE_INCEPTION,-3.92,-0.1,2025-04-30,DOC000072,48,[p.48] 종류C-P2e; SINCE_INCEPTION -3.92%
CLASS000859,FUND000071,1Y,105.32,,2025-12-31,DOC000073,47,[p.47] 종류A; 1Y 105.32%
CLASS000859,FUND000071,2Y,22.46,,2025-12-31,DOC000073,47,[p.47] 종류A; 2Y 22.46%
CLASS000859,FUND000071,3Y,27.44,,2025-12-31,DOC000073,47,[p.47] 종류A; 3Y 27.44%
CLASS000859,FUND000071,5Y,9.63,,2025-12-31,DOC000073,47,[p.47] 종류A; 5Y 9.63%
CLASS000859,FUND000071,SINCE_INCEPTION,16.8,,2025-12-31,DOC000073,47,[p.47] 종류A; SINCE_INCEPTION 16.80%
CLASS000860,FUND000071,1Y,105.95,,2025-12-31,DOC000073,47,[p.47] 종류A-e; 1Y 105.95%
CLASS000860,FUND000071,2Y,22.86,,2025-12-31,DOC000073,47,[p.47] 종류A-e; 2Y 22.86%
CLASS000860,FUND000071,3Y,27.85,,2025-12-31,DOC000073,47,[p.47] 종류A-e; 3Y 27.85%
CLASS000860,FUND000071,5Y,9.99,,2025-12-31,DOC000073,47,[p.47] 종류A-e; 5Y 9.99%
CLASS000860,FUND000071,SINCE_INCEPTION,17.18,,2025-12-31,DOC000073,47,[p.47] 종류A-e; SINCE_INCEPTION 17.18%
CLASS000861,FUND000071,1Y,105.7,,2025-12-31,DOC000073,47,[p.47] 종류AG; 1Y 105.70%
CLASS000861,FUND000071,2Y,22.71,,2025-12-31,DOC000073,47,[p.47] 종류AG; 2Y 22.71%
CLASS000861,FUND000071,3Y,27.7,,2025-12-31,DOC000073,47,[p.47] 종류AG; 3Y 27.70%
CLASS000861,FUND000071,5Y,9.85,,2025-12-31,DOC000073,47,[p.47] 종류AG; 5Y 9.85%
CLASS000861,FUND000071,SINCE_INCEPTION,13.9,,2025-12-31,DOC000073,47,[p.47] 종류AG; SINCE_INCEPTION 13.90%
CLASS000862,FUND000071,1Y,104.73,,2025-12-31,DOC000073,47,[p.47] 종류C; 1Y 104.73%
CLASS000862,FUND000071,2Y,22.09,,2025-12-31,DOC000073,47,[p.47] 종류C; 2Y 22.09%
CLASS000862,FUND000071,3Y,27.05,,2025-12-31,DOC000073,47,[p.47] 종류C; 3Y 27.05%
CLASS000862,FUND000071,5Y,9.28,,2025-12-31,DOC000073,47,[p.47] 종류C; 5Y 9.28%
CLASS000862,FUND000071,SINCE_INCEPTION,16.43,,2025-12-31,DOC000073,47,[p.47] 종류C; SINCE_INCEPTION 16.43%
CLASS000863,FUND000071,1Y,105.65,,2025-12-31,DOC000073,47,[p.47] 종류C-e; 1Y 105.65%
CLASS000863,FUND000071,2Y,22.67,,2025-12-31,DOC000073,47,[p.47] 종류C-e; 2Y 22.67%
CLASS000863,FUND000071,3Y,27.66,,2025-12-31,DOC000073,47,[p.47] 종류C-e; 3Y 27.66%
CLASS000863,FUND000071,5Y,9.82,,2025-12-31,DOC000073,47,[p.47] 종류C-e; 5Y 9.82%
CLASS000863,FUND000071,SINCE_INCEPTION,17,,2025-12-31,DOC000073,47,[p.47] 종류C-e; SINCE_INCEPTION 17.00%
CLASS000864,FUND000071,1Y,105.28,,2025-12-31,DOC000073,47,[p.47] 종류CG; 1Y 105.28%
CLASS000864,FUND000071,2Y,22.44,,2025-12-31,DOC000073,47,[p.47] 종류CG; 2Y 22.44%
CLASS000864,FUND000071,3Y,27.41,,2025-12-31,DOC000073,47,[p.47] 종류CG; 3Y 27.41%
CLASS000864,FUND000071,5Y,9.61,,2025-12-31,DOC000073,47,[p.47] 종류CG; 5Y 9.61%
CLASS000864,FUND000071,SINCE_INCEPTION,17.14,,2025-12-31,DOC000073,47,[p.47] 종류CG; SINCE_INCEPTION 17.14%
CLASS000866,FUND000071,1Y,106.63,,2025-12-31,DOC000073,47,[p.47] 종류F; 1Y 106.63%
CLASS000866,FUND000071,2Y,23.28,,2025-12-31,DOC000073,47,[p.47] 종류F; 2Y 23.28%
CLASS000866,FUND000071,3Y,28.28,,2025-12-31,DOC000073,47,[p.47] 종류F; 3Y 28.28%
CLASS000866,FUND000071,5Y,10.36,,2025-12-31,DOC000073,47,[p.47] 종류F; 5Y 10.36%
CLASS000866,FUND000071,SINCE_INCEPTION,17.54,,2025-12-31,DOC000073,47,[p.47] 종류F; SINCE_INCEPTION 17.54%
CLASS000867,FUND000071,1Y,105.97,,2025-12-31,DOC000073,47,[p.47] 종류S; 1Y 105.97%
CLASS000867,FUND000071,2Y,22.87,,2025-12-31,DOC000073,47,[p.47] 종류S; 2Y 22.87%
CLASS000867,FUND000071,3Y,27.85,,2025-12-31,DOC000073,47,[p.47] 종류S; 3Y 27.85%
CLASS000867,FUND000071,5Y,9.99,,2025-12-31,DOC000073,47,[p.47] 종류S; 5Y 9.99%
CLASS000867,FUND000071,SINCE_INCEPTION,15.44,,2025-12-31,DOC000073,47,[p.47] 종류S; SINCE_INCEPTION 15.44%
CLASS000868,FUND000071,1Y,105.09,,2025-12-31,DOC000073,47,[p.47] 종류C-P; 1Y 105.09%
CLASS000868,FUND000071,2Y,22.32,,2025-12-31,DOC000073,47,[p.47] 종류C-P; 2Y 22.32%
CLASS000868,FUND000071,3Y,27.29,,2025-12-31,DOC000073,47,[p.47] 종류C-P; 3Y 27.29%
CLASS000868,FUND000071,5Y,9.5,,2025-12-31,DOC000073,47,[p.47] 종류C-P; 5Y 9.50%
CLASS000868,FUND000071,SINCE_INCEPTION,16.66,,2025-12-31,DOC000073,47,[p.47] 종류C-P; SINCE_INCEPTION 16.66%
CLASS000869,FUND000071,1Y,105.39,,2025-12-31,DOC000073,47,[p.47] 종류C-Pe; 1Y 105.39%
CLASS000869,FUND000071,2Y,22.51,,2025-12-31,DOC000073,47,[p.47] 종류C-Pe; 2Y 22.51%
CLASS000869,FUND000071,3Y,27.49,,2025-12-31,DOC000073,47,[p.47] 종류C-Pe; 3Y 27.49%
CLASS000869,FUND000071,5Y,9.67,,2025-12-31,DOC000073,47,[p.47] 종류C-Pe; 5Y 9.67%
CLASS000869,FUND000071,SINCE_INCEPTION,16.84,,2025-12-31,DOC000073,47,[p.47] 종류C-Pe; SINCE_INCEPTION 16.84%
CLASS000871,FUND000071,1Y,105.98,,2025-12-31,DOC000073,47,[p.47] 종류C-P2e; 1Y 105.98%
CLASS000871,FUND000071,2Y,22.89,,2025-12-31,DOC000073,47,[p.47] 종류C-P2e; 2Y 22.89%
CLASS000871,FUND000071,3Y,27.88,,2025-12-31,DOC000073,47,[p.47] 종류C-P2e; 3Y 27.88%
CLASS000871,FUND000071,5Y,10.01,,2025-12-31,DOC000073,47,[p.47] 종류C-P2e; 5Y 10.01%
CLASS000871,FUND000071,SINCE_INCEPTION,17.2,,2025-12-31,DOC000073,47,[p.47] 종류C-P2e; SINCE_INCEPTION 17.20%
CLASS000872,FUND000072,1Y,2.28,1.94,2025-01-31,DOC000074,33,[p.33] 종류C; 1Y 2.28%
CLASS000872,FUND000072,2Y,3.89,3.47,2025-01-31,DOC000074,33,[p.33] 종류C; 2Y 3.89%
CLASS000872,FUND000072,3Y,-1.02,-1.85,2025-01-31,DOC000074,33,[p.33] 종류C; 3Y -1.02%
CLASS000872,FUND000072,5Y,4.46,2.79,2025-01-31,DOC000074,33,[p.33] 종류C; 5Y 4.46%
CLASS000872,FUND000072,SINCE_INCEPTION,4.37,2.13,2025-01-31,DOC000074,33,[p.33] 종류C; SINCE_INCEPTION 4.37%
CLASS000873,FUND000072,1Y,2.54,1.94,2025-01-31,DOC000074,33,[p.33] 종류C-P2e; 1Y 2.54%
CLASS000873,FUND000072,2Y,4.15,3.47,2025-01-31,DOC000074,33,[p.33] 종류C-P2e; 2Y 4.15%
CLASS000873,FUND000072,3Y,-0.77,-1.85,2025-01-31,DOC000074,33,[p.33] 종류C-P2e; 3Y -0.77%
CLASS000873,FUND000072,5Y,4.72,2.79,2025-01-31,DOC000074,33,[p.33] 종류C-P2e; 5Y 4.72%
CLASS000873,FUND000072,SINCE_INCEPTION,1.62,2.13,2025-01-31,DOC000074,33,[p.33] 종류C-P2e; SINCE_INCEPTION 1.62%
CLASS000875,FUND000073,1Y,13.35,32.39,2025-11-30,DOC000075,46,[p.46] 종류C-P; 1Y 13.35%
CLASS000875,FUND000073,2Y,16.3,29.75,2025-11-30,DOC000075,46,[p.46] 종류C-P; 2Y 16.30%
CLASS000875,FUND000073,3Y,10.94,19.53,2025-11-30,DOC000075,46,[p.46] 종류C-P; 3Y 10.94%
CLASS000875,FUND000073,5Y,1.93,11.1,2025-11-30,DOC000075,46,[p.46] 종류C-P; 5Y 1.93%
CLASS000875,FUND000073,SINCE_INCEPTION,7.98,11.02,2025-11-30,DOC000075,46,[p.46] 종류C-P; SINCE_INCEPTION 7.98%
CLASS000876,FUND000073,1Y,13.88,32.39,2025-11-30,DOC000075,46,[p.46] 종류C-Pe; 1Y 13.88%
CLASS000876,FUND000073,2Y,16.85,29.75,2025-11-30,DOC000075,46,[p.46] 종류C-Pe; 2Y 16.85%
CLASS000876,FUND000073,3Y,11.47,19.53,2025-11-30,DOC000075,46,[p.46] 종류C-Pe; 3Y 11.47%
CLASS000876,FUND000073,5Y,2.42,11.1,2025-11-30,DOC000075,46,[p.46] 종류C-Pe; 5Y 2.42%
CLASS000876,FUND000073,SINCE_INCEPTION,8.51,11.02,2025-11-30,DOC000075,46,[p.46] 종류C-Pe; SINCE_INCEPTION 8.51%
CLASS000877,FUND000073,1Y,13.47,32.39,2025-11-30,DOC000075,46,[p.46] 종류C-P2; 1Y 13.47%
CLASS000877,FUND000073,2Y,16.43,29.75,2025-11-30,DOC000075,46,[p.46] 종류C-P2; 2Y 16.43%
CLASS000877,FUND000073,3Y,11.07,19.53,2025-11-30,DOC000075,46,[p.46] 종류C-P2; 3Y 11.07%
CLASS000877,FUND000073,5Y,2.04,11.1,2025-11-30,DOC000075,46,[p.46] 종류C-P2; 5Y 2.04%
CLASS000877,FUND000073,SINCE_INCEPTION,7.91,11.02,2025-11-30,DOC000075,46,[p.46] 종류C-P2; SINCE_INCEPTION 7.91%
CLASS000878,FUND000073,1Y,13.95,32.39,2025-11-30,DOC000075,46,[p.46] 종류C-P2e; 1Y 13.95%
CLASS000878,FUND000073,2Y,16.92,29.75,2025-11-30,DOC000075,46,[p.46] 종류C-P2e; 2Y 16.92%
CLASS000878,FUND000073,3Y,11.54,19.53,2025-11-30,DOC000075,46,[p.46] 종류C-P2e; 3Y 11.54%
CLASS000878,FUND000073,5Y,2.48,11.1,2025-11-30,DOC000075,46,[p.46] 종류C-P2e; 5Y 2.48%
CLASS000878,FUND000073,SINCE_INCEPTION,8.71,11.02,2025-11-30,DOC000075,46,[p.46] 종류C-P2e; SINCE_INCEPTION 8.71%
CLASS000880,FUND000074,1Y,-1.89,-1.54,2025-11-30,DOC000076,37,[p.37] 종류C; 1Y -1.89%
CLASS000880,FUND000074,2Y,4.22,4.41,2025-11-30,DOC000076,37,[p.37] 종류C; 2Y 4.22%
CLASS000880,FUND000074,3Y,5.35,4.87,2025-11-30,DOC000076,37,[p.37] 종류C; 3Y 5.35%
CLASS000880,FUND000074,5Y,0.38,0.58,2025-11-30,DOC000076,37,[p.37] 종류C; 5Y 0.38%
CLASS000880,FUND000074,SINCE_INCEPTION,3.49,3.43,2025-11-30,DOC000076,37,[p.37] 종류C; SINCE_INCEPTION 3.49%
CLASS000881,FUND000074,1Y,-1.79,-1.54,2025-11-30,DOC000076,37,[p.37] 종류C-P2e; 1Y -1.79%
CLASS000881,FUND000074,2Y,4.32,4.41,2025-11-30,DOC000076,37,[p.37] 종류C-P2e; 2Y 4.32%
CLASS000881,FUND000074,3Y,5.45,4.87,2025-11-30,DOC000076,37,[p.37] 종류C-P2e; 3Y 5.45%
CLASS000881,FUND000074,5Y,0.48,0.58,2025-11-30,DOC000076,37,[p.37] 종류C-P2e; 5Y 0.48%
CLASS000881,FUND000074,SINCE_INCEPTION,1.56,3.43,2025-11-30,DOC000076,37,[p.37] 종류C-P2e; SINCE_INCEPTION 1.56%
CLASS000882,FUND000074,1Y,-1.69,-1.54,2025-11-30,DOC000076,37,[p.37] 종류C-F; 1Y -1.69%
CLASS000882,FUND000074,2Y,4.42,4.41,2025-11-30,DOC000076,37,[p.37] 종류C-F; 2Y 4.42%
CLASS000882,FUND000074,3Y,5.56,4.87,2025-11-30,DOC000076,37,[p.37] 종류C-F; 3Y 5.56%
CLASS000882,FUND000074,5Y,0.58,0.58,2025-11-30,DOC000076,37,[p.37] 종류C-F; 5Y 0.58%
CLASS000882,FUND000074,SINCE_INCEPTION,2.61,3.43,2025-11-30,DOC000076,37,[p.37] 종류C-F; SINCE_INCEPTION 2.61%
CLASS000886,FUND000075,1Y,3.5,3.75,2025-08-31,DOC000077,38,[p.38] 종류C-P2I; 1Y 3.50%
CLASS000886,FUND000075,2Y,4.06,4.18,2025-08-31,DOC000077,38,[p.38] 종류C-P2I; 2Y 4.06%
CLASS000886,FUND000075,3Y,4.49,4.11,2025-08-31,DOC000077,38,[p.38] 종류C-P2I; 3Y 4.49%
CLASS000886,FUND000075,5Y,2.47,2.42,2025-08-31,DOC000077,38,[p.38] 종류C-P2I; 5Y 2.47%
CLASS000886,FUND000075,SINCE_INCEPTION,3.03,3.14,2025-08-31,DOC000077,38,[p.38] 종류C-P2I; SINCE_INCEPTION 3.03%
CLASS000887,FUND000076,1Y,3.52,3.05,2025-10-31,DOC000078,52,[p.52] 연평균 수익률; A; 1Y 3.52%; 비교지수 3.05%
CLASS000887,FUND000076,2Y,4.64,3.73,2025-10-31,DOC000078,52,[p.52] 연평균 수익률; A; 2Y 4.64%; 비교지수 3.73%
CLASS000887,FUND000076,3Y,4.88,3.97,2025-10-31,DOC000078,52,[p.52] 연평균 수익률; A; 3Y 4.88%; 비교지수 3.97%
CLASS000887,FUND000076,5Y,2.88,2.47,2025-10-31,DOC000078,52,[p.52] 연평균 수익률; A; 5Y 2.88%; 비교지수 2.47%
CLASS000887,FUND000076,SINCE_INCEPTION,3.88,3.07,2025-10-31,DOC000078,52,[p.52] 연평균 수익률; A; SINCE_INCEPTION 3.88%; 비교지수 3.07%
CLASS000889,FUND000076,1Y,3.63,3.05,2025-10-31,DOC000078,52,[p.52] 연평균 수익률; A-G; 1Y 3.63%; 비교지수 3.05%
CLASS000889,FUND000076,2Y,4.74,3.73,2025-10-31,DOC000078,52,[p.52] 연평균 수익률; A-G; 2Y 4.74%; 비교지수 3.73%
CLASS000889,FUND000076,3Y,4.99,3.97,2025-10-31,DOC000078,52,[p.52] 연평균 수익률; A-G; 3Y 4.99%; 비교지수 3.97%
CLASS000889,FUND000076,5Y,2.98,2.47,2025-10-31,DOC000078,52,[p.52] 연평균 수익률; A-G; 5Y 2.98%; 비교지수 2.47%
CLASS000889,FUND000076,SINCE_INCEPTION,2.74,3.07,2025-10-31,DOC000078,52,[p.52] 연평균 수익률; A-G; SINCE_INCEPTION 2.74%; 비교지수 3.07%
CLASS000890,FUND000076,1Y,3.72,3.05,2025-10-31,DOC000078,52,[p.52] 연평균 수익률; B; 1Y 3.72%; 비교지수 3.05%
CLASS000890,FUND000076,2Y,4.84,3.73,2025-10-31,DOC000078,52,[p.52] 연평균 수익률; B; 2Y 4.84%; 비교지수 3.73%
CLASS000890,FUND000076,3Y,5.09,3.97,2025-10-31,DOC000078,52,[p.52] 연평균 수익률; B; 3Y 5.09%; 비교지수 3.97%
CLASS000890,FUND000076,5Y,3.08,2.47,2025-10-31,DOC000078,52,[p.52] 연평균 수익률; B; 5Y 3.08%; 비교지수 2.47%
CLASS000890,FUND000076,SINCE_INCEPTION,3.98,3.07,2025-10-31,DOC000078,52,[p.52] 연평균 수익률; B; SINCE_INCEPTION 3.98%; 비교지수 3.07%
CLASS000892,FUND000076,1Y,3.83,3.05,2025-10-31,DOC000078,52,[p.52] 연평균 수익률; B-e; 1Y 3.83%; 비교지수 3.05%
CLASS000892,FUND000076,2Y,4.95,3.73,2025-10-31,DOC000078,52,[p.52] 연평균 수익률; B-e; 2Y 4.95%; 비교지수 3.73%
CLASS000892,FUND000076,3Y,5.19,3.97,2025-10-31,DOC000078,52,[p.52] 연평균 수익률; B-e; 3Y 5.19%; 비교지수 3.97%
CLASS000892,FUND000076,5Y,3.18,2.47,2025-10-31,DOC000078,52,[p.52] 연평균 수익률; B-e; 5Y 3.18%; 비교지수 2.47%
CLASS000892,FUND000076,SINCE_INCEPTION,2.93,3.07,2025-10-31,DOC000078,52,[p.52] 연평균 수익률; B-e; SINCE_INCEPTION 2.93%; 비교지수 3.07%
CLASS000898,FUND000076,1Y,3.85,3.05,2025-10-31,DOC000078,52,[p.52] 연평균 수익률; C-Pe; 1Y 3.85%; 비교지수 3.05%
CLASS000898,FUND000076,2Y,4.97,3.73,2025-10-31,DOC000078,52,[p.52] 연평균 수익률; C-Pe; 2Y 4.97%; 비교지수 3.73%
CLASS000898,FUND000076,3Y,5.21,3.97,2025-10-31,DOC000078,52,[p.52] 연평균 수익률; C-Pe; 3Y 5.21%; 비교지수 3.97%
CLASS000898,FUND000076,5Y,3.2,2.47,2025-10-31,DOC000078,52,[p.52] 연평균 수익률; C-Pe; 5Y 3.2%; 비교지수 2.47%
CLASS000898,FUND000076,SINCE_INCEPTION,2.95,3.07,2025-10-31,DOC000078,52,[p.52] 연평균 수익률; C-Pe; SINCE_INCEPTION 2.95%; 비교지수 3.07%
CLASS000897,FUND000076,1Y,3.76,3.05,2025-10-31,DOC000078,52,[p.52] 연평균 수익률; C-P; 1Y 3.76%; 비교지수 3.05%
CLASS000897,FUND000076,2Y,4.88,3.73,2025-10-31,DOC000078,52,[p.52] 연평균 수익률; C-P; 2Y 4.88%; 비교지수 3.73%
CLASS000897,FUND000076,3Y,5.13,3.97,2025-10-31,DOC000078,52,[p.52] 연평균 수익률; C-P; 3Y 5.13%; 비교지수 3.97%
CLASS000897,FUND000076,5Y,3.12,2.47,2025-10-31,DOC000078,52,[p.52] 연평균 수익률; C-P; 5Y 3.12%; 비교지수 2.47%
CLASS000897,FUND000076,SINCE_INCEPTION,2.8,3.07,2025-10-31,DOC000078,52,[p.52] 연평균 수익률; C-P; SINCE_INCEPTION 2.8%; 비교지수 3.07%
CLASS000901,FUND000076,1Y,3.79,3.05,2025-10-31,DOC000078,52,[p.52] 연평균 수익률; C-P1e; 1Y 3.79%; 비교지수 3.05%
CLASS000901,FUND000076,2Y,4.91,3.73,2025-10-31,DOC000078,52,[p.52] 연평균 수익률; C-P1e; 2Y 4.91%; 비교지수 3.73%
CLASS000901,FUND000076,3Y,5.15,3.97,2025-10-31,DOC000078,52,[p.52] 연평균 수익률; C-P1e; 3Y 5.15%; 비교지수 3.97%
CLASS000901,FUND000076,5Y,3.14,2.47,2025-10-31,DOC000078,52,[p.52] 연평균 수익률; C-P1e; 5Y 3.14%; 비교지수 2.47%
CLASS000901,FUND000076,SINCE_INCEPTION,2.88,3.07,2025-10-31,DOC000078,52,[p.52] 연평균 수익률; C-P1e; SINCE_INCEPTION 2.88%; 비교지수 3.07%
CLASS000903,FUND000076,1Y,3.85,3.05,2025-10-31,DOC000078,52,[p.52] 연평균 수익률; S-P(퇴직); 1Y 3.85%; 비교지수 3.05%
CLASS000903,FUND000076,2Y,4.98,3.73,2025-10-31,DOC000078,52,[p.52] 연평균 수익률; S-P(퇴직); 2Y 4.98%; 비교지수 3.73%
CLASS000903,FUND000076,3Y,5.22,3.97,2025-10-31,DOC000078,52,[p.52] 연평균 수익률; S-P(퇴직); 3Y 5.22%; 비교지수 3.97%
CLASS000903,FUND000076,5Y,3.21,2.47,2025-10-31,DOC000078,52,[p.52] 연평균 수익률; S-P(퇴직); 5Y 3.21%; 비교지수 2.47%
CLASS000903,FUND000076,SINCE_INCEPTION,3.14,3.07,2025-10-31,DOC000078,52,[p.52] 연평균 수익률; S-P(퇴직); SINCE_INCEPTION 3.14%; 비교지수 3.07%
CLASS000896,FUND000076,1Y,3.93,3.05,2025-10-31,DOC000078,52,[p.52] 연평균 수익률; C-W; 1Y 3.93%; 비교지수 3.05%
CLASS000896,FUND000076,2Y,5.05,3.73,2025-10-31,DOC000078,52,[p.52] 연평균 수익률; C-W; 2Y 5.05%; 비교지수 3.73%
CLASS000896,FUND000076,3Y,5.3,3.97,2025-10-31,DOC000078,52,[p.52] 연평균 수익률; C-W; 3Y 5.3%; 비교지수 3.97%
CLASS000896,FUND000076,5Y,3.28,2.47,2025-10-31,DOC000078,52,[p.52] 연평균 수익률; C-W; 5Y 3.28%; 비교지수 2.47%
CLASS000896,FUND000076,SINCE_INCEPTION,2.94,3.07,2025-10-31,DOC000078,52,[p.52] 연평균 수익률; C-W; SINCE_INCEPTION 2.94%; 비교지수 3.07%
CLASS000894,FUND000076,1Y,3.93,3.05,2025-10-31,DOC000078,52,[p.52] 연평균 수익률; I; 1Y 3.93%; 비교지수 3.05%
CLASS000894,FUND000076,2Y,5.05,3.73,2025-10-31,DOC000078,52,[p.52] 연평균 수익률; I; 2Y 5.05%; 비교지수 3.73%
CLASS000894,FUND000076,3Y,5.3,3.97,2025-10-31,DOC000078,52,[p.52] 연평균 수익률; I; 3Y 5.3%; 비교지수 3.97%
CLASS000894,FUND000076,5Y,3.28,2.47,2025-10-31,DOC000078,52,[p.52] 연평균 수익률; I; 5Y 3.28%; 비교지수 2.47%
CLASS000894,FUND000076,SINCE_INCEPTION,3.79,3.07,2025-10-31,DOC000078,52,[p.52] 연평균 수익률; I; SINCE_INCEPTION 3.79%; 비교지수 3.07%
CLASS000899,FUND000076,1Y,3.83,3.05,2025-10-31,DOC000078,52,[p.52] 연평균 수익률; S; 1Y 3.83%; 비교지수 3.05%
CLASS000899,FUND000076,2Y,4.95,3.73,2025-10-31,DOC000078,52,[p.52] 연평균 수익률; S; 2Y 4.95%; 비교지수 3.73%
CLASS000899,FUND000076,3Y,5.19,3.97,2025-10-31,DOC000078,52,[p.52] 연평균 수익률; S; 3Y 5.19%; 비교지수 3.97%
CLASS000899,FUND000076,5Y,3.18,2.47,2025-10-31,DOC000078,52,[p.52] 연평균 수익률; S; 5Y 3.18%; 비교지수 2.47%
CLASS000899,FUND000076,SINCE_INCEPTION,2.94,3.07,2025-10-31,DOC000078,52,[p.52] 연평균 수익률; S; SINCE_INCEPTION 2.94%; 비교지수 3.07%
CLASS000900,FUND000076,1Y,3.64,3.05,2025-10-31,DOC000078,52,[p.52] 연평균 수익률; C-P1; 1Y 3.64%; 비교지수 3.05%
CLASS000900,FUND000076,2Y,4.76,3.73,2025-10-31,DOC000078,52,[p.52] 연평균 수익률; C-P1; 2Y 4.76%; 비교지수 3.73%
CLASS000900,FUND000076,3Y,5.01,3.97,2025-10-31,DOC000078,52,[p.52] 연평균 수익률; C-P1; 3Y 5.01%; 비교지수 3.97%
CLASS000900,FUND000076,5Y,3,2.47,2025-10-31,DOC000078,52,[p.52] 연평균 수익률; C-P1; 5Y 3%; 비교지수 2.47%
CLASS000900,FUND000076,SINCE_INCEPTION,2.66,3.07,2025-10-31,DOC000078,52,[p.52] 연평균 수익률; C-P1; SINCE_INCEPTION 2.66%; 비교지수 3.07%
CLASS000895,FUND000076,1Y,3.91,3.05,2025-10-31,DOC000078,52,[p.52] 연평균 수익률; C-I; 1Y 3.91%; 비교지수 3.05%
CLASS000895,FUND000076,2Y,5.03,3.73,2025-10-31,DOC000078,52,[p.52] 연평균 수익률; C-I; 2Y 5.03%; 비교지수 3.73%
CLASS000895,FUND000076,3Y,5.28,3.97,2025-10-31,DOC000078,52,[p.52] 연평균 수익률; C-I; 3Y 5.28%; 비교지수 3.97%
CLASS000895,FUND000076,5Y,3.26,2.47,2025-10-31,DOC000078,52,[p.52] 연평균 수익률; C-I; 5Y 3.26%; 비교지수 2.47%
CLASS000895,FUND000076,SINCE_INCEPTION,2.91,3.07,2025-10-31,DOC000078,52,[p.52] 연평균 수익률; C-I; SINCE_INCEPTION 2.91%; 비교지수 3.07%
CLASS000902,FUND000076,1Y,3.84,3.05,2025-10-31,DOC000078,52,[p.52] 연평균 수익률; S-P; 1Y 3.84%; 비교지수 3.05%
CLASS000902,FUND000076,2Y,4.96,3.73,2025-10-31,DOC000078,52,[p.52] 연평균 수익률; S-P; 2Y 4.96%; 비교지수 3.73%
CLASS000902,FUND000076,3Y,5.21,3.97,2025-10-31,DOC000078,52,[p.52] 연평균 수익률; S-P; 3Y 5.21%; 비교지수 3.97%
CLASS000902,FUND000076,5Y,3.2,2.47,2025-10-31,DOC000078,52,[p.52] 연평균 수익률; S-P; 5Y 3.2%; 비교지수 2.47%
CLASS000902,FUND000076,SINCE_INCEPTION,2.82,3.07,2025-10-31,DOC000078,52,[p.52] 연평균 수익률; S-P; SINCE_INCEPTION 2.82%; 비교지수 3.07%
CLASS000888,FUND000076,1Y,3.73,3.05,2025-10-31,DOC000078,52,[p.52] 연평균 수익률; A-e; 1Y 3.73%; 비교지수 3.05%
CLASS000888,FUND000076,2Y,4.84,3.73,2025-10-31,DOC000078,52,[p.52] 연평균 수익률; A-e; 2Y 4.84%; 비교지수 3.73%
CLASS000888,FUND000076,3Y,5.09,3.97,2025-10-31,DOC000078,52,[p.52] 연평균 수익률; A-e; 3Y 5.09%; 비교지수 3.97%
CLASS000888,FUND000076,5Y,3.08,2.47,2025-10-31,DOC000078,52,[p.52] 연평균 수익률; A-e; 5Y 3.08%; 비교지수 2.47%
CLASS000888,FUND000076,SINCE_INCEPTION,2.72,3.07,2025-10-31,DOC000078,52,[p.52] 연평균 수익률; A-e; SINCE_INCEPTION 2.72%; 비교지수 3.07%
CLASS000891,FUND000076,1Y,3.83,3.05,2025-10-31,DOC000078,52,[p.52] 연평균 수익률; B2; 1Y 3.83%; 비교지수 3.05%
CLASS000891,FUND000076,SINCE_INCEPTION,4.29,3.07,2025-10-31,DOC000078,52,[p.52] 연평균 수익률; B2; SINCE_INCEPTION 4.29%; 비교지수 3.07%
CLASS000904,FUND000077,1Y,3.31,2.85,2025-10-31,DOC000079,44|45,[p.44|45] 연평균 수익률; A1; 1Y 3.31%; 비교지수 2.85%
CLASS000904,FUND000077,2Y,3.5,3.11,2025-10-31,DOC000079,44|45,[p.44|45] 연평균 수익률; A1; 2Y 3.5%; 비교지수 3.11%
CLASS000905,FUND000077,1Y,3.21,2.85,2025-10-31,DOC000079,44|45,[p.44|45] 연평균 수익률; A2; 1Y 3.21%; 비교지수 2.85%
CLASS000905,FUND000077,2Y,3.39,3.11,2025-10-31,DOC000079,44|45,[p.44|45] 연평균 수익률; A2; 2Y 3.39%; 비교지수 3.11%
CLASS000906,FUND000077,1Y,3.36,2.85,2025-10-31,DOC000079,44|45,[p.44|45] 연평균 수익률; A-e; 1Y 3.36%; 비교지수 2.85%
CLASS000906,FUND000077,2Y,3.56,3.11,2025-10-31,DOC000079,44|45,[p.44|45] 연평균 수익률; A-e; 2Y 3.56%; 비교지수 3.11%
CLASS000907,FUND000077,1Y,3.1,2.85,2025-10-31,DOC000079,44|45,[p.44|45] 연평균 수익률; C; 1Y 3.1%; 비교지수 2.85%
CLASS000907,FUND000077,2Y,3.3,3.11,2025-10-31,DOC000079,44|45,[p.44|45] 연평균 수익률; C; 2Y 3.3%; 비교지수 3.11%
CLASS000908,FUND000077,1Y,3.26,2.85,2025-10-31,DOC000079,44|45,[p.44|45] 연평균 수익률; C-e; 1Y 3.26%; 비교지수 2.85%
CLASS000908,FUND000077,2Y,3.45,3.11,2025-10-31,DOC000079,44|45,[p.44|45] 연평균 수익률; C-e; 2Y 3.45%; 비교지수 3.11%
CLASS000909,FUND000077,1Y,3.4,2.85,2025-10-31,DOC000079,44|45,[p.44|45] 연평균 수익률; C-F; 1Y 3.4%; 비교지수 2.85%
CLASS000909,FUND000077,2Y,3.65,3.11,2025-10-31,DOC000079,44|45,[p.44|45] 연평균 수익률; C-F; 2Y 3.65%; 비교지수 3.11%
CLASS000910,FUND000077,1Y,3.38,2.85,2025-10-31,DOC000079,44|45,[p.44|45] 연평균 수익률; C-I; 1Y 3.38%; 비교지수 2.85%
CLASS000910,FUND000077,2Y,3.63,3.11,2025-10-31,DOC000079,44|45,[p.44|45] 연평균 수익률; C-I; 2Y 3.63%; 비교지수 3.11%
CLASS000911,FUND000077,2Y,3.01,3.11,2025-10-31,DOC000079,44|45,[p.44|45] 연평균 수익률; C-W; 2Y 3.01%; 비교지수 3.11%
CLASS000912,FUND000077,1Y,3.37,2.85,2025-10-31,DOC000079,44|45,[p.44|45] 연평균 수익률; S; 1Y 3.37%; 비교지수 2.85%
CLASS000912,FUND000077,2Y,3.52,3.11,2025-10-31,DOC000079,44|45,[p.44|45] 연평균 수익률; S; 2Y 3.52%; 비교지수 3.11%
CLASS000913,FUND000077,1Y,3.21,2.85,2025-10-31,DOC000079,44|45,[p.44|45] 연평균 수익률; C-P; 1Y 3.21%; 비교지수 2.85%
CLASS000913,FUND000077,2Y,3.39,3.11,2025-10-31,DOC000079,44|45,[p.44|45] 연평균 수익률; C-P; 2Y 3.39%; 비교지수 3.11%
CLASS000914,FUND000077,1Y,3.31,2.85,2025-10-31,DOC000079,44|45,[p.44|45] 연평균 수익률; C-Pe; 1Y 3.31%; 비교지수 2.85%
CLASS000914,FUND000077,2Y,3.48,3.11,2025-10-31,DOC000079,44|45,[p.44|45] 연평균 수익률; C-Pe; 2Y 3.48%; 비교지수 3.11%
CLASS000916,FUND000077,1Y,3.36,2.85,2025-10-31,DOC000079,44|45,[p.44|45] 연평균 수익률; S-P(퇴직); 1Y 3.36%; 비교지수 2.85%
CLASS000916,FUND000077,2Y,3.5,3.11,2025-10-31,DOC000079,44|45,[p.44|45] 연평균 수익률; S-P(퇴직); 2Y 3.5%; 비교지수 3.11%
CLASS000917,FUND000077,2Y,2.99,3.11,2025-10-31,DOC000079,44|45,[p.44|45] 연평균 수익률; C-P1; 2Y 2.99%; 비교지수 3.11%
CLASS000918,FUND000077,1Y,3.34,2.85,2025-10-31,DOC000079,44|45,[p.44|45] 연평균 수익률; C-P1e; 1Y 3.34%; 비교지수 2.85%
CLASS000918,FUND000077,2Y,3.54,3.11,2025-10-31,DOC000079,44|45,[p.44|45] 연평균 수익률; C-P1e; 2Y 3.54%; 비교지수 3.11%
CLASS000919,FUND000077,1Y,3.36,2.85,2025-10-31,DOC000079,44|45,[p.44|45] 연평균 수익률; S-P; 1Y 3.36%; 비교지수 2.85%
CLASS000919,FUND000077,2Y,3.51,3.11,2025-10-31,DOC000079,44|45,[p.44|45] 연평균 수익률; S-P; 2Y 3.51%; 비교지수 3.11%
CLASS000925,FUND000078,1Y,4.28,4.18,2025-01-31,DOC000080,54,[p.54] 연평균 수익률; A; 1Y 4.28%; 비교지수 4.18%
CLASS000925,FUND000078,2Y,4.12,4.22,2025-01-31,DOC000080,54,[p.54] 연평균 수익률; A; 2Y 4.12%; 비교지수 4.22%
CLASS000925,FUND000078,3Y,2.85,3.45,2025-01-31,DOC000080,54,[p.54] 연평균 수익률; A; 3Y 2.85%; 비교지수 3.45%
CLASS000925,FUND000078,5Y,2.13,2.48,2025-01-31,DOC000080,54,[p.54] 연평균 수익률; A; 5Y 2.13%; 비교지수 2.48%
CLASS000925,FUND000078,SINCE_INCEPTION,2.35,2.83,2025-01-31,DOC000080,54,[p.54] 연평균 수익률; A; SINCE_INCEPTION 2.35%; 비교지수 2.83%
CLASS000926,FUND000078,1Y,4.29,4.18,2025-01-31,DOC000080,54,[p.54] 연평균 수익률; A-e; 1Y 4.29%; 비교지수 4.18%
CLASS000926,FUND000078,2Y,4.14,4.22,2025-01-31,DOC000080,54,[p.54] 연평균 수익률; A-e; 2Y 4.14%; 비교지수 4.22%
CLASS000926,FUND000078,3Y,2.87,3.45,2025-01-31,DOC000080,54,[p.54] 연평균 수익률; A-e; 3Y 2.87%; 비교지수 3.45%
CLASS000926,FUND000078,5Y,2.15,2.48,2025-01-31,DOC000080,54,[p.54] 연평균 수익률; A-e; 5Y 2.15%; 비교지수 2.48%
CLASS000926,FUND000078,SINCE_INCEPTION,2.39,2.83,2025-01-31,DOC000080,54,[p.54] 연평균 수익률; A-e; SINCE_INCEPTION 2.39%; 비교지수 2.83%
CLASS000920,FUND000078,1Y,3.91,4.18,2025-01-31,DOC000080,54,[p.54] 연평균 수익률; C; 1Y 3.91%; 비교지수 4.18%
CLASS000920,FUND000078,2Y,3.76,4.22,2025-01-31,DOC000080,54,[p.54] 연평균 수익률; C; 2Y 3.76%; 비교지수 4.22%
CLASS000920,FUND000078,3Y,2.49,3.45,2025-01-31,DOC000080,54,[p.54] 연평균 수익률; C; 3Y 2.49%; 비교지수 3.45%
CLASS000920,FUND000078,5Y,1.77,2.48,2025-01-31,DOC000080,54,[p.54] 연평균 수익률; C; 5Y 1.77%; 비교지수 2.48%
CLASS000920,FUND000078,SINCE_INCEPTION,2.57,2.83,2025-01-31,DOC000080,54,[p.54] 연평균 수익률; C; SINCE_INCEPTION 2.57%; 비교지수 2.83%
CLASS000921,FUND000078,1Y,3.99,4.18,2025-01-31,DOC000080,54,[p.54] 연평균 수익률; C-e; 1Y 3.99%; 비교지수 4.18%
CLASS000921,FUND000078,2Y,3.84,4.22,2025-01-31,DOC000080,54,[p.54] 연평균 수익률; C-e; 2Y 3.84%; 비교지수 4.22%
CLASS000921,FUND000078,3Y,2.57,3.45,2025-01-31,DOC000080,54,[p.54] 연평균 수익률; C-e; 3Y 2.57%; 비교지수 3.45%
CLASS000921,FUND000078,5Y,1.85,2.48,2025-01-31,DOC000080,54,[p.54] 연평균 수익률; C-e; 5Y 1.85%; 비교지수 2.48%
CLASS000921,FUND000078,SINCE_INCEPTION,2.92,2.83,2025-01-31,DOC000080,54,[p.54] 연평균 수익률; C-e; SINCE_INCEPTION 2.92%; 비교지수 2.83%
CLASS000928,FUND000078,1Y,4.16,4.18,2025-01-31,DOC000080,54,[p.54] 연평균 수익률; C-P; 1Y 4.16%; 비교지수 4.18%
CLASS000928,FUND000078,2Y,4.01,4.22,2025-01-31,DOC000080,54,[p.54] 연평균 수익률; C-P; 2Y 4.01%; 비교지수 4.22%
CLASS000928,FUND000078,3Y,2.74,3.45,2025-01-31,DOC000080,54,[p.54] 연평균 수익률; C-P; 3Y 2.74%; 비교지수 3.45%
CLASS000928,FUND000078,5Y,2.01,2.48,2025-01-31,DOC000080,54,[p.54] 연평균 수익률; C-P; 5Y 2.01%; 비교지수 2.48%
CLASS000928,FUND000078,SINCE_INCEPTION,2.11,2.83,2025-01-31,DOC000080,54,[p.54] 연평균 수익률; C-P; SINCE_INCEPTION 2.11%; 비교지수 2.83%
CLASS000934,FUND000078,1Y,4.31,4.18,2025-01-31,DOC000080,54,[p.54] 연평균 수익률; S-P(퇴직); 1Y 4.31%; 비교지수 4.18%
CLASS000934,FUND000078,2Y,4.15,4.22,2025-01-31,DOC000080,54,[p.54] 연평균 수익률; S-P(퇴직); 2Y 4.15%; 비교지수 4.22%
CLASS000934,FUND000078,3Y,2.88,3.45,2025-01-31,DOC000080,54,[p.54] 연평균 수익률; S-P(퇴직); 3Y 2.88%; 비교지수 3.45%
CLASS000934,FUND000078,SINCE_INCEPTION,2.12,2.83,2025-01-31,DOC000080,54,[p.54] 연평균 수익률; S-P(퇴직); SINCE_INCEPTION 2.12%; 비교지수 2.83%
CLASS000930,FUND000078,1Y,4.04,4.18,2025-01-31,DOC000080,54,[p.54] 연평균 수익률; C-P1; 1Y 4.04%; 비교지수 4.18%
CLASS000930,FUND000078,2Y,3.89,4.22,2025-01-31,DOC000080,54,[p.54] 연평균 수익률; C-P1; 2Y 3.89%; 비교지수 4.22%
CLASS000930,FUND000078,3Y,2.62,3.45,2025-01-31,DOC000080,54,[p.54] 연평균 수익률; C-P1; 3Y 2.62%; 비교지수 3.45%
CLASS000930,FUND000078,5Y,1.89,2.48,2025-01-31,DOC000080,54,[p.54] 연평균 수익률; C-P1; 5Y 1.89%; 비교지수 2.48%
CLASS000930,FUND000078,SINCE_INCEPTION,1.95,2.83,2025-01-31,DOC000080,54,[p.54] 연평균 수익률; C-P1; SINCE_INCEPTION 1.95%; 비교지수 2.83%
CLASS000931,FUND000078,1Y,4.18,4.18,2025-01-31,DOC000080,54,[p.54] 연평균 수익률; C-P1e; 1Y 4.18%; 비교지수 4.18%
CLASS000931,FUND000078,2Y,4.03,4.22,2025-01-31,DOC000080,54,[p.54] 연평균 수익률; C-P1e; 2Y 4.03%; 비교지수 4.22%
CLASS000931,FUND000078,3Y,2.76,3.45,2025-01-31,DOC000080,54,[p.54] 연평균 수익률; C-P1e; 3Y 2.76%; 비교지수 3.45%
CLASS000931,FUND000078,5Y,2.04,2.48,2025-01-31,DOC000080,54,[p.54] 연평균 수익률; C-P1e; 5Y 2.04%; 비교지수 2.48%
CLASS000931,FUND000078,SINCE_INCEPTION,2.13,2.83,2025-01-31,DOC000080,54,[p.54] 연평균 수익률; C-P1e; SINCE_INCEPTION 2.13%; 비교지수 2.83%
CLASS000933,FUND000078,1Y,4.3,4.18,2025-01-31,DOC000080,54,[p.54] 연평균 수익률; S-P; 1Y 4.3%; 비교지수 4.18%
CLASS000933,FUND000078,2Y,4.15,4.22,2025-01-31,DOC000080,54,[p.54] 연평균 수익률; S-P; 2Y 4.15%; 비교지수 4.22%
CLASS000933,FUND000078,3Y,2.88,3.45,2025-01-31,DOC000080,54,[p.54] 연평균 수익률; S-P; 3Y 2.88%; 비교지수 3.45%
CLASS000933,FUND000078,5Y,2.15,2.48,2025-01-31,DOC000080,54,[p.54] 연평균 수익률; S-P; 5Y 2.15%; 비교지수 2.48%
CLASS000933,FUND000078,SINCE_INCEPTION,2.27,2.83,2025-01-31,DOC000080,54,[p.54] 연평균 수익률; S-P; SINCE_INCEPTION 2.27%; 비교지수 2.83%
CLASS000929,FUND000078,1Y,4.24,4.18,2025-01-31,DOC000080,54,[p.54] 연평균 수익률; C-Pe; 1Y 4.24%; 비교지수 4.18%
CLASS000929,FUND000078,2Y,4.09,4.22,2025-01-31,DOC000080,54,[p.54] 연평균 수익률; C-Pe; 2Y 4.09%; 비교지수 4.22%
CLASS000929,FUND000078,3Y,2.82,3.45,2025-01-31,DOC000080,54,[p.54] 연평균 수익률; C-Pe; 3Y 2.82%; 비교지수 3.45%
CLASS000929,FUND000078,5Y,2.1,2.48,2025-01-31,DOC000080,54,[p.54] 연평균 수익률; C-Pe; 5Y 2.1%; 비교지수 2.48%
CLASS000929,FUND000078,SINCE_INCEPTION,2.18,2.83,2025-01-31,DOC000080,54,[p.54] 연평균 수익률; C-Pe; SINCE_INCEPTION 2.18%; 비교지수 2.83%
CLASS000932,FUND000078,1Y,4.3,4.18,2025-01-31,DOC000080,54,[p.54] 연평균 수익률; S; 1Y 4.3%; 비교지수 4.18%
CLASS000932,FUND000078,2Y,4.14,4.22,2025-01-31,DOC000080,54,[p.54] 연평균 수익률; S; 2Y 4.14%; 비교지수 4.22%
CLASS000932,FUND000078,3Y,2.87,3.45,2025-01-31,DOC000080,54,[p.54] 연평균 수익률; S; 3Y 2.87%; 비교지수 3.45%
CLASS000932,FUND000078,5Y,2.15,2.48,2025-01-31,DOC000080,54,[p.54] 연평균 수익률; S; 5Y 2.15%; 비교지수 2.48%
CLASS000932,FUND000078,SINCE_INCEPTION,2.4,2.83,2025-01-31,DOC000080,54,[p.54] 연평균 수익률; S; SINCE_INCEPTION 2.4%; 비교지수 2.83%
CLASS000944,FUND000079,1Y,3.46,3.06,2025-10-31,DOC000081,44,[p.44] 연평균 수익률; C-Pe; 1Y 3.46%; 비교지수 3.06%
CLASS000944,FUND000079,2Y,4.36,3.6,2025-10-31,DOC000081,44,[p.44] 연평균 수익률; C-Pe; 2Y 4.36%; 비교지수 3.6%
CLASS000944,FUND000079,3Y,4.79,3.88,2025-10-31,DOC000081,44,[p.44] 연평균 수익률; C-Pe; 3Y 4.79%; 비교지수 3.88%
CLASS000944,FUND000079,5Y,3.27,2.63,2025-10-31,DOC000081,44,[p.44] 연평균 수익률; C-Pe; 5Y 3.27%; 비교지수 2.63%
CLASS000944,FUND000079,SINCE_INCEPTION,2.85,2.2,2025-10-31,DOC000081,44,[p.44] 연평균 수익률; C-Pe; SINCE_INCEPTION 2.85%; 비교지수 2.2%
CLASS000947,FUND000079,1Y,3.44,3.06,2025-10-31,DOC000081,44,[p.44] 연평균 수익률; C-P1e; 1Y 3.44%; 비교지수 3.06%
CLASS000947,FUND000079,2Y,4.33,3.6,2025-10-31,DOC000081,44,[p.44] 연평균 수익률; C-P1e; 2Y 4.33%; 비교지수 3.6%
CLASS000947,FUND000079,3Y,4.76,3.88,2025-10-31,DOC000081,44,[p.44] 연평균 수익률; C-P1e; 3Y 4.76%; 비교지수 3.88%
CLASS000947,FUND000079,5Y,3.25,2.63,2025-10-31,DOC000081,44,[p.44] 연평균 수익률; C-P1e; 5Y 3.25%; 비교지수 2.63%
CLASS000947,FUND000079,SINCE_INCEPTION,2.85,2.2,2025-10-31,DOC000081,44,[p.44] 연평균 수익률; C-P1e; SINCE_INCEPTION 2.85%; 비교지수 2.2%
CLASS000950,FUND000079,1Y,3.52,3.06,2025-10-31,DOC000081,44,[p.44] 연평균 수익률; S-P(퇴직); 1Y 3.52%; 비교지수 3.06%
CLASS000950,FUND000079,2Y,4.42,3.6,2025-10-31,DOC000081,44,[p.44] 연평균 수익률; S-P(퇴직); 2Y 4.42%; 비교지수 3.6%
CLASS000950,FUND000079,3Y,4.85,3.88,2025-10-31,DOC000081,44,[p.44] 연평균 수익률; S-P(퇴직); 3Y 4.85%; 비교지수 3.88%
CLASS000950,FUND000079,5Y,3.33,2.63,2025-10-31,DOC000081,44,[p.44] 연평균 수익률; S-P(퇴직); 5Y 3.33%; 비교지수 2.63%
CLASS000950,FUND000079,SINCE_INCEPTION,3.28,2.2,2025-10-31,DOC000081,44,[p.44] 연평균 수익률; S-P(퇴직); SINCE_INCEPTION 3.28%; 비교지수 2.2%
CLASS000949,FUND000079,SINCE_INCEPTION,3.37,2.2,2025-10-31,DOC000081,44,[p.44] 연평균 수익률; S-P; SINCE_INCEPTION 3.37%; 비교지수 2.2%
CLASS000938,FUND000079,1Y,3.47,3.06,2025-10-31,DOC000081,44,[p.44] 연평균 수익률; A-G; 1Y 3.47%; 비교지수 3.06%
CLASS000938,FUND000079,2Y,4.36,3.6,2025-10-31,DOC000081,44,[p.44] 연평균 수익률; A-G; 2Y 4.36%; 비교지수 3.6%
CLASS000938,FUND000079,3Y,4.79,3.88,2025-10-31,DOC000081,44,[p.44] 연평균 수익률; A-G; 3Y 4.79%; 비교지수 3.88%
CLASS000938,FUND000079,5Y,3.28,2.63,2025-10-31,DOC000081,44,[p.44] 연평균 수익률; A-G; 5Y 3.28%; 비교지수 2.63%
CLASS000938,FUND000079,SINCE_INCEPTION,2.93,2.2,2025-10-31,DOC000081,44,[p.44] 연평균 수익률; A-G; SINCE_INCEPTION 2.93%; 비교지수 2.2%
CLASS000941,FUND000079,1Y,3.31,3.06,2025-10-31,DOC000081,44,[p.44] 연평균 수익률; C-G; 1Y 3.31%; 비교지수 3.06%
CLASS000941,FUND000079,2Y,4.21,3.6,2025-10-31,DOC000081,44,[p.44] 연평균 수익률; C-G; 2Y 4.21%; 비교지수 3.6%
CLASS000941,FUND000079,3Y,4.64,3.88,2025-10-31,DOC000081,44,[p.44] 연평균 수익률; C-G; 3Y 4.64%; 비교지수 3.88%
CLASS000941,FUND000079,5Y,3.12,2.63,2025-10-31,DOC000081,44,[p.44] 연평균 수익률; C-G; 5Y 3.12%; 비교지수 2.63%
CLASS000941,FUND000079,SINCE_INCEPTION,2.68,2.2,2025-10-31,DOC000081,44,[p.44] 연평균 수익률; C-G; SINCE_INCEPTION 2.68%; 비교지수 2.2%
CLASS000935,FUND000079,1Y,3.43,3.06,2025-10-31,DOC000081,44,[p.44] 연평균 수익률; A; 1Y 3.43%; 비교지수 3.06%
CLASS000935,FUND000079,2Y,4.32,3.6,2025-10-31,DOC000081,44,[p.44] 연평균 수익률; A; 2Y 4.32%; 비교지수 3.6%
CLASS000935,FUND000079,3Y,4.75,3.88,2025-10-31,DOC000081,44,[p.44] 연평균 수익률; A; 3Y 4.75%; 비교지수 3.88%
CLASS000935,FUND000079,5Y,3.24,2.63,2025-10-31,DOC000081,44,[p.44] 연평균 수익률; A; 5Y 3.24%; 비교지수 2.63%
CLASS000935,FUND000079,SINCE_INCEPTION,2.82,2.2,2025-10-31,DOC000081,44,[p.44] 연평균 수익률; A; SINCE_INCEPTION 2.82%; 비교지수 2.2%
CLASS000937,FUND000079,1Y,3.48,3.06,2025-10-31,DOC000081,44,[p.44] 연평균 수익률; A-e; 1Y 3.48%; 비교지수 3.06%
CLASS000937,FUND000079,2Y,4.38,3.6,2025-10-31,DOC000081,44,[p.44] 연평균 수익률; A-e; 2Y 4.38%; 비교지수 3.6%
CLASS000937,FUND000079,3Y,4.8,3.88,2025-10-31,DOC000081,44,[p.44] 연평균 수익률; A-e; 3Y 4.8%; 비교지수 3.88%
CLASS000937,FUND000079,5Y,3.29,2.63,2025-10-31,DOC000081,44,[p.44] 연평균 수익률; A-e; 5Y 3.29%; 비교지수 2.63%
CLASS000937,FUND000079,SINCE_INCEPTION,2.83,2.2,2025-10-31,DOC000081,44,[p.44] 연평균 수익률; A-e; SINCE_INCEPTION 2.83%; 비교지수 2.2%
CLASS000939,FUND000079,1Y,3.22,3.06,2025-10-31,DOC000081,44,[p.44] 연평균 수익률; C; 1Y 3.22%; 비교지수 3.06%
CLASS000939,FUND000079,2Y,4.11,3.6,2025-10-31,DOC000081,44,[p.44] 연평균 수익률; C; 2Y 4.11%; 비교지수 3.6%
CLASS000939,FUND000079,3Y,4.54,3.88,2025-10-31,DOC000081,44,[p.44] 연평균 수익률; C; 3Y 4.54%; 비교지수 3.88%
CLASS000939,FUND000079,5Y,3.03,2.63,2025-10-31,DOC000081,44,[p.44] 연평균 수익률; C; 5Y 3.03%; 비교지수 2.63%
CLASS000939,FUND000079,SINCE_INCEPTION,2.61,2.2,2025-10-31,DOC000081,44,[p.44] 연평균 수익률; C; SINCE_INCEPTION 2.61%; 비교지수 2.2%
CLASS000940,FUND000079,1Y,3.4,3.06,2025-10-31,DOC000081,44,[p.44] 연평균 수익률; C-e; 1Y 3.4%; 비교지수 3.06%
CLASS000940,FUND000079,2Y,4.3,3.6,2025-10-31,DOC000081,44,[p.44] 연평균 수익률; C-e; 2Y 4.3%; 비교지수 3.6%
CLASS000940,FUND000079,3Y,4.72,3.88,2025-10-31,DOC000081,44,[p.44] 연평균 수익률; C-e; 3Y 4.72%; 비교지수 3.88%
CLASS000940,FUND000079,5Y,3.21,2.63,2025-10-31,DOC000081,44,[p.44] 연평균 수익률; C-e; 5Y 3.21%; 비교지수 2.63%
CLASS000940,FUND000079,SINCE_INCEPTION,2.75,2.2,2025-10-31,DOC000081,44,[p.44] 연평균 수익률; C-e; SINCE_INCEPTION 2.75%; 비교지수 2.2%
CLASS000942,FUND000079,1Y,3.56,3.06,2025-10-31,DOC000081,44,[p.44] 연평균 수익률; C-F; 1Y 3.56%; 비교지수 3.06%
CLASS000942,FUND000079,2Y,4.46,3.6,2025-10-31,DOC000081,44,[p.44] 연평균 수익률; C-F; 2Y 4.46%; 비교지수 3.6%
CLASS000942,FUND000079,3Y,4.89,3.88,2025-10-31,DOC000081,44,[p.44] 연평균 수익률; C-F; 3Y 4.89%; 비교지수 3.88%
CLASS000942,FUND000079,5Y,3.37,2.63,2025-10-31,DOC000081,44,[p.44] 연평균 수익률; C-F; 5Y 3.37%; 비교지수 2.63%
CLASS000942,FUND000079,SINCE_INCEPTION,2.9,2.2,2025-10-31,DOC000081,44,[p.44] 연평균 수익률; C-F; SINCE_INCEPTION 2.9%; 비교지수 2.2%
CLASS000948,FUND000079,SINCE_INCEPTION,3.35,2.2,2025-10-31,DOC000081,44,[p.44] 연평균 수익률; S; SINCE_INCEPTION 3.35%; 비교지수 2.2%
CLASS000945,FUND000079,1Y,3.58,3.06,2025-10-31,DOC000081,44,[p.44] 연평균 수익률; C-W; 1Y 3.58%; 비교지수 3.06%
CLASS000945,FUND000079,2Y,4.48,3.6,2025-10-31,DOC000081,44,[p.44] 연평균 수익률; C-W; 2Y 4.48%; 비교지수 3.6%
CLASS000945,FUND000079,3Y,4.91,3.88,2025-10-31,DOC000081,44,[p.44] 연평균 수익률; C-W; 3Y 4.91%; 비교지수 3.88%
CLASS000945,FUND000079,5Y,3.39,2.63,2025-10-31,DOC000081,44,[p.44] 연평균 수익률; C-W; 5Y 3.39%; 비교지수 2.63%
CLASS000945,FUND000079,SINCE_INCEPTION,2.94,2.2,2025-10-31,DOC000081,44,[p.44] 연평균 수익률; C-W; SINCE_INCEPTION 2.94%; 비교지수 2.2%
CLASS000943,FUND000079,1Y,3.34,3.06,2025-10-31,DOC000081,44,[p.44] 연평균 수익률; C-P; 1Y 3.34%; 비교지수 3.06%
CLASS000943,FUND000079,2Y,4.24,3.6,2025-10-31,DOC000081,44,[p.44] 연평균 수익률; C-P; 2Y 4.24%; 비교지수 3.6%
CLASS000943,FUND000079,3Y,4.67,3.88,2025-10-31,DOC000081,44,[p.44] 연평균 수익률; C-P; 3Y 4.67%; 비교지수 3.88%
CLASS000943,FUND000079,5Y,3.15,2.63,2025-10-31,DOC000081,44,[p.44] 연평균 수익률; C-P; 5Y 3.15%; 비교지수 2.63%
CLASS000943,FUND000079,SINCE_INCEPTION,2.71,2.2,2025-10-31,DOC000081,44,[p.44] 연평균 수익률; C-P; SINCE_INCEPTION 2.71%; 비교지수 2.2%
CLASS000946,FUND000079,1Y,3.29,3.06,2025-10-31,DOC000081,44,[p.44] 연평균 수익률; C-P1; 1Y 3.29%; 비교지수 3.06%
CLASS000946,FUND000079,2Y,4.19,3.6,2025-10-31,DOC000081,44,[p.44] 연평균 수익률; C-P1; 2Y 4.19%; 비교지수 3.6%
CLASS000946,FUND000079,3Y,4.62,3.88,2025-10-31,DOC000081,44,[p.44] 연평균 수익률; C-P1; 3Y 4.62%; 비교지수 3.88%
CLASS000946,FUND000079,5Y,3.1,2.63,2025-10-31,DOC000081,44,[p.44] 연평균 수익률; C-P1; 5Y 3.1%; 비교지수 2.63%
CLASS000946,FUND000079,SINCE_INCEPTION,2.65,2.2,2025-10-31,DOC000081,44,[p.44] 연평균 수익률; C-P1; SINCE_INCEPTION 2.65%; 비교지수 2.2%
CLASS000936,FUND000079,1Y,3.58,3.06,2025-10-31,DOC000081,44,[p.44] 연평균 수익률; A2; 1Y 3.58%; 비교지수 3.06%
CLASS000936,FUND000079,2Y,4.48,3.6,2025-10-31,DOC000081,44,[p.44] 연평균 수익률; A2; 2Y 4.48%; 비교지수 3.6%
CLASS000936,FUND000079,3Y,4.91,3.88,2025-10-31,DOC000081,44,[p.44] 연평균 수익률; A2; 3Y 4.91%; 비교지수 3.88%
CLASS000936,FUND000079,5Y,3.39,2.63,2025-10-31,DOC000081,44,[p.44] 연평균 수익률; A2; 5Y 3.39%; 비교지수 2.63%
CLASS000936,FUND000079,SINCE_INCEPTION,2.91,2.2,2025-10-31,DOC000081,44,[p.44] 연평균 수익률; A2; SINCE_INCEPTION 2.91%; 비교지수 2.2%
CLASS000951,FUND000080,1Y,3.69,3.9,2025-03-25,DOC000082,3|32,"[p.3,32] 연평균 수익률; 투자신탁; 1Y 3.69%; 비교지수 3.9%"
CLASS000951,FUND000080,2Y,3.63,3.74,2025-03-25,DOC000082,3|32,"[p.3,32] 연평균 수익률; 투자신탁; 2Y 3.63%; 비교지수 3.74%"
CLASS000951,FUND000080,3Y,2.86,3.24,2025-03-25,DOC000082,3|32,"[p.3,32] 연평균 수익률; 투자신탁; 3Y 2.86%; 비교지수 3.24%"
CLASS000951,FUND000080,5Y,1.8,2.26,2025-03-25,DOC000082,3|32,"[p.3,32] 연평균 수익률; 투자신탁; 5Y 1.8%; 비교지수 2.26%"
CLASS000951,FUND000080,SINCE_INCEPTION,2.47,0.77,2025-03-25,DOC000082,3|32,"[p.3,32] 연평균 수익률; 투자신탁; SINCE_INCEPTION 2.47%; 비교지수 0.77%"
CLASS000952,FUND000081,1Y,3.47,3.56,2025-03-25,DOC000083,40|41,[p.40-41] A1; 1Y 3.47%; 비교지수 3.56%
CLASS000952,FUND000081,2Y,3.51,3.64,2025-03-25,DOC000083,40|41,[p.40-41] A1; 2Y 3.51%; 비교지수 3.64%
CLASS000952,FUND000081,3Y,3.34,3.31,2025-03-25,DOC000083,40|41,[p.40-41] A1; 3Y 3.34%; 비교지수 3.31%
CLASS000952,FUND000081,5Y,2.35,2.37,2025-03-25,DOC000083,40|41,[p.40-41] A1; 5Y 2.35%; 비교지수 2.37%
CLASS000952,FUND000081,SINCE_INCEPTION,2,2.08,2025-03-25,DOC000083,40|41,[p.40-41] A1; SINCE_INCEPTION 2%; 비교지수 2.08%
CLASS000953,FUND000081,1Y,3.36,3.56,2025-03-25,DOC000083,40|41,[p.40-41] C1; 1Y 3.36%; 비교지수 3.56%
CLASS000953,FUND000081,2Y,3.41,3.64,2025-03-25,DOC000083,40|41,[p.40-41] C1; 2Y 3.41%; 비교지수 3.64%
CLASS000953,FUND000081,3Y,3.24,3.31,2025-03-25,DOC000083,40|41,[p.40-41] C1; 3Y 3.24%; 비교지수 3.31%
CLASS000953,FUND000081,5Y,2.24,2.37,2025-03-25,DOC000083,40|41,[p.40-41] C1; 5Y 2.24%; 비교지수 2.37%
CLASS000953,FUND000081,SINCE_INCEPTION,1.97,2.1,2025-03-25,DOC000083,40|41,[p.40-41] C1; SINCE_INCEPTION 1.97%; 비교지수 2.1%
CLASS000954,FUND000081,1Y,3.6,3.56,2025-03-25,DOC000083,40|41,[p.40-41] C-F; 1Y 3.6%; 비교지수 3.56%
CLASS000954,FUND000081,2Y,3.64,3.64,2025-03-25,DOC000083,40|41,[p.40-41] C-F; 2Y 3.64%; 비교지수 3.64%
CLASS000954,FUND000081,3Y,3.47,3.31,2025-03-25,DOC000083,40|41,[p.40-41] C-F; 3Y 3.47%; 비교지수 3.31%
CLASS000954,FUND000081,5Y,2.48,2.37,2025-03-25,DOC000083,40|41,[p.40-41] C-F; 5Y 2.48%; 비교지수 2.37%
CLASS000954,FUND000081,SINCE_INCEPTION,2.11,2.08,2025-03-25,DOC000083,40|41,[p.40-41] C-F; SINCE_INCEPTION 2.11%; 비교지수 2.08%
CLASS000955,FUND000081,1Y,3.54,3.56,2025-03-25,DOC000083,40|41,[p.40-41] A-e; 1Y 3.54%; 비교지수 3.56%
CLASS000955,FUND000081,2Y,3.59,3.64,2025-03-25,DOC000083,40|41,[p.40-41] A-e; 2Y 3.59%; 비교지수 3.64%
CLASS000955,FUND000081,3Y,3.42,3.31,2025-03-25,DOC000083,40|41,[p.40-41] A-e; 3Y 3.42%; 비교지수 3.31%
CLASS000955,FUND000081,5Y,2.42,2.37,2025-03-25,DOC000083,40|41,[p.40-41] A-e; 5Y 2.42%; 비교지수 2.37%
CLASS000955,FUND000081,SINCE_INCEPTION,2.06,2.08,2025-03-25,DOC000083,40|41,[p.40-41] A-e; SINCE_INCEPTION 2.06%; 비교지수 2.08%
CLASS000956,FUND000081,1Y,3.49,3.56,2025-03-25,DOC000083,40|41,[p.40-41] C-e; 1Y 3.49%; 비교지수 3.56%
CLASS000956,FUND000081,2Y,3.54,3.64,2025-03-25,DOC000083,40|41,[p.40-41] C-e; 2Y 3.54%; 비교지수 3.64%
CLASS000956,FUND000081,3Y,3.37,3.31,2025-03-25,DOC000083,40|41,[p.40-41] C-e; 3Y 3.37%; 비교지수 3.31%
CLASS000956,FUND000081,5Y,2.37,2.37,2025-03-25,DOC000083,40|41,[p.40-41] C-e; 5Y 2.37%; 비교지수 2.37%
CLASS000956,FUND000081,SINCE_INCEPTION,2.01,2.08,2025-03-25,DOC000083,40|41,[p.40-41] C-e; SINCE_INCEPTION 2.01%; 비교지수 2.08%
CLASS000957,FUND000081,1Y,3.62,3.56,2025-03-25,DOC000083,40|41,[p.40-41] C-W; 1Y 3.62%; 비교지수 3.56%
CLASS000957,FUND000081,2Y,3.67,3.64,2025-03-25,DOC000083,40|41,[p.40-41] C-W; 2Y 3.67%; 비교지수 3.64%
CLASS000957,FUND000081,3Y,3.49,3.31,2025-03-25,DOC000083,40|41,[p.40-41] C-W; 3Y 3.49%; 비교지수 3.31%
CLASS000957,FUND000081,5Y,2.5,2.37,2025-03-25,DOC000083,40|41,[p.40-41] C-W; 5Y 2.5%; 비교지수 2.37%
CLASS000957,FUND000081,SINCE_INCEPTION,2.14,2.08,2025-03-25,DOC000083,40|41,[p.40-41] C-W; SINCE_INCEPTION 2.14%; 비교지수 2.08%
CLASS000958,FUND000081,1Y,3.55,3.56,2025-03-25,DOC000083,40|41,[p.40-41] S; 1Y 3.55%; 비교지수 3.56%
CLASS000958,FUND000081,2Y,3.59,3.64,2025-03-25,DOC000083,40|41,[p.40-41] S; 2Y 3.59%; 비교지수 3.64%
CLASS000958,FUND000081,3Y,3.42,3.31,2025-03-25,DOC000083,40|41,[p.40-41] S; 3Y 3.42%; 비교지수 3.31%
CLASS000958,FUND000081,5Y,2.43,2.37,2025-03-25,DOC000083,40|41,[p.40-41] S; 5Y 2.43%; 비교지수 2.37%
CLASS000958,FUND000081,SINCE_INCEPTION,2.33,2.29,2025-03-25,DOC000083,40|41,[p.40-41] S; SINCE_INCEPTION 2.33%; 비교지수 2.29%
CLASS000959,FUND000081,1Y,3.4,3.56,2025-03-25,DOC000083,40|41,[p.40-41] C-P; 1Y 3.4%; 비교지수 3.56%
CLASS000959,FUND000081,2Y,3.45,3.64,2025-03-25,DOC000083,40|41,[p.40-41] C-P; 2Y 3.45%; 비교지수 3.64%
CLASS000959,FUND000081,3Y,3.28,3.31,2025-03-25,DOC000083,40|41,[p.40-41] C-P; 3Y 3.28%; 비교지수 3.31%
CLASS000959,FUND000081,5Y,2.29,2.37,2025-03-25,DOC000083,40|41,[p.40-41] C-P; 5Y 2.29%; 비교지수 2.37%
CLASS000959,FUND000081,SINCE_INCEPTION,1.8,2.22,2025-03-25,DOC000083,40|41,[p.40-41] C-P; SINCE_INCEPTION 1.8%; 비교지수 2.22%
CLASS000960,FUND000081,1Y,3.41,3.56,2025-03-25,DOC000083,40|41,[p.40-41] C-P2(퇴직연금); 1Y 3.41%; 비교지수 3.56%
CLASS000960,FUND000081,2Y,3.46,3.64,2025-03-25,DOC000083,40|41,[p.40-41] C-P2(퇴직연금); 2Y 3.46%; 비교지수 3.64%
CLASS000960,FUND000081,3Y,3.29,3.31,2025-03-25,DOC000083,40|41,[p.40-41] C-P2(퇴직연금); 3Y 3.29%; 비교지수 3.31%
CLASS000960,FUND000081,5Y,2.3,2.37,2025-03-25,DOC000083,40|41,[p.40-41] C-P2(퇴직연금); 5Y 2.3%; 비교지수 2.37%
CLASS000960,FUND000081,SINCE_INCEPTION,1.94,2.09,2025-03-25,DOC000083,40|41,[p.40-41] C-P2(퇴직연금); SINCE_INCEPTION 1.94%; 비교지수 2.09%
CLASS000963,FUND000081,1Y,3.52,3.56,2025-03-25,DOC000083,40|41,[p.40-41] C-Pe; 1Y 3.52%; 비교지수 3.56%
CLASS000963,FUND000081,2Y,3.56,3.64,2025-03-25,DOC000083,40|41,[p.40-41] C-Pe; 2Y 3.56%; 비교지수 3.64%
CLASS000963,FUND000081,SINCE_INCEPTION,3.92,3.86,2025-03-25,DOC000083,40|41,[p.40-41] C-Pe; SINCE_INCEPTION 3.92%; 비교지수 3.86%
CLASS000964,FUND000081,1Y,3.52,3.56,2025-03-25,DOC000083,40|41,[p.40-41] C-P2e(퇴직연금); 1Y 3.52%; 비교지수 3.56%
CLASS000964,FUND000081,2Y,3.56,3.64,2025-03-25,DOC000083,40|41,[p.40-41] C-P2e(퇴직연금); 2Y 3.56%; 비교지수 3.64%
CLASS000964,FUND000081,SINCE_INCEPTION,3.94,3.88,2025-03-25,DOC000083,40|41,[p.40-41] C-P2e(퇴직연금); SINCE_INCEPTION 3.94%; 비교지수 3.88%
CLASS000965,FUND000082,1Y,7.24,7.26,2025-01-19,DOC000084,39,[p.39] C; 1Y 7.24%; 비교지수 7.26%
CLASS000965,FUND000082,2Y,5.93,5.61,2025-01-19,DOC000084,39,[p.39] C; 2Y 5.93%; 비교지수 5.61%
CLASS000965,FUND000082,3Y,3.06,3.04,2025-01-19,DOC000084,39,[p.39] C; 3Y 3.06%; 비교지수 3.04%
CLASS000965,FUND000082,5Y,1.65,1.67,2025-01-19,DOC000084,39,[p.39] C; 5Y 1.65%; 비교지수 1.67%
CLASS000965,FUND000082,SINCE_INCEPTION,2.65,1.45,2025-01-19,DOC000084,39,[p.39] C; SINCE_INCEPTION 2.65%; 비교지수 1.45%
CLASS000966,FUND000082,1Y,7.35,7.26,2025-01-19,DOC000084,39,[p.39] C-e; 1Y 7.35%; 비교지수 7.26%
CLASS000966,FUND000082,2Y,6.04,5.61,2025-01-19,DOC000084,39,[p.39] C-e; 2Y 6.04%; 비교지수 5.61%
CLASS000966,FUND000082,3Y,3.17,3.04,2025-01-19,DOC000084,39,[p.39] C-e; 3Y 3.17%; 비교지수 3.04%
CLASS000966,FUND000082,5Y,1.75,1.67,2025-01-19,DOC000084,39,[p.39] C-e; 5Y 1.75%; 비교지수 1.67%
CLASS000966,FUND000082,SINCE_INCEPTION,1.85,1.76,2025-01-19,DOC000084,39,[p.39] C-e; SINCE_INCEPTION 1.85%; 비교지수 1.76%
CLASS000968,FUND000083,1Y,4.5,3.65,2025-01-19,DOC000085,39|40,[p.39-40] A; 1Y 4.5%; 비교지수 3.65%
CLASS000968,FUND000083,2Y,4.94,3.75,2025-01-19,DOC000085,39|40,[p.39-40] A; 2Y 4.94%; 비교지수 3.75%
CLASS000968,FUND000083,3Y,4.1,3.23,2025-01-19,DOC000085,39|40,[p.39-40] A; 3Y 4.1%; 비교지수 3.23%
CLASS000968,FUND000083,5Y,3.02,2.34,2025-01-19,DOC000085,39|40,[p.39-40] A; 5Y 3.02%; 비교지수 2.34%
CLASS000968,FUND000083,SINCE_INCEPTION,2.8,2.2,2025-01-19,DOC000085,39|40,[p.39-40] A; SINCE_INCEPTION 2.8%; 비교지수 2.2%
CLASS000969,FUND000083,1Y,4.61,3.65,2025-01-19,DOC000085,39|40,[p.39-40] A-e; 1Y 4.61%; 비교지수 3.65%
CLASS000969,FUND000083,2Y,5.04,3.75,2025-01-19,DOC000085,39|40,[p.39-40] A-e; 2Y 5.04%; 비교지수 3.75%
CLASS000969,FUND000083,3Y,4.2,3.23,2025-01-19,DOC000085,39|40,[p.39-40] A-e; 3Y 4.2%; 비교지수 3.23%
CLASS000969,FUND000083,5Y,3.12,2.34,2025-01-19,DOC000085,39|40,[p.39-40] A-e; 5Y 3.12%; 비교지수 2.34%
CLASS000969,FUND000083,SINCE_INCEPTION,2.9,2.2,2025-01-19,DOC000085,39|40,[p.39-40] A-e; SINCE_INCEPTION 2.9%; 비교지수 2.2%
CLASS000970,FUND000083,1Y,4.45,3.65,2025-01-19,DOC000085,39|40,[p.39-40] C; 1Y 4.45%; 비교지수 3.65%
CLASS000970,FUND000083,2Y,4.88,3.75,2025-01-19,DOC000085,39|40,[p.39-40] C; 2Y 4.88%; 비교지수 3.75%
CLASS000970,FUND000083,3Y,4.04,3.23,2025-01-19,DOC000085,39|40,[p.39-40] C; 3Y 4.04%; 비교지수 3.23%
CLASS000970,FUND000083,5Y,2.97,2.34,2025-01-19,DOC000085,39|40,[p.39-40] C; 5Y 2.97%; 비교지수 2.34%
CLASS000970,FUND000083,SINCE_INCEPTION,2.75,2.2,2025-01-19,DOC000085,39|40,[p.39-40] C; SINCE_INCEPTION 2.75%; 비교지수 2.2%
CLASS000971,FUND000083,1Y,4.58,3.65,2025-01-19,DOC000085,39|40,[p.39-40] C-e; 1Y 4.58%; 비교지수 3.65%
CLASS000971,FUND000083,2Y,5.01,3.75,2025-01-19,DOC000085,39|40,[p.39-40] C-e; 2Y 5.01%; 비교지수 3.75%
CLASS000971,FUND000083,3Y,4.17,3.23,2025-01-19,DOC000085,39|40,[p.39-40] C-e; 3Y 4.17%; 비교지수 3.23%
CLASS000971,FUND000083,5Y,3.09,2.34,2025-01-19,DOC000085,39|40,[p.39-40] C-e; 5Y 3.09%; 비교지수 2.34%
CLASS000971,FUND000083,SINCE_INCEPTION,2.87,2.2,2025-01-19,DOC000085,39|40,[p.39-40] C-e; SINCE_INCEPTION 2.87%; 비교지수 2.2%
CLASS000972,FUND000083,SINCE_INCEPTION,4.39,3.58,2025-01-19,DOC000085,39|40,[p.39-40] C-I; SINCE_INCEPTION 4.39%; 비교지수 3.58%
CLASS000973,FUND000083,1Y,4.69,3.65,2025-01-19,DOC000085,39|40,[p.39-40] C-F; 1Y 4.69%; 비교지수 3.65%
CLASS000973,FUND000083,2Y,5.12,3.75,2025-01-19,DOC000085,39|40,[p.39-40] C-F; 2Y 5.12%; 비교지수 3.75%
CLASS000973,FUND000083,3Y,4.28,3.23,2025-01-19,DOC000085,39|40,[p.39-40] C-F; 3Y 4.28%; 비교지수 3.23%
CLASS000973,FUND000083,5Y,3.2,2.34,2025-01-19,DOC000085,39|40,[p.39-40] C-F; 5Y 3.2%; 비교지수 2.34%
CLASS000973,FUND000083,SINCE_INCEPTION,2.98,2.2,2025-01-19,DOC000085,39|40,[p.39-40] C-F; SINCE_INCEPTION 2.98%; 비교지수 2.2%
CLASS000974,FUND000083,1Y,4.71,3.65,2025-01-19,DOC000085,39|40,[p.39-40] C-W; 1Y 4.71%; 비교지수 3.65%
CLASS000974,FUND000083,2Y,5.15,3.75,2025-01-19,DOC000085,39|40,[p.39-40] C-W; 2Y 5.15%; 비교지수 3.75%
CLASS000974,FUND000083,3Y,4.3,3.23,2025-01-19,DOC000085,39|40,[p.39-40] C-W; 3Y 4.3%; 비교지수 3.23%
CLASS000974,FUND000083,SINCE_INCEPTION,3.62,2.7,2025-01-19,DOC000085,39|40,[p.39-40] C-W; SINCE_INCEPTION 3.62%; 비교지수 2.7%
CLASS000975,FUND000083,1Y,4.48,3.65,2025-01-19,DOC000085,39|40,[p.39-40] C-P; 1Y 4.48%; 비교지수 3.65%
CLASS000975,FUND000083,2Y,4.92,3.75,2025-01-19,DOC000085,39|40,[p.39-40] C-P; 2Y 4.92%; 비교지수 3.75%
CLASS000975,FUND000083,3Y,4.08,3.23,2025-01-19,DOC000085,39|40,[p.39-40] C-P; 3Y 4.08%; 비교지수 3.23%
CLASS000975,FUND000083,5Y,3,2.34,2025-01-19,DOC000085,39|40,[p.39-40] C-P; 5Y 3%; 비교지수 2.34%
CLASS000975,FUND000083,SINCE_INCEPTION,2.78,2.21,2025-01-19,DOC000085,39|40,[p.39-40] C-P; SINCE_INCEPTION 2.78%; 비교지수 2.21%
CLASS000976,FUND000083,1Y,4.49,3.65,2025-01-19,DOC000085,39|40,[p.39-40] C-P2(퇴직연금); 1Y 4.49%; 비교지수 3.65%
CLASS000976,FUND000083,2Y,4.93,3.75,2025-01-19,DOC000085,39|40,[p.39-40] C-P2(퇴직연금); 2Y 4.93%; 비교지수 3.75%
CLASS000976,FUND000083,3Y,4.09,3.23,2025-01-19,DOC000085,39|40,[p.39-40] C-P2(퇴직연금); 3Y 4.09%; 비교지수 3.23%
CLASS000976,FUND000083,5Y,3.01,2.34,2025-01-19,DOC000085,39|40,[p.39-40] C-P2(퇴직연금); 5Y 3.01%; 비교지수 2.34%
CLASS000976,FUND000083,SINCE_INCEPTION,2.81,2.22,2025-01-19,DOC000085,39|40,[p.39-40] C-P2(퇴직연금); SINCE_INCEPTION 2.81%; 비교지수 2.22%
CLASS000977,FUND000083,1Y,4.63,3.65,2025-01-19,DOC000085,39|40,[p.39-40] S; 1Y 4.63%; 비교지수 3.65%
CLASS000977,FUND000083,SINCE_INCEPTION,4.84,3.82,2025-01-19,DOC000085,39|40,[p.39-40] S; SINCE_INCEPTION 4.84%; 비교지수 3.82%
CLASS000978,FUND000083,1Y,4.6,3.65,2025-01-19,DOC000085,39|40,[p.39-40] C-Pe; 1Y 4.6%; 비교지수 3.65%
CLASS000978,FUND000083,2Y,5.03,3.75,2025-01-19,DOC000085,39|40,[p.39-40] C-Pe; 2Y 5.03%; 비교지수 3.75%
CLASS000978,FUND000083,3Y,4.19,3.23,2025-01-19,DOC000085,39|40,[p.39-40] C-Pe; 3Y 4.19%; 비교지수 3.23%
CLASS000978,FUND000083,5Y,3.11,2.34,2025-01-19,DOC000085,39|40,[p.39-40] C-Pe; 5Y 3.11%; 비교지수 2.34%
CLASS000978,FUND000083,SINCE_INCEPTION,2.89,2.2,2025-01-19,DOC000085,39|40,[p.39-40] C-Pe; SINCE_INCEPTION 2.89%; 비교지수 2.2%
CLASS000979,FUND000083,1Y,4.61,3.65,2025-01-19,DOC000085,39|40,[p.39-40] C-P2e(퇴직연금); 1Y 4.61%; 비교지수 3.65%
CLASS000979,FUND000083,2Y,5.04,3.75,2025-01-19,DOC000085,39|40,[p.39-40] C-P2e(퇴직연금); 2Y 5.04%; 비교지수 3.75%
CLASS000979,FUND000083,3Y,4.2,3.23,2025-01-19,DOC000085,39|40,[p.39-40] C-P2e(퇴직연금); 3Y 4.2%; 비교지수 3.23%
CLASS000979,FUND000083,5Y,3.12,2.34,2025-01-19,DOC000085,39|40,[p.39-40] C-P2e(퇴직연금); 5Y 3.12%; 비교지수 2.34%
CLASS000979,FUND000083,SINCE_INCEPTION,2.94,2.23,2025-01-19,DOC000085,39|40,[p.39-40] C-P2e(퇴직연금); SINCE_INCEPTION 2.94%; 비교지수 2.23%
CLASS000982,FUND000084,1Y,-5.19,,2025-05-12,DOC000086,49|50,[p.49-50] A1; 1Y -5.19%; 비교지수 없음(PDF 0.00 표시)
CLASS000982,FUND000084,2Y,4.66,,2025-05-12,DOC000086,49|50,[p.49-50] A1; 2Y 4.66%; 비교지수 없음(PDF 0.00 표시)
CLASS000982,FUND000084,3Y,2.2,,2025-05-12,DOC000086,49|50,[p.49-50] A1; 3Y 2.2%; 비교지수 없음(PDF 0.00 표시)
CLASS000982,FUND000084,5Y,6.33,,2025-05-12,DOC000086,49|50,[p.49-50] A1; 5Y 6.33%; 비교지수 없음(PDF 0.00 표시)
CLASS000982,FUND000084,SINCE_INCEPTION,3.42,,2025-05-12,DOC000086,49|50,[p.49-50] A1; SINCE_INCEPTION 3.42%; 비교지수 없음(PDF 0.00 표시)
CLASS000983,FUND000084,1Y,-5,,2025-05-12,DOC000086,49|50,[p.49-50] A-e; 1Y -5%; 비교지수 없음(PDF 0.00 표시)
CLASS000983,FUND000084,2Y,4.87,,2025-05-12,DOC000086,49|50,[p.49-50] A-e; 2Y 4.87%; 비교지수 없음(PDF 0.00 표시)
CLASS000983,FUND000084,3Y,2.41,,2025-05-12,DOC000086,49|50,[p.49-50] A-e; 3Y 2.41%; 비교지수 없음(PDF 0.00 표시)
CLASS000983,FUND000084,5Y,6.55,,2025-05-12,DOC000086,49|50,[p.49-50] A-e; 5Y 6.55%; 비교지수 없음(PDF 0.00 표시)
CLASS000983,FUND000084,SINCE_INCEPTION,3.67,,2025-05-12,DOC000086,49|50,[p.49-50] A-e; SINCE_INCEPTION 3.67%; 비교지수 없음(PDF 0.00 표시)
CLASS000984,FUND000084,1Y,-5.58,,2025-05-12,DOC000086,49|50,[p.49-50] C1; 1Y -5.58%; 비교지수 없음(PDF 0.00 표시)
CLASS000984,FUND000084,2Y,4.25,,2025-05-12,DOC000086,49|50,[p.49-50] C1; 2Y 4.25%; 비교지수 없음(PDF 0.00 표시)
CLASS000984,FUND000084,3Y,1.79,,2025-05-12,DOC000086,49|50,[p.49-50] C1; 3Y 1.79%; 비교지수 없음(PDF 0.00 표시)
CLASS000984,FUND000084,5Y,5.91,,2025-05-12,DOC000086,49|50,[p.49-50] C1; 5Y 5.91%; 비교지수 없음(PDF 0.00 표시)
CLASS000984,FUND000084,SINCE_INCEPTION,3.03,,2025-05-12,DOC000086,49|50,[p.49-50] C1; SINCE_INCEPTION 3.03%; 비교지수 없음(PDF 0.00 표시)
CLASS000985,FUND000084,1Y,-5.19,,2025-05-12,DOC000086,49|50,[p.49-50] C-e; 1Y -5.19%; 비교지수 없음(PDF 0.00 표시)
CLASS000985,FUND000084,2Y,4.66,,2025-05-12,DOC000086,49|50,[p.49-50] C-e; 2Y 4.66%; 비교지수 없음(PDF 0.00 표시)
CLASS000985,FUND000084,3Y,2.2,,2025-05-12,DOC000086,49|50,[p.49-50] C-e; 3Y 2.2%; 비교지수 없음(PDF 0.00 표시)
CLASS000985,FUND000084,5Y,6.33,,2025-05-12,DOC000086,49|50,[p.49-50] C-e; 5Y 6.33%; 비교지수 없음(PDF 0.00 표시)
CLASS000985,FUND000084,SINCE_INCEPTION,3.45,,2025-05-12,DOC000086,49|50,[p.49-50] C-e; SINCE_INCEPTION 3.45%; 비교지수 없음(PDF 0.00 표시)
CLASS000987,FUND000084,1Y,-4.9,,2025-05-12,DOC000086,49|50,[p.49-50] C-W; 1Y -4.9%; 비교지수 없음(PDF 0.00 표시)
CLASS000987,FUND000084,2Y,4.98,,2025-05-12,DOC000086,49|50,[p.49-50] C-W; 2Y 4.98%; 비교지수 없음(PDF 0.00 표시)
CLASS000987,FUND000084,3Y,2.52,,2025-05-12,DOC000086,49|50,[p.49-50] C-W; 3Y 2.52%; 비교지수 없음(PDF 0.00 표시)
CLASS000987,FUND000084,5Y,6.66,,2025-05-12,DOC000086,49|50,[p.49-50] C-W; 5Y 6.66%; 비교지수 없음(PDF 0.00 표시)
CLASS000987,FUND000084,SINCE_INCEPTION,3.76,,2025-05-12,DOC000086,49|50,[p.49-50] C-W; SINCE_INCEPTION 3.76%; 비교지수 없음(PDF 0.00 표시)
CLASS000988,FUND000084,1Y,-5.29,,2025-05-12,DOC000086,49|50,[p.49-50] C-P; 1Y -5.29%; 비교지수 없음(PDF 0.00 표시)
CLASS000988,FUND000084,2Y,4.56,,2025-05-12,DOC000086,49|50,[p.49-50] C-P; 2Y 4.56%; 비교지수 없음(PDF 0.00 표시)
CLASS000988,FUND000084,3Y,2.1,,2025-05-12,DOC000086,49|50,[p.49-50] C-P; 3Y 2.1%; 비교지수 없음(PDF 0.00 표시)
CLASS000988,FUND000084,5Y,6.23,,2025-05-12,DOC000086,49|50,[p.49-50] C-P; 5Y 6.23%; 비교지수 없음(PDF 0.00 표시)
CLASS000988,FUND000084,SINCE_INCEPTION,2.91,,2025-05-12,DOC000086,49|50,[p.49-50] C-P; SINCE_INCEPTION 2.91%; 비교지수 없음(PDF 0.00 표시)
CLASS000989,FUND000084,1Y,-5,,2025-05-12,DOC000086,49|50,[p.49-50] S; 1Y -5%; 비교지수 없음(PDF 0.00 표시)
CLASS000989,FUND000084,2Y,4.87,,2025-05-12,DOC000086,49|50,[p.49-50] S; 2Y 4.87%; 비교지수 없음(PDF 0.00 표시)
CLASS000989,FUND000084,3Y,2.41,,2025-05-12,DOC000086,49|50,[p.49-50] S; 3Y 2.41%; 비교지수 없음(PDF 0.00 표시)
CLASS000989,FUND000084,5Y,6.55,,2025-05-12,DOC000086,49|50,[p.49-50] S; 5Y 6.55%; 비교지수 없음(PDF 0.00 표시)
CLASS000989,FUND000084,SINCE_INCEPTION,3.32,,2025-05-12,DOC000086,49|50,[p.49-50] S; SINCE_INCEPTION 3.32%; 비교지수 없음(PDF 0.00 표시)
CLASS000990,FUND000084,1Y,-5.24,,2025-05-12,DOC000086,49|50,[p.49-50] C-P2(퇴직연금); 1Y -5.24%; 비교지수 없음(PDF 0.00 표시)
CLASS000990,FUND000084,2Y,4.61,,2025-05-12,DOC000086,49|50,[p.49-50] C-P2(퇴직연금); 2Y 4.61%; 비교지수 없음(PDF 0.00 표시)
CLASS000990,FUND000084,3Y,2.15,,2025-05-12,DOC000086,49|50,[p.49-50] C-P2(퇴직연금); 3Y 2.15%; 비교지수 없음(PDF 0.00 표시)
CLASS000990,FUND000084,5Y,6.28,,2025-05-12,DOC000086,49|50,[p.49-50] C-P2(퇴직연금); 5Y 6.28%; 비교지수 없음(PDF 0.00 표시)
CLASS000990,FUND000084,SINCE_INCEPTION,2.75,,2025-05-12,DOC000086,49|50,[p.49-50] C-P2(퇴직연금); SINCE_INCEPTION 2.75%; 비교지수 없음(PDF 0.00 표시)
CLASS000991,FUND000084,1Y,-5.05,,2025-05-12,DOC000086,49|50,[p.49-50] C-Pe; 1Y -5.05%; 비교지수 없음(PDF 0.00 표시)
CLASS000991,FUND000084,2Y,4.82,,2025-05-12,DOC000086,49|50,[p.49-50] C-Pe; 2Y 4.82%; 비교지수 없음(PDF 0.00 표시)
CLASS000991,FUND000084,3Y,2.36,,2025-05-12,DOC000086,49|50,[p.49-50] C-Pe; 3Y 2.36%; 비교지수 없음(PDF 0.00 표시)
CLASS000991,FUND000084,5Y,6.49,,2025-05-12,DOC000086,49|50,[p.49-50] C-Pe; 5Y 6.49%; 비교지수 없음(PDF 0.00 표시)
CLASS000991,FUND000084,SINCE_INCEPTION,2.05,,2025-05-12,DOC000086,49|50,[p.49-50] C-Pe; SINCE_INCEPTION 2.05%; 비교지수 없음(PDF 0.00 표시)
CLASS000992,FUND000084,1Y,-5.02,,2025-05-12,DOC000086,49|50,[p.49-50] C-P2e(퇴직연금); 1Y -5.02%; 비교지수 없음(PDF 0.00 표시)
CLASS000992,FUND000084,2Y,4.85,,2025-05-12,DOC000086,49|50,[p.49-50] C-P2e(퇴직연금); 2Y 4.85%; 비교지수 없음(PDF 0.00 표시)
CLASS000992,FUND000084,3Y,2.39,,2025-05-12,DOC000086,49|50,[p.49-50] C-P2e(퇴직연금); 3Y 2.39%; 비교지수 없음(PDF 0.00 표시)
CLASS000992,FUND000084,5Y,6.53,,2025-05-12,DOC000086,49|50,[p.49-50] C-P2e(퇴직연금); 5Y 6.53%; 비교지수 없음(PDF 0.00 표시)
CLASS000992,FUND000084,SINCE_INCEPTION,1.93,,2025-05-12,DOC000086,49|50,[p.49-50] C-P2e(퇴직연금); SINCE_INCEPTION 1.93%; 비교지수 없음(PDF 0.00 표시)
CLASS000996,FUND000084,1Y,-4.94,,2025-05-12,DOC000086,49|50,[p.49-50] S-P2(퇴직연금); 1Y -4.94%; 비교지수 없음(PDF 0.00 표시)
CLASS000996,FUND000084,2Y,4.94,,2025-05-12,DOC000086,49|50,[p.49-50] S-P2(퇴직연금); 2Y 4.94%; 비교지수 없음(PDF 0.00 표시)
CLASS000996,FUND000084,3Y,2.48,,2025-05-12,DOC000086,49|50,[p.49-50] S-P2(퇴직연금); 3Y 2.48%; 비교지수 없음(PDF 0.00 표시)
CLASS000996,FUND000084,SINCE_INCEPTION,3.8,,2025-05-12,DOC000086,49|50,[p.49-50] S-P2(퇴직연금); SINCE_INCEPTION 3.8%; 비교지수 없음(PDF 0.00 표시)
CLASS000997,FUND000085,1Y,-1.65,9.79,2025-06-30,DOC000087,43|44,[p.43-44] A1; 1Y -1.65%; 비교지수 9.79%
CLASS000997,FUND000085,2Y,2.67,9.45,2025-06-30,DOC000087,43|44,[p.43-44] A1; 2Y 2.67%; 비교지수 9.45%
CLASS000997,FUND000085,3Y,8.67,9.61,2025-06-30,DOC000087,43|44,[p.43-44] A1; 3Y 8.67%; 비교지수 9.61%
CLASS000997,FUND000085,5Y,14.08,7.82,2025-06-30,DOC000087,43|44,[p.43-44] A1; 5Y 14.08%; 비교지수 7.82%
CLASS000997,FUND000085,SINCE_INCEPTION,-1.21,2.69,2025-06-30,DOC000087,43|44,[p.43-44] A1; SINCE_INCEPTION -1.21%; 비교지수 2.69%
CLASS000998,FUND000085,1Y,-2.16,9.79,2025-06-30,DOC000087,43|44,[p.43-44] C1; 1Y -2.16%; 비교지수 9.79%
CLASS000998,FUND000085,2Y,2.13,9.45,2025-06-30,DOC000087,43|44,[p.43-44] C1; 2Y 2.13%; 비교지수 9.45%
CLASS000998,FUND000085,3Y,8.11,9.61,2025-06-30,DOC000087,43|44,[p.43-44] C1; 3Y 8.11%; 비교지수 9.61%
CLASS000998,FUND000085,SINCE_INCEPTION,8.66,4.85,2025-06-30,DOC000087,43|44,[p.43-44] C1; SINCE_INCEPTION 8.66%; 비교지수 4.85%
CLASS000999,FUND000085,1Y,-2.02,9.79,2025-06-30,DOC000087,43|44,[p.43-44] C2; 1Y -2.02%; 비교지수 9.79%
CLASS000999,FUND000085,2Y,2.29,9.45,2025-06-30,DOC000087,43|44,[p.43-44] C2; 2Y 2.29%; 비교지수 9.45%
CLASS000999,FUND000085,3Y,8.28,9.61,2025-06-30,DOC000087,43|44,[p.43-44] C2; 3Y 8.28%; 비교지수 9.61%
CLASS000999,FUND000085,SINCE_INCEPTION,1.04,-0.16,2025-06-30,DOC000087,43|44,[p.43-44] C2; SINCE_INCEPTION 1.04%; 비교지수 -0.16%
CLASS001000,FUND000085,1Y,-1.66,9.79,2025-06-30,DOC000087,43|44,[p.43-44] C3; 1Y -1.66%; 비교지수 9.79%
CLASS001000,FUND000085,2Y,2.66,9.45,2025-06-30,DOC000087,43|44,[p.43-44] C3; 2Y 2.66%; 비교지수 9.45%
CLASS001000,FUND000085,SINCE_INCEPTION,7.12,8.47,2025-06-30,DOC000087,43|44,[p.43-44] C3; SINCE_INCEPTION 7.12%; 비교지수 8.47%
CLASS001001,FUND000085,1Y,-1.56,9.79,2025-06-30,DOC000087,43|44,[p.43-44] C4; 1Y -1.56%; 비교지수 9.79%
CLASS001001,FUND000085,2Y,2.76,9.45,2025-06-30,DOC000087,43|44,[p.43-44] C4; 2Y 2.76%; 비교지수 9.45%
CLASS001001,FUND000085,3Y,8.77,9.61,2025-06-30,DOC000087,43|44,[p.43-44] C4; 3Y 8.77%; 비교지수 9.61%
CLASS001001,FUND000085,5Y,14.19,7.82,2025-06-30,DOC000087,43|44,[p.43-44] C4; 5Y 14.19%; 비교지수 7.82%
CLASS001001,FUND000085,SINCE_INCEPTION,-0.08,3.86,2025-06-30,DOC000087,43|44,[p.43-44] C4; SINCE_INCEPTION -0.08%; 비교지수 3.86%
CLASS001002,FUND000085,1Y,-1.64,9.79,2025-06-30,DOC000087,43|44,[p.43-44] C-e; 1Y -1.64%; 비교지수 9.79%
CLASS001002,FUND000085,2Y,2.68,9.45,2025-06-30,DOC000087,43|44,[p.43-44] C-e; 2Y 2.68%; 비교지수 9.45%
CLASS001002,FUND000085,3Y,8.68,9.61,2025-06-30,DOC000087,43|44,[p.43-44] C-e; 3Y 8.68%; 비교지수 9.61%
CLASS001002,FUND000085,5Y,14.09,7.82,2025-06-30,DOC000087,43|44,[p.43-44] C-e; 5Y 14.09%; 비교지수 7.82%
CLASS001002,FUND000085,SINCE_INCEPTION,-1.19,2.69,2025-06-30,DOC000087,43|44,[p.43-44] C-e; SINCE_INCEPTION -1.19%; 비교지수 2.69%
CLASS001005,FUND000085,1Y,-1.03,9.79,2025-06-30,DOC000087,43|44,[p.43-44] A-e; 1Y -1.03%; 비교지수 9.79%
CLASS001005,FUND000085,2Y,3.31,9.45,2025-06-30,DOC000087,43|44,[p.43-44] A-e; 2Y 3.31%; 비교지수 9.45%
CLASS001005,FUND000085,3Y,9.35,9.61,2025-06-30,DOC000087,43|44,[p.43-44] A-e; 3Y 9.35%; 비교지수 9.61%
CLASS001005,FUND000085,5Y,14.79,7.82,2025-06-30,DOC000087,43|44,[p.43-44] A-e; 5Y 14.79%; 비교지수 7.82%
CLASS001005,FUND000085,SINCE_INCEPTION,0.45,3.84,2025-06-30,DOC000087,43|44,[p.43-44] A-e; SINCE_INCEPTION 0.45%; 비교지수 3.84%
CLASS001006,FUND000085,1Y,-1.03,9.79,2025-06-30,DOC000087,43|44,[p.43-44] S; 1Y -1.03%; 비교지수 9.79%
CLASS001006,FUND000085,2Y,3.31,9.45,2025-06-30,DOC000087,43|44,[p.43-44] S; 2Y 3.31%; 비교지수 9.45%
CLASS001006,FUND000085,3Y,9.35,9.61,2025-06-30,DOC000087,43|44,[p.43-44] S; 3Y 9.35%; 비교지수 9.61%
CLASS001006,FUND000085,5Y,14.79,7.82,2025-06-30,DOC000087,43|44,[p.43-44] S; 5Y 14.79%; 비교지수 7.82%
CLASS001006,FUND000085,SINCE_INCEPTION,1.04,3.91,2025-06-30,DOC000087,43|44,[p.43-44] S; SINCE_INCEPTION 1.04%; 비교지수 3.91%
CLASS001007,FUND000085,1Y,-1.57,9.79,2025-06-30,DOC000087,43|44,[p.43-44] C-P; 1Y -1.57%; 비교지수 9.79%
CLASS001007,FUND000085,2Y,2.75,9.45,2025-06-30,DOC000087,43|44,[p.43-44] C-P; 2Y 2.75%; 비교지수 9.45%
CLASS001007,FUND000085,3Y,8.76,9.61,2025-06-30,DOC000087,43|44,[p.43-44] C-P; 3Y 8.76%; 비교지수 9.61%
CLASS001007,FUND000085,5Y,14.18,7.82,2025-06-30,DOC000087,43|44,[p.43-44] C-P; 5Y 14.18%; 비교지수 7.82%
CLASS001007,FUND000085,SINCE_INCEPTION,1.25,4.07,2025-06-30,DOC000087,43|44,[p.43-44] C-P; SINCE_INCEPTION 1.25%; 비교지수 4.07%
CLASS001009,FUND000085,1Y,-1.13,9.79,2025-06-30,DOC000087,43|44,[p.43-44] C-Pe; 1Y -1.13%; 비교지수 9.79%
CLASS001009,FUND000085,2Y,3.21,9.45,2025-06-30,DOC000087,43|44,[p.43-44] C-Pe; 2Y 3.21%; 비교지수 9.45%
CLASS001009,FUND000085,3Y,9.24,9.61,2025-06-30,DOC000087,43|44,[p.43-44] C-Pe; 3Y 9.24%; 비교지수 9.61%
CLASS001009,FUND000085,5Y,14.68,7.82,2025-06-30,DOC000087,43|44,[p.43-44] C-Pe; 5Y 14.68%; 비교지수 7.82%
CLASS001009,FUND000085,SINCE_INCEPTION,5.36,2.41,2025-06-30,DOC000087,43|44,[p.43-44] C-Pe; SINCE_INCEPTION 5.36%; 비교지수 2.41%
CLASS001010,FUND000085,1Y,-1.49,9.79,2025-06-30,DOC000087,43|44,[p.43-44] C-P2(퇴직연금); 1Y -1.49%; 비교지수 9.79%
CLASS001010,FUND000085,2Y,2.83,9.45,2025-06-30,DOC000087,43|44,[p.43-44] C-P2(퇴직연금); 2Y 2.83%; 비교지수 9.45%
CLASS001010,FUND000085,3Y,8.85,9.61,2025-06-30,DOC000087,43|44,[p.43-44] C-P2(퇴직연금); 3Y 8.85%; 비교지수 9.61%
CLASS001010,FUND000085,SINCE_INCEPTION,6.01,2.86,2025-06-30,DOC000087,43|44,[p.43-44] C-P2(퇴직연금); SINCE_INCEPTION 6.01%; 비교지수 2.86%
CLASS001011,FUND000085,1Y,-1.09,9.79,2025-06-30,DOC000087,43|44,[p.43-44] C-P2e(퇴직연금); 1Y -1.09%; 비교지수 9.79%
CLASS001011,FUND000085,2Y,3.25,9.45,2025-06-30,DOC000087,43|44,[p.43-44] C-P2e(퇴직연금); 2Y 3.25%; 비교지수 9.45%
CLASS001011,FUND000085,3Y,9.29,9.61,2025-06-30,DOC000087,43|44,[p.43-44] C-P2e(퇴직연금); 3Y 9.29%; 비교지수 9.61%
CLASS001011,FUND000085,SINCE_INCEPTION,1.34,-0.14,2025-06-30,DOC000087,43|44,[p.43-44] C-P2e(퇴직연금); SINCE_INCEPTION 1.34%; 비교지수 -0.14%
CLASS001014,FUND000086,1Y,5.33,5.43,2025-02-28,DOC000088,51,[p.51] C; 1Y 5.33%; 비교지수 5.43%
CLASS001014,FUND000086,2Y,4.97,5.18,2025-02-28,DOC000088,51,[p.51] C; 2Y 4.97%; 비교지수 5.18%
CLASS001014,FUND000086,3Y,2.75,3.19,2025-02-28,DOC000088,51,[p.51] C; 3Y 2.75%; 비교지수 3.19%
CLASS001014,FUND000086,5Y,1,1.49,2025-02-28,DOC000088,51,[p.51] C; 5Y 1%; 비교지수 1.49%
CLASS001014,FUND000086,SINCE_INCEPTION,2.95,4,2025-02-28,DOC000088,51,[p.51] C; SINCE_INCEPTION 2.95%; 비교지수 4%
CLASS001015,FUND000086,1Y,5.54,5.43,2025-02-28,DOC000088,51,[p.51] C-e; 1Y 5.54%; 비교지수 5.43%
CLASS001015,FUND000086,2Y,5.18,5.18,2025-02-28,DOC000088,51,[p.51] C-e; 2Y 5.18%; 비교지수 5.18%
CLASS001015,FUND000086,3Y,2.96,3.19,2025-02-28,DOC000088,51,[p.51] C-e; 3Y 2.96%; 비교지수 3.19%
CLASS001015,FUND000086,5Y,1.2,1.49,2025-02-28,DOC000088,51,[p.51] C-e; 5Y 1.2%; 비교지수 1.49%
CLASS001015,FUND000086,SINCE_INCEPTION,2.12,2.31,2025-02-28,DOC000088,51,[p.51] C-e; SINCE_INCEPTION 2.12%; 비교지수 2.31%
CLASS001016,FUND000086,1Y,5.62,5.43,2025-02-28,DOC000088,51,[p.51] S-P; 1Y 5.62%; 비교지수 5.43%
CLASS001016,FUND000086,2Y,5.26,5.18,2025-02-28,DOC000088,51,[p.51] S-P; 2Y 5.26%; 비교지수 5.18%
CLASS001016,FUND000086,3Y,3.03,3.19,2025-02-28,DOC000088,51,[p.51] S-P; 3Y 3.03%; 비교지수 3.19%
CLASS001016,FUND000086,5Y,1.28,1.49,2025-02-28,DOC000088,51,[p.51] S-P; 5Y 1.28%; 비교지수 1.49%
CLASS001016,FUND000086,SINCE_INCEPTION,2.3,2.46,2025-02-28,DOC000088,51,[p.51] S-P; SINCE_INCEPTION 2.3%; 비교지수 2.46%
CLASS001017,FUND000087,1Y,5.17,5.37,2025-02-28,DOC000089,57,[p.57] C; 1Y 5.17%; 비교지수 5.37%
CLASS001017,FUND000087,2Y,4.9,5.22,2025-02-28,DOC000089,57,[p.57] C; 2Y 4.9%; 비교지수 5.22%
CLASS001017,FUND000087,3Y,2.83,3.37,2025-02-28,DOC000089,57,[p.57] C; 3Y 2.83%; 비교지수 3.37%
CLASS001017,FUND000087,5Y,1.11,1.65,2025-02-28,DOC000089,57,[p.57] C; 5Y 1.11%; 비교지수 1.65%
CLASS001017,FUND000087,SINCE_INCEPTION,3.06,4.07,2025-02-28,DOC000089,57,[p.57] C; SINCE_INCEPTION 3.06%; 비교지수 4.07%
CLASS001018,FUND000087,1Y,5.37,5.37,2025-02-28,DOC000089,57,[p.57] C-e; 1Y 5.37%; 비교지수 5.37%
CLASS001018,FUND000087,2Y,5.1,5.22,2025-02-28,DOC000089,57,[p.57] C-e; 2Y 5.1%; 비교지수 5.22%
CLASS001018,FUND000087,3Y,3.03,3.37,2025-02-28,DOC000089,57,[p.57] C-e; 3Y 3.03%; 비교지수 3.37%
CLASS001018,FUND000087,5Y,1.31,1.65,2025-02-28,DOC000089,57,[p.57] C-e; 5Y 1.31%; 비교지수 1.65%
CLASS001018,FUND000087,SINCE_INCEPTION,1.65,1.91,2025-02-28,DOC000089,57,[p.57] C-e; SINCE_INCEPTION 1.65%; 비교지수 1.91%
CLASS001023,FUND000087,1Y,5.45,5.37,2025-02-28,DOC000089,57,[p.57] S-P; 1Y 5.45%; 비교지수 5.37%
CLASS001023,FUND000087,2Y,5.19,5.22,2025-02-28,DOC000089,57,[p.57] S-P; 2Y 5.19%; 비교지수 5.22%
CLASS001023,FUND000087,3Y,3.11,3.37,2025-02-28,DOC000089,57,[p.57] S-P; 3Y 3.11%; 비교지수 3.37%
CLASS001023,FUND000087,5Y,1.38,1.65,2025-02-28,DOC000089,57,[p.57] S-P; 5Y 1.38%; 비교지수 1.65%
CLASS001023,FUND000087,SINCE_INCEPTION,2.42,2.61,2025-02-28,DOC000089,57,[p.57] S-P; SINCE_INCEPTION 2.42%; 비교지수 2.61%
CLASS001030,FUND000088,1Y,3.54,2.66,2025-11-28,DOC000090,61|62,[p.61-62] C-F; 1Y 3.54%; 비교지수 2.66%
CLASS001030,FUND000088,2Y,5.36,3.47,2025-11-28,DOC000090,61|62,[p.61-62] C-F; 2Y 5.36%; 비교지수 3.47%
CLASS001030,FUND000088,3Y,6.43,3.8,2025-11-28,DOC000090,61|62,[p.61-62] C-F; 3Y 6.43%; 비교지수 3.8%
CLASS001030,FUND000088,5Y,3.71,2.46,2025-11-28,DOC000090,61|62,[p.61-62] C-F; 5Y 3.71%; 비교지수 2.46%
CLASS001030,FUND000088,SINCE_INCEPTION,3.18,2.06,2025-11-28,DOC000090,61|62,[p.61-62] C-F; SINCE_INCEPTION 3.18%; 비교지수 2.06%
CLASS001026,FUND000088,1Y,3.46,2.66,2025-11-28,DOC000090,61|62,[p.61-62] A-e; 1Y 3.46%; 비교지수 2.66%
CLASS001026,FUND000088,2Y,5.29,3.47,2025-11-28,DOC000090,61|62,[p.61-62] A-e; 2Y 5.29%; 비교지수 3.47%
CLASS001026,FUND000088,3Y,6.35,3.8,2025-11-28,DOC000090,61|62,[p.61-62] A-e; 3Y 6.35%; 비교지수 3.8%
CLASS001026,FUND000088,5Y,3.63,2.46,2025-11-28,DOC000090,61|62,[p.61-62] A-e; 5Y 3.63%; 비교지수 2.46%
CLASS001026,FUND000088,SINCE_INCEPTION,3.32,2.27,2025-11-28,DOC000090,61|62,[p.61-62] A-e; SINCE_INCEPTION 3.32%; 비교지수 2.27%
CLASS001034,FUND000088,1Y,3.34,2.66,2025-11-28,DOC000090,61|62,[p.61-62] C-R; 1Y 3.34%; 비교지수 2.66%
CLASS001034,FUND000088,2Y,5.17,3.47,2025-11-28,DOC000090,61|62,[p.61-62] C-R; 2Y 5.17%; 비교지수 3.47%
CLASS001034,FUND000088,3Y,6.23,3.8,2025-11-28,DOC000090,61|62,[p.61-62] C-R; 3Y 6.23%; 비교지수 3.8%
CLASS001034,FUND000088,5Y,3.51,2.46,2025-11-28,DOC000090,61|62,[p.61-62] C-R; 5Y 3.51%; 비교지수 2.46%
CLASS001034,FUND000088,SINCE_INCEPTION,3.21,2.27,2025-11-28,DOC000090,61|62,[p.61-62] C-R; SINCE_INCEPTION 3.21%; 비교지수 2.27%
CLASS001036,FUND000088,1Y,3.57,2.66,2025-11-28,DOC000090,61|62,[p.61-62] C-W; 1Y 3.57%; 비교지수 2.66%
CLASS001036,FUND000088,2Y,5.4,3.47,2025-11-28,DOC000090,61|62,[p.61-62] C-W; 2Y 5.4%; 비교지수 3.47%
CLASS001036,FUND000088,3Y,6.47,3.8,2025-11-28,DOC000090,61|62,[p.61-62] C-W; 3Y 6.47%; 비교지수 3.8%
CLASS001036,FUND000088,5Y,3.74,2.46,2025-11-28,DOC000090,61|62,[p.61-62] C-W; 5Y 3.74%; 비교지수 2.46%
CLASS001036,FUND000088,SINCE_INCEPTION,3.43,2.27,2025-11-28,DOC000090,61|62,[p.61-62] C-W; SINCE_INCEPTION 3.43%; 비교지수 2.27%
CLASS001035,FUND000088,1Y,3.45,2.66,2025-11-28,DOC000090,61|62,[p.61-62] C-Re; 1Y 3.45%; 비교지수 2.66%
CLASS001035,FUND000088,2Y,5.28,3.47,2025-11-28,DOC000090,61|62,[p.61-62] C-Re; 2Y 5.28%; 비교지수 3.47%
CLASS001035,FUND000088,3Y,6.35,3.8,2025-11-28,DOC000090,61|62,[p.61-62] C-Re; 3Y 6.35%; 비교지수 3.8%
CLASS001035,FUND000088,5Y,3.62,2.46,2025-11-28,DOC000090,61|62,[p.61-62] C-Re; 5Y 3.62%; 비교지수 2.46%
CLASS001035,FUND000088,SINCE_INCEPTION,3.3,2.25,2025-11-28,DOC000090,61|62,[p.61-62] C-Re; SINCE_INCEPTION 3.3%; 비교지수 2.25%
CLASS001038,FUND000088,1Y,3.47,2.66,2025-11-28,DOC000090,61|62,[p.61-62] S-P; 1Y 3.47%; 비교지수 2.66%
CLASS001038,FUND000088,2Y,5.3,3.47,2025-11-28,DOC000090,61|62,[p.61-62] S-P; 2Y 5.3%; 비교지수 3.47%
CLASS001038,FUND000088,3Y,6.37,3.8,2025-11-28,DOC000090,61|62,[p.61-62] S-P; 3Y 6.37%; 비교지수 3.8%
CLASS001038,FUND000088,5Y,3.64,2.46,2025-11-28,DOC000090,61|62,[p.61-62] S-P; 5Y 3.64%; 비교지수 2.46%
CLASS001038,FUND000088,SINCE_INCEPTION,3.34,2.27,2025-11-28,DOC000090,61|62,[p.61-62] S-P; SINCE_INCEPTION 3.34%; 비교지수 2.27%
CLASS001032,FUND000088,1Y,3.34,2.66,2025-11-28,DOC000090,61|62,[p.61-62] C-P; 1Y 3.34%; 비교지수 2.66%
CLASS001032,FUND000088,2Y,5.16,3.47,2025-11-28,DOC000090,61|62,[p.61-62] C-P; 2Y 5.16%; 비교지수 3.47%
CLASS001032,FUND000088,3Y,6.23,3.8,2025-11-28,DOC000090,61|62,[p.61-62] C-P; 3Y 6.23%; 비교지수 3.8%
CLASS001032,FUND000088,5Y,3.51,2.46,2025-11-28,DOC000090,61|62,[p.61-62] C-P; 5Y 3.51%; 비교지수 2.46%
CLASS001032,FUND000088,SINCE_INCEPTION,3.2,2.27,2025-11-28,DOC000090,61|62,[p.61-62] C-P; SINCE_INCEPTION 3.2%; 비교지수 2.27%
CLASS001033,FUND000088,1Y,3.45,2.66,2025-11-28,DOC000090,61|62,[p.61-62] C-Pe; 1Y 3.45%; 비교지수 2.66%
CLASS001033,FUND000088,2Y,5.28,3.47,2025-11-28,DOC000090,61|62,[p.61-62] C-Pe; 2Y 5.28%; 비교지수 3.47%
CLASS001033,FUND000088,3Y,6.35,3.8,2025-11-28,DOC000090,61|62,[p.61-62] C-Pe; 3Y 6.35%; 비교지수 3.8%
CLASS001033,FUND000088,5Y,3.62,2.46,2025-11-28,DOC000090,61|62,[p.61-62] C-Pe; 5Y 3.62%; 비교지수 2.46%
CLASS001033,FUND000088,SINCE_INCEPTION,3.32,2.27,2025-11-28,DOC000090,61|62,[p.61-62] C-Pe; SINCE_INCEPTION 3.32%; 비교지수 2.27%
CLASS001039,FUND000088,1Y,3.48,2.66,2025-11-28,DOC000090,61|62,[p.61-62] S-R; 1Y 3.48%; 비교지수 2.66%
CLASS001039,FUND000088,2Y,5.31,3.47,2025-11-28,DOC000090,61|62,[p.61-62] S-R; 2Y 5.31%; 비교지수 3.47%
CLASS001039,FUND000088,3Y,6.38,3.8,2025-11-28,DOC000090,61|62,[p.61-62] S-R; 3Y 6.38%; 비교지수 3.8%
CLASS001039,FUND000088,5Y,3.66,2.46,2025-11-28,DOC000090,61|62,[p.61-62] S-R; 5Y 3.66%; 비교지수 2.46%
CLASS001039,FUND000088,SINCE_INCEPTION,3.46,2.3,2025-11-28,DOC000090,61|62,[p.61-62] S-R; SINCE_INCEPTION 3.46%; 비교지수 2.3%
CLASS001037,FUND000088,1Y,3.46,2.66,2025-11-28,DOC000090,61|62,[p.61-62] S; 1Y 3.46%; 비교지수 2.66%
CLASS001037,FUND000088,2Y,5.29,3.47,2025-11-28,DOC000090,61|62,[p.61-62] S; 2Y 5.29%; 비교지수 3.47%
CLASS001037,FUND000088,3Y,6.36,3.8,2025-11-28,DOC000090,61|62,[p.61-62] S; 3Y 6.36%; 비교지수 3.8%
CLASS001037,FUND000088,5Y,3.63,2.46,2025-11-28,DOC000090,61|62,[p.61-62] S; 5Y 3.63%; 비교지수 2.46%
CLASS001037,FUND000088,SINCE_INCEPTION,3.04,2.38,2025-11-28,DOC000090,61|62,[p.61-62] S; SINCE_INCEPTION 3.04%; 비교지수 2.38%
CLASS001025,FUND000088,1Y,3.43,2.66,2025-11-28,DOC000090,61|62,[p.61-62] A1; 1Y 3.43%; 비교지수 2.66%
CLASS001025,FUND000088,2Y,5.26,3.47,2025-11-28,DOC000090,61|62,[p.61-62] A1; 2Y 5.26%; 비교지수 3.47%
CLASS001025,FUND000088,SINCE_INCEPTION,5.29,3.4,2025-11-28,DOC000090,61|62,[p.61-62] A1; SINCE_INCEPTION 5.29%; 비교지수 3.4%
CLASS001024,FUND000088,1Y,3.35,2.66,2025-11-28,DOC000090,61|62,[p.61-62] A; 1Y 3.35%; 비교지수 2.66%
CLASS001024,FUND000088,2Y,5.17,3.47,2025-11-28,DOC000090,61|62,[p.61-62] A; 2Y 5.17%; 비교지수 3.47%
CLASS001024,FUND000088,3Y,6.24,3.8,2025-11-28,DOC000090,61|62,[p.61-62] A; 3Y 6.24%; 비교지수 3.8%
CLASS001024,FUND000088,5Y,3.52,2.46,2025-11-28,DOC000090,61|62,[p.61-62] A; 5Y 3.52%; 비교지수 2.46%
CLASS001024,FUND000088,SINCE_INCEPTION,3.51,3.42,2025-11-28,DOC000090,61|62,[p.61-62] A; SINCE_INCEPTION 3.51%; 비교지수 3.42%
CLASS001028,FUND000088,1Y,3.33,2.66,2025-11-28,DOC000090,61|62,[p.61-62] C; 1Y 3.33%; 비교지수 2.66%
CLASS001028,FUND000088,2Y,5.15,3.47,2025-11-28,DOC000090,61|62,[p.61-62] C; 2Y 5.15%; 비교지수 3.47%
CLASS001028,FUND000088,3Y,6.22,3.8,2025-11-28,DOC000090,61|62,[p.61-62] C; 3Y 6.22%; 비교지수 3.8%
CLASS001028,FUND000088,5Y,3.5,2.46,2025-11-28,DOC000090,61|62,[p.61-62] C; 5Y 3.5%; 비교지수 2.46%
CLASS001028,FUND000088,SINCE_INCEPTION,3.49,3.42,2025-11-28,DOC000090,61|62,[p.61-62] C; SINCE_INCEPTION 3.49%; 비교지수 3.42%
CLASS001029,FUND000088,1Y,3.41,2.66,2025-11-28,DOC000090,61|62,[p.61-62] C-e; 1Y 3.41%; 비교지수 2.66%
CLASS001029,FUND000088,2Y,5.24,3.47,2025-11-28,DOC000090,61|62,[p.61-62] C-e; 2Y 5.24%; 비교지수 3.47%
CLASS001029,FUND000088,3Y,6.31,3.8,2025-11-28,DOC000090,61|62,[p.61-62] C-e; 3Y 6.31%; 비교지수 3.8%
CLASS001029,FUND000088,5Y,3.58,2.46,2025-11-28,DOC000090,61|62,[p.61-62] C-e; 5Y 3.58%; 비교지수 2.46%
CLASS001029,FUND000088,SINCE_INCEPTION,3.55,3.42,2025-11-28,DOC000090,61|62,[p.61-62] C-e; SINCE_INCEPTION 3.55%; 비교지수 3.42%
CLASS001042,FUND000089,1Y,-2.54,-3.14,2025-02-28,DOC000091,52,[p.52] S-P; 1Y -2.54%; 비교지수 -3.14%
CLASS001042,FUND000089,2Y,5.6,2.82,2025-02-28,DOC000091,52,[p.52] S-P; 2Y 5.6%; 비교지수 2.82%
CLASS001042,FUND000089,3Y,0.9,-1.13,2025-02-28,DOC000091,52,[p.52] S-P; 3Y 0.9%; 비교지수 -1.13%
CLASS001042,FUND000089,5Y,7.8,4.85,2025-02-28,DOC000091,52,[p.52] S-P; 5Y 7.8%; 비교지수 4.85%
CLASS001042,FUND000089,SINCE_INCEPTION,4.55,2.34,2025-02-28,DOC000091,52,[p.52] S-P; SINCE_INCEPTION 4.55%; 비교지수 2.34%
CLASS001040,FUND000089,1Y,-3.19,-3.14,2025-02-28,DOC000091,52,[p.52] C; 1Y -3.19%; 비교지수 -3.14%
CLASS001040,FUND000089,2Y,4.89,2.82,2025-02-28,DOC000091,52,[p.52] C; 2Y 4.89%; 비교지수 2.82%
CLASS001040,FUND000089,3Y,0.23,-1.13,2025-02-28,DOC000091,52,[p.52] C; 3Y 0.23%; 비교지수 -1.13%
CLASS001040,FUND000089,5Y,7.08,4.85,2025-02-28,DOC000091,52,[p.52] C; 5Y 7.08%; 비교지수 4.85%
CLASS001040,FUND000089,SINCE_INCEPTION,7.22,6.06,2025-02-28,DOC000091,52,[p.52] C; SINCE_INCEPTION 7.22%; 비교지수 6.06%
CLASS001041,FUND000089,1Y,-2.73,-3.14,2025-02-28,DOC000091,52,[p.52] C-e; 1Y -2.73%; 비교지수 -3.14%
CLASS001041,FUND000089,2Y,5.39,2.82,2025-02-28,DOC000091,52,[p.52] C-e; 2Y 5.39%; 비교지수 2.82%
CLASS001041,FUND000089,3Y,0.71,-1.13,2025-02-28,DOC000091,52,[p.52] C-e; 3Y 0.71%; 비교지수 -1.13%
CLASS001041,FUND000089,5Y,7.59,4.85,2025-02-28,DOC000091,52,[p.52] C-e; 5Y 7.59%; 비교지수 4.85%
CLASS001041,FUND000089,SINCE_INCEPTION,3.4,1.41,2025-02-28,DOC000091,52,[p.52] C-e; SINCE_INCEPTION 3.4%; 비교지수 1.41%
CLASS001045,FUND000090,1Y,28.46,15.91,2025-08-29,DOC000092,61|62,[p.61-62] A-e; 1Y 28.46%; 비교지수 15.91%
CLASS001045,FUND000090,2Y,21.28,8,2025-08-29,DOC000092,61|62,[p.61-62] A-e; 2Y 21.28%; 비교지수 8%
CLASS001045,FUND000090,3Y,15.38,5.42,2025-08-29,DOC000092,61|62,[p.61-62] A-e; 3Y 15.38%; 비교지수 5.42%
CLASS001045,FUND000090,5Y,13.88,6.32,2025-08-29,DOC000092,61|62,[p.61-62] A-e; 5Y 13.88%; 비교지수 6.32%
CLASS001045,FUND000090,SINCE_INCEPTION,7.59,3.78,2025-08-29,DOC000092,61|62,[p.61-62] A-e; SINCE_INCEPTION 7.59%; 비교지수 3.78%
CLASS001056,FUND000090,1Y,28.17,15.91,2025-08-29,DOC000092,61|62,[p.61-62] S; 1Y 28.17%; 비교지수 15.91%
CLASS001056,FUND000090,2Y,21,8,2025-08-29,DOC000092,61|62,[p.61-62] S; 2Y 21%; 비교지수 8%
CLASS001056,FUND000090,3Y,15.1,5.42,2025-08-29,DOC000092,61|62,[p.61-62] S; 3Y 15.1%; 비교지수 5.42%
CLASS001056,FUND000090,5Y,13.61,6.32,2025-08-29,DOC000092,61|62,[p.61-62] S; 5Y 13.61%; 비교지수 6.32%
CLASS001056,FUND000090,SINCE_INCEPTION,7.17,3.69,2025-08-29,DOC000092,61|62,[p.61-62] S; SINCE_INCEPTION 7.17%; 비교지수 3.69%
CLASS001057,FUND000090,1Y,28.25,15.91,2025-08-29,DOC000092,61|62,[p.61-62] S-P; 1Y 28.25%; 비교지수 15.91%
CLASS001057,FUND000090,2Y,21.08,8,2025-08-29,DOC000092,61|62,[p.61-62] S-P; 2Y 21.08%; 비교지수 8%
CLASS001057,FUND000090,3Y,15.18,5.42,2025-08-29,DOC000092,61|62,[p.61-62] S-P; 3Y 15.18%; 비교지수 5.42%
CLASS001057,FUND000090,5Y,13.69,6.32,2025-08-29,DOC000092,61|62,[p.61-62] S-P; 5Y 13.69%; 비교지수 6.32%
CLASS001057,FUND000090,SINCE_INCEPTION,7.26,3.69,2025-08-29,DOC000092,61|62,[p.61-62] S-P; SINCE_INCEPTION 7.26%; 비교지수 3.69%
CLASS001043,FUND000090,1Y,27.7,15.91,2025-08-29,DOC000092,61|62,[p.61-62] A; 1Y 27.7%; 비교지수 15.91%
CLASS001043,FUND000090,2Y,20.55,8,2025-08-29,DOC000092,61|62,[p.61-62] A; 2Y 20.55%; 비교지수 8%
CLASS001043,FUND000090,3Y,14.67,5.42,2025-08-29,DOC000092,61|62,[p.61-62] A; 3Y 14.67%; 비교지수 5.42%
CLASS001043,FUND000090,5Y,13.18,6.32,2025-08-29,DOC000092,61|62,[p.61-62] A; 5Y 13.18%; 비교지수 6.32%
CLASS001043,FUND000090,SINCE_INCEPTION,6.97,2.22,2025-08-29,DOC000092,61|62,[p.61-62] A; SINCE_INCEPTION 6.97%; 비교지수 2.22%
CLASS001047,FUND000090,1Y,27.37,15.91,2025-08-29,DOC000092,61|62,[p.61-62] C; 1Y 27.37%; 비교지수 15.91%
CLASS001047,FUND000090,2Y,20.23,8,2025-08-29,DOC000092,61|62,[p.61-62] C; 2Y 20.23%; 비교지수 8%
CLASS001047,FUND000090,3Y,14.37,5.42,2025-08-29,DOC000092,61|62,[p.61-62] C; 3Y 14.37%; 비교지수 5.42%
CLASS001047,FUND000090,5Y,12.88,6.32,2025-08-29,DOC000092,61|62,[p.61-62] C; 5Y 12.88%; 비교지수 6.32%
CLASS001047,FUND000090,SINCE_INCEPTION,6.63,2.22,2025-08-29,DOC000092,61|62,[p.61-62] C; SINCE_INCEPTION 6.63%; 비교지수 2.22%
CLASS001048,FUND000090,1Y,28.07,15.91,2025-08-29,DOC000092,61|62,[p.61-62] C-e; 1Y 28.07%; 비교지수 15.91%
CLASS001048,FUND000090,2Y,20.9,8,2025-08-29,DOC000092,61|62,[p.61-62] C-e; 2Y 20.9%; 비교지수 8%
CLASS001048,FUND000090,3Y,15.01,5.42,2025-08-29,DOC000092,61|62,[p.61-62] C-e; 3Y 15.01%; 비교지수 5.42%
CLASS001048,FUND000090,5Y,13.52,6.32,2025-08-29,DOC000092,61|62,[p.61-62] C-e; 5Y 13.52%; 비교지수 6.32%
CLASS001048,FUND000090,SINCE_INCEPTION,7.31,2.22,2025-08-29,DOC000092,61|62,[p.61-62] C-e; SINCE_INCEPTION 7.31%; 비교지수 2.22%
CLASS001055,FUND000090,1Y,28.6,15.91,2025-08-29,DOC000092,61|62,[p.61-62] C-W; 1Y 28.6%; 비교지수 15.91%
CLASS001055,FUND000090,2Y,21.41,8,2025-08-29,DOC000092,61|62,[p.61-62] C-W; 2Y 21.41%; 비교지수 8%
CLASS001055,FUND000090,3Y,15.5,5.42,2025-08-29,DOC000092,61|62,[p.61-62] C-W; 3Y 15.5%; 비교지수 5.42%
CLASS001055,FUND000090,5Y,14,6.32,2025-08-29,DOC000092,61|62,[p.61-62] C-W; 5Y 14%; 비교지수 6.32%
CLASS001055,FUND000090,SINCE_INCEPTION,5.48,2.17,2025-08-29,DOC000092,61|62,[p.61-62] C-W; SINCE_INCEPTION 5.48%; 비교지수 2.17%
CLASS001053,FUND000090,1Y,27.82,15.91,2025-08-29,DOC000092,61|62,[p.61-62] C-R; 1Y 27.82%; 비교지수 15.91%
CLASS001053,FUND000090,2Y,20.67,8,2025-08-29,DOC000092,61|62,[p.61-62] C-R; 2Y 20.67%; 비교지수 8%
CLASS001053,FUND000090,3Y,14.78,5.42,2025-08-29,DOC000092,61|62,[p.61-62] C-R; 3Y 14.78%; 비교지수 5.42%
CLASS001053,FUND000090,5Y,13.3,6.32,2025-08-29,DOC000092,61|62,[p.61-62] C-R; 5Y 13.3%; 비교지수 6.32%
CLASS001053,FUND000090,SINCE_INCEPTION,7.09,3.75,2025-08-29,DOC000092,61|62,[p.61-62] C-R; SINCE_INCEPTION 7.09%; 비교지수 3.75%
CLASS001044,FUND000090,1Y,28.32,15.91,2025-08-29,DOC000092,61|62,[p.61-62] A1; 1Y 28.32%; 비교지수 15.91%
CLASS001044,FUND000090,2Y,21.14,8,2025-08-29,DOC000092,61|62,[p.61-62] A1; 2Y 21.14%; 비교지수 8%
CLASS001044,FUND000090,3Y,15.25,5.42,2025-08-29,DOC000092,61|62,[p.61-62] A1; 3Y 15.25%; 비교지수 5.42%
CLASS001044,FUND000090,5Y,13.75,6.32,2025-08-29,DOC000092,61|62,[p.61-62] A1; 5Y 13.75%; 비교지수 6.32%
CLASS001044,FUND000090,SINCE_INCEPTION,6.84,3.3,2025-08-29,DOC000092,61|62,[p.61-62] A1; SINCE_INCEPTION 6.84%; 비교지수 3.3%
CLASS001050,FUND000090,1Y,27.74,15.91,2025-08-29,DOC000092,61|62,[p.61-62] C-G; 1Y 27.74%; 비교지수 15.91%
CLASS001050,FUND000090,2Y,20.59,8,2025-08-29,DOC000092,61|62,[p.61-62] C-G; 2Y 20.59%; 비교지수 8%
CLASS001050,FUND000090,3Y,14.71,5.42,2025-08-29,DOC000092,61|62,[p.61-62] C-G; 3Y 14.71%; 비교지수 5.42%
CLASS001050,FUND000090,5Y,13.22,6.32,2025-08-29,DOC000092,61|62,[p.61-62] C-G; 5Y 13.22%; 비교지수 6.32%
CLASS001050,FUND000090,SINCE_INCEPTION,6.08,2.77,2025-08-29,DOC000092,61|62,[p.61-62] C-G; SINCE_INCEPTION 6.08%; 비교지수 2.77%
CLASS001052,FUND000090,1Y,28.01,15.91,2025-08-29,DOC000092,61|62,[p.61-62] C-Pe; 1Y 28.01%; 비교지수 15.91%
CLASS001052,FUND000090,2Y,20.85,8,2025-08-29,DOC000092,61|62,[p.61-62] C-Pe; 2Y 20.85%; 비교지수 8%
CLASS001052,FUND000090,3Y,14.96,5.42,2025-08-29,DOC000092,61|62,[p.61-62] C-Pe; 3Y 14.96%; 비교지수 5.42%
CLASS001052,FUND000090,5Y,13.47,6.32,2025-08-29,DOC000092,61|62,[p.61-62] C-Pe; 5Y 13.47%; 비교지수 6.32%
CLASS001052,FUND000090,SINCE_INCEPTION,6.62,3.03,2025-08-29,DOC000092,61|62,[p.61-62] C-Pe; SINCE_INCEPTION 6.62%; 비교지수 3.03%
CLASS001049,FUND000090,1Y,24.71,0.26,2025-08-29,DOC000092,61|62,[p.61-62] C-F; 1Y 24.71%; 비교지수 0.26%
CLASS001049,FUND000090,2Y,11.66,0.13,2025-08-29,DOC000092,61|62,[p.61-62] C-F; 2Y 11.66%; 비교지수 0.13%
CLASS001049,FUND000090,3Y,7.63,0.09,2025-08-29,DOC000092,61|62,[p.61-62] C-F; 3Y 7.63%; 비교지수 0.09%
CLASS001049,FUND000090,5Y,7.8,0.06,2025-08-29,DOC000092,61|62,[p.61-62] C-F; 5Y 7.8%; 비교지수 0.06%
CLASS001049,FUND000090,SINCE_INCEPTION,4.71,-2.05,2025-08-29,DOC000092,61|62,[p.61-62] C-F; SINCE_INCEPTION 4.71%; 비교지수 -2.05%
CLASS001054,FUND000090,1Y,28.21,15.91,2025-08-29,DOC000092,61|62,[p.61-62] C-Re; 1Y 28.21%; 비교지수 15.91%
CLASS001054,FUND000090,2Y,21.04,8,2025-08-29,DOC000092,61|62,[p.61-62] C-Re; 2Y 21.04%; 비교지수 8%
CLASS001054,FUND000090,3Y,15.14,5.42,2025-08-29,DOC000092,61|62,[p.61-62] C-Re; 3Y 15.14%; 비교지수 5.42%
CLASS001054,FUND000090,5Y,13.65,6.32,2025-08-29,DOC000092,61|62,[p.61-62] C-Re; 5Y 13.65%; 비교지수 6.32%
CLASS001054,FUND000090,SINCE_INCEPTION,6.32,2.71,2025-08-29,DOC000092,61|62,[p.61-62] C-Re; SINCE_INCEPTION 6.32%; 비교지수 2.71%
CLASS001051,FUND000090,1Y,27.43,15.91,2025-08-29,DOC000092,61|62,[p.61-62] C-P; 1Y 27.43%; 비교지수 15.91%
CLASS001051,FUND000090,2Y,20.29,8,2025-08-29,DOC000092,61|62,[p.61-62] C-P; 2Y 20.29%; 비교지수 8%
CLASS001051,FUND000090,3Y,14.42,5.42,2025-08-29,DOC000092,61|62,[p.61-62] C-P; 3Y 14.42%; 비교지수 5.42%
CLASS001051,FUND000090,5Y,12.94,6.32,2025-08-29,DOC000092,61|62,[p.61-62] C-P; 5Y 12.94%; 비교지수 6.32%
CLASS001051,FUND000090,SINCE_INCEPTION,7.04,3.83,2025-08-29,DOC000092,61|62,[p.61-62] C-P; SINCE_INCEPTION 7.04%; 비교지수 3.83%
CLASS001065,FUND000091,1Y,75.21,70.77,2025-10-31,DOC000093,54|55,[p.54-55] C-Pe; 1Y 75.21%; 비교지수 70.77%
CLASS001065,FUND000091,2Y,41.28,37.65,2025-10-31,DOC000093,54|55,[p.54-55] C-Pe; 2Y 41.28%; 비교지수 37.65%
CLASS001065,FUND000091,3Y,27.47,24.57,2025-10-31,DOC000093,54|55,[p.54-55] C-Pe; 3Y 27.47%; 비교지수 24.57%
CLASS001065,FUND000091,5Y,16.48,13.95,2025-10-31,DOC000093,54|55,[p.54-55] C-Pe; 5Y 16.48%; 비교지수 13.95%
CLASS001065,FUND000091,SINCE_INCEPTION,9.5,7.16,2025-10-31,DOC000093,54|55,[p.54-55] C-Pe; SINCE_INCEPTION 9.5%; 비교지수 7.16%
CLASS001059,FUND000091,1Y,75.29,70.77,2025-10-31,DOC000093,54|55,[p.54-55] A-e; 1Y 75.29%; 비교지수 70.77%
CLASS001059,FUND000091,2Y,41.34,37.65,2025-10-31,DOC000093,54|55,[p.54-55] A-e; 2Y 41.34%; 비교지수 37.65%
CLASS001059,FUND000091,3Y,27.52,24.57,2025-10-31,DOC000093,54|55,[p.54-55] A-e; 3Y 27.52%; 비교지수 24.57%
CLASS001059,FUND000091,5Y,16.53,13.95,2025-10-31,DOC000093,54|55,[p.54-55] A-e; 5Y 16.53%; 비교지수 13.95%
CLASS001059,FUND000091,SINCE_INCEPTION,9.83,7.43,2025-10-31,DOC000093,54|55,[p.54-55] A-e; SINCE_INCEPTION 9.83%; 비교지수 7.43%
CLASS001060,FUND000091,1Y,74.99,70.77,2025-10-31,DOC000093,54|55,[p.54-55] A-H; 1Y 74.99%; 비교지수 70.77%
CLASS001060,FUND000091,2Y,41.08,37.65,2025-10-31,DOC000093,54|55,[p.54-55] A-H; 2Y 41.08%; 비교지수 37.65%
CLASS001060,FUND000091,3Y,27.29,24.57,2025-10-31,DOC000093,54|55,[p.54-55] A-H; 3Y 27.29%; 비교지수 24.57%
CLASS001060,FUND000091,5Y,16.32,13.95,2025-10-31,DOC000093,54|55,[p.54-55] A-H; 5Y 16.32%; 비교지수 13.95%
CLASS001060,FUND000091,SINCE_INCEPTION,6.41,4.96,2025-10-31,DOC000093,54|55,[p.54-55] A-H; SINCE_INCEPTION 6.41%; 비교지수 4.96%
CLASS001061,FUND000091,1Y,74,70.77,2025-10-31,DOC000093,54|55,[p.54-55] C; 1Y 74%; 비교지수 70.77%
CLASS001061,FUND000091,2Y,40.25,37.65,2025-10-31,DOC000093,54|55,[p.54-55] C; 2Y 40.25%; 비교지수 37.65%
CLASS001061,FUND000091,3Y,26.53,24.57,2025-10-31,DOC000093,54|55,[p.54-55] C; 3Y 26.53%; 비교지수 24.57%
CLASS001061,FUND000091,5Y,15.62,13.95,2025-10-31,DOC000093,54|55,[p.54-55] C; 5Y 15.62%; 비교지수 13.95%
CLASS001061,FUND000091,SINCE_INCEPTION,7.2,6.42,2025-10-31,DOC000093,54|55,[p.54-55] C; SINCE_INCEPTION 7.2%; 비교지수 6.42%
CLASS001058,FUND000091,1Y,74.96,70.77,2025-10-31,DOC000093,54|55,[p.54-55] A; 1Y 74.96%; 비교지수 70.77%
CLASS001058,FUND000091,2Y,41.06,37.65,2025-10-31,DOC000093,54|55,[p.54-55] A; 2Y 41.06%; 비교지수 37.65%
CLASS001058,FUND000091,3Y,27.27,24.57,2025-10-31,DOC000093,54|55,[p.54-55] A; 3Y 27.27%; 비교지수 24.57%
CLASS001058,FUND000091,5Y,16.3,13.95,2025-10-31,DOC000093,54|55,[p.54-55] A; 5Y 16.3%; 비교지수 13.95%
CLASS001058,FUND000091,SINCE_INCEPTION,7.85,6.37,2025-10-31,DOC000093,54|55,[p.54-55] A; SINCE_INCEPTION 7.85%; 비교지수 6.37%
CLASS001062,FUND000091,1Y,74.8,70.77,2025-10-31,DOC000093,54|55,[p.54-55] C-e; 1Y 74.8%; 비교지수 70.77%
CLASS001062,FUND000091,2Y,40.93,37.65,2025-10-31,DOC000093,54|55,[p.54-55] C-e; 2Y 40.93%; 비교지수 37.65%
CLASS001062,FUND000091,3Y,27.15,24.57,2025-10-31,DOC000093,54|55,[p.54-55] C-e; 3Y 27.15%; 비교지수 24.57%
CLASS001062,FUND000091,5Y,16.19,13.95,2025-10-31,DOC000093,54|55,[p.54-55] C-e; 5Y 16.19%; 비교지수 13.95%
CLASS001062,FUND000091,SINCE_INCEPTION,7.68,6.3,2025-10-31,DOC000093,54|55,[p.54-55] C-e; SINCE_INCEPTION 7.68%; 비교지수 6.3%
CLASS001067,FUND000091,1Y,75.34,70.77,2025-10-31,DOC000093,54|55,[p.54-55] S; 1Y 75.34%; 비교지수 70.77%
CLASS001067,FUND000091,2Y,41.38,37.65,2025-10-31,DOC000093,54|55,[p.54-55] S; 2Y 41.38%; 비교지수 37.65%
CLASS001067,FUND000091,3Y,27.56,24.57,2025-10-31,DOC000093,54|55,[p.54-55] S; 3Y 27.56%; 비교지수 24.57%
CLASS001067,FUND000091,5Y,16.56,13.95,2025-10-31,DOC000093,54|55,[p.54-55] S; 5Y 16.56%; 비교지수 13.95%
CLASS001067,FUND000091,SINCE_INCEPTION,9.16,7.16,2025-10-31,DOC000093,54|55,[p.54-55] S; SINCE_INCEPTION 9.16%; 비교지수 7.16%
CLASS001068,FUND000091,1Y,75.38,70.77,2025-10-31,DOC000093,54|55,[p.54-55] S-P; 1Y 75.38%; 비교지수 70.77%
CLASS001068,FUND000091,2Y,41.41,37.65,2025-10-31,DOC000093,54|55,[p.54-55] S-P; 2Y 41.41%; 비교지수 37.65%
CLASS001068,FUND000091,3Y,27.59,24.57,2025-10-31,DOC000093,54|55,[p.54-55] S-P; 3Y 27.59%; 비교지수 24.57%
CLASS001068,FUND000091,5Y,16.59,13.95,2025-10-31,DOC000093,54|55,[p.54-55] S-P; 5Y 16.59%; 비교지수 13.95%
CLASS001068,FUND000091,SINCE_INCEPTION,9.17,7.16,2025-10-31,DOC000093,54|55,[p.54-55] S-P; SINCE_INCEPTION 9.17%; 비교지수 7.16%
CLASS001064,FUND000091,1Y,74.82,70.77,2025-10-31,DOC000093,54|55,[p.54-55] C-P; 1Y 74.82%; 비교지수 70.77%
CLASS001064,FUND000091,2Y,40.94,37.65,2025-10-31,DOC000093,54|55,[p.54-55] C-P; 2Y 40.94%; 비교지수 37.65%
CLASS001064,FUND000091,3Y,27.17,24.57,2025-10-31,DOC000093,54|55,[p.54-55] C-P; 3Y 27.17%; 비교지수 24.57%
CLASS001064,FUND000091,5Y,16.2,13.95,2025-10-31,DOC000093,54|55,[p.54-55] C-P; 5Y 16.2%; 비교지수 13.95%
CLASS001064,FUND000091,SINCE_INCEPTION,8.98,7.37,2025-10-31,DOC000093,54|55,[p.54-55] C-P; SINCE_INCEPTION 8.98%; 비교지수 7.37%
CLASS001069,FUND000092,1Y,5.99,5.43,2025-02-28,DOC000094,45,[p.45] C; 1Y 5.99%; 비교지수 5.43%
CLASS001069,FUND000092,2Y,5.39,5.18,2025-02-28,DOC000094,45,[p.45] C; 2Y 5.39%; 비교지수 5.18%
CLASS001069,FUND000092,3Y,3.07,3.19,2025-02-28,DOC000094,45,[p.45] C; 3Y 3.07%; 비교지수 3.19%
CLASS001069,FUND000092,5Y,0.98,1.33,2025-02-28,DOC000094,45,[p.45] C; 5Y 0.98%; 비교지수 1.33%
CLASS001069,FUND000092,SINCE_INCEPTION,3.2,3.63,2025-02-28,DOC000094,45,[p.45] C; SINCE_INCEPTION 3.2%; 비교지수 3.63%
CLASS001070,FUND000092,1Y,6.2,5.43,2025-02-28,DOC000094,45,[p.45] C-e; 1Y 6.2%; 비교지수 5.43%
CLASS001070,FUND000092,2Y,5.6,5.18,2025-02-28,DOC000094,45,[p.45] C-e; 2Y 5.6%; 비교지수 5.18%
CLASS001070,FUND000092,3Y,3.27,3.19,2025-02-28,DOC000094,45,[p.45] C-e; 3Y 3.27%; 비교지수 3.19%
CLASS001070,FUND000092,5Y,1.18,1.33,2025-02-28,DOC000094,45,[p.45] C-e; 5Y 1.18%; 비교지수 1.33%
CLASS001070,FUND000092,SINCE_INCEPTION,2.07,2.25,2025-02-28,DOC000094,45,[p.45] C-e; SINCE_INCEPTION 2.07%; 비교지수 2.25%
CLASS001071,FUND000092,1Y,6.31,5.43,2025-02-28,DOC000094,45,[p.45] S-R; 1Y 6.31%; 비교지수 5.43%
CLASS001071,FUND000092,2Y,5.71,5.18,2025-02-28,DOC000094,45,[p.45] S-R; 2Y 5.71%; 비교지수 5.18%
CLASS001071,FUND000092,3Y,3.38,3.19,2025-02-28,DOC000094,45,[p.45] S-R; 3Y 3.38%; 비교지수 3.19%
CLASS001071,FUND000092,5Y,1.29,1.33,2025-02-28,DOC000094,45,[p.45] S-R; 5Y 1.29%; 비교지수 1.33%
CLASS001071,FUND000092,SINCE_INCEPTION,1.6,1.62,2025-02-28,DOC000094,45,[p.45] S-R; SINCE_INCEPTION 1.6%; 비교지수 1.62%
